id,series,date,title,area,category,n_coords,lon,lat,depth_triples,description
2578,NW-M-2492-15,2015-12-09,Shallower waters than advertised - Harbour entrance to Pinkneys Point,Lurcher,Shallow Depth Reported,1,-66.0749,43.7165,[],Shallower waters than advertised have been reported in the harbour entrance to Pinkneys Point. Caution.
7456,NW-A-0149-18,2018-09-26,Waterway information,Ungava,Shallow Depth Reported,3,-66.42973333333333,58.962133333333334,"[[58.962133333333334, -66.42973333333333, 15.7], [58.975316666666664, -67.06443333333333, 42.0], [58.97815, -67.31708333333333, 45.0]]","Shallower depths located at: 58 57.728N 066 25.784W, 15.7 metres, chart 5373 58 58.519N 067 03.866W, 42 metres, chart 5374 58 58.689N 067 19.025W, 45 metres, chart 5375 Depths are reduced to CHS Chart Datum and horizontal positions are based on NAD83."
7477,NW-A-0166-18,2018-10-06,Waterway information,Shipping Safety Control Zone 15 Vicinity Forbes Sound,Shoal,2,-64.81998333333334,60.3811,"[[60.3811, -64.81998333333334, 6.4], [60.380516666666665, -64.82936666666667, 17.8]]","Shoals located at: 60 22.866N 064 49.199W, 6.4 metres 60 22.831N 064 49.762W, 17.8 metres"
7489,NW-A-0181-18,2018-10-14,Waterway information,Shipping Safety Control Zone 15 Vicinity Negus Bay,Shoal,5,-76.33585,64.27031666666667,[],"Shoals located at: 64 16.219N, 076 20.151W, 3 fathoms 64 15.738N, 076 21.170W, 1 fathom, 2 feet 64 15.745N, 076 20.839W, 4 fathoms, 3 feet 64 14.806N, 076 22.456W, 5 fathoms, 1 foot 64 14.346N, 076 22.704W, 11 fathoms, 5 feet"
25276,NW-M-1673-19,2019-08-19,Waterway information Cancels NW-M-1661-19,"Cabot Strait - south Vicinity Mira Gut, N.S.",Shallow Depth Reported,1,-59.96773791312758,46.035819675864,[],"Mira Gut channel may be impassible at low tide, due to inadequate water depths."
29464,NW-A-0183-19,2019-09-29,Waterway information,Shipping Safety Control Zone 15,Shoal,1,-72.3,63.43333333333333,[],The Canadian Hydrographic Service has found the following shoal depth on the approaches to Markham Bay: 19 fathoms at 63 26N 072 18W. Please note that chart 5450 is on an unknown datum. The position of this Navigational Warning has been scaled to agree with chart 5450.
29467,NW-A-0184-19,2019-09-29,Waterway information,Shipping Safety Control Zone 15,Shoal,1,-72.21666666666667,63.425,[],The Canadian Hydrographic Service has found an uncharted islet on the approaches to Markham Bay at position 63 25.5N 072 13.0W. Please note that chart 5450 is on an unknown datum. The position of this Navigational Warning has been scaled to agree with chart 5450.
29470,NW-A-0185-19,2019-09-29,Waterway information,Shipping Safety Control Zone 15,Shoal,1,-72.2,63.5,[],"The Canadian Hydrographic Service has found an uncharted islet on the approaches to Markham Bay at position 63 30N, 072 12W. Please note that chart 5450 is on an unknown datum. The position of this Navigational Warning has been scaled to agree with chart 5450."
29476,NW-A-0186-19,2019-09-29,Waterway information,Shipping Safety Control Zone 15,Shoal,1,-72.125,63.61666666666667,[],The Canadian Hydrographic Service has found an uncharted islet on the approaches to Aberdeen Bay at position 63 37.0N 072 07.5w. Please note that chart 5450 is on an unknown datum. The position of this Navigational Warning has been scaled to agree with chart 5450.
29482,NW-A-0187-19,2019-09-29,Waterway information,Shipping Safety Control Zone 15,Shoal,1,-72.18333333333334,63.638333333333335,[],The Canadian Hydrographic Service has found an uncharted islet on the approaches to Aberdeen Bay at position 63 38.3N 072 11.0w. Please note that chart 5450 is on an unknown datum. The position of this Navigational Warning has been scaled to agree with chart 5450.
38488,NW-M-0071-20,2020-01-16,Waterway information,Southwestern Shore Vicinity Pollock Point,Shallow Depth Reported,1,-64.48832444444444,44.141508333333334,[],Canadian Hydrographic Service reports shallow depth of 1.9 meter in 44 08 29.430N 064 29 17.968W (depths are in meters below Chart Datum and horizontal positions are based on NAD83). Caution.
38551,NW-M-0076-20,2020-01-17,Waterway information Cancels NW-M-0074-20,Southwestern Shore,Shallow Depth Reported,11,-64.54556666666667,44.11796666666667,[],Shallower depths have been identified in an area bounded by the following coordinates : 44 7.078N 064 32.734W 44 6.996N 064 31.592W 44 6.691N 064 30.483W 44 6.138N 064 30.16W 44 5.273N 064 30.37W 44 5.019N 064 31.618W 44 3.472N 064 31.849W 44 2.532N 064 33.445W 44 2.332N 064 36.816W 44 3.638N 064 37.932W 44 7.078N 064 32.734W Shallower depths located at: Latitude Longitude Depth (in fathoms) 44 05
38554,NW-M-0077-20,2020-01-17,Waterway information,Southwestern Shore,Shallow Depth Reported,9,-64.6039,44.1443,[],Shallower depths have been identified in an area bounded by the following coordinates: 44 8.658N 064 36.234W 44 9.135N 064 35.957W 44 9.128N 064 32.439W 44 8.852N 064 30.19W 44 7.945N 064 28.216W 44 6.931N 064 30.161W 44 7.184N 064 32.099W 44 8.108N 064 34.789W 44 8.658N 064 36.234W Shallower depths located at: Latitude Longitude Depth (in fathoms) 44 08 03.679N 064 29 16.744W 4.3 44 08 10.666N 06
38572,NW-M-0079-20,2020-01-17,Waterway information Cancels NW-M-0078-20,Southwestern Shore,Shallow Depth Reported,7,-64.65941666666667,44.01873333333333,[],Shallower depths have been identified in an area bounded by the following coordinates: 44 1.124N 064 39.565W 44 1.595N 064 40.636W 44 2.276N 064 41.052W 44 2.928N 064 38.888W 44 3.663N 064 37.505W 44 3.366N 064 37.44W 44 1.124N 064 39.565W Shallower depths located at : Latitude Longitude Depth (in feet) 44 2.306N 064 39.108W 27 44 1.342N 064 39.815W 15 44 2.159N 064 39.991W 39 44 2.298N 064 40.643
41623,NW-M-0349-20,2020-03-12,Waterway information,"Gulf - Magdalen - south Vicinity North Rustico, PEI",Shallow Depth Reported,0,,,[],Shallower depths reported at; Latitude Longitude Depth (Ft) 46 25.940N 063 14.110W 1.0 46 25.790N 063 15.240W 1.0 46 25.850N 063 15.410W 2.0 46 26.000N 063 15.940W 3.0 46 26.800N 063 18.300W 2.0 46 27.000N 063 18.190W 2.0 46 27.280N 063 17.390W 0.0 46 27.390N 063 17.360W -1.0 46 27.390N 063 17.300W 0.0 Available depth refers to chart datum. Caution.
51772,NW-A-0035-20,2020-07-10,Waterway information Cancels NW-A-0034-20,Shipping Safety Control Zone 14,Shallow Depth Reported,2,-78.23366666666666,62.382333333333335,[],The canadian hyrdrographic service found the following depths less than charted in Hudson Strait area. 62 22.94N 078 14.02W at a depth of 24 fathoms 62 22.77N 078 15.49W at a depth of 25 fathoms.
52249,NW-N-0828-20,2020-07-15,Obstruction,Northeast Coast,Submerged Object,1,-54.16538333333333,49.73355,[],Submerged buoy mooring located in vicinity of 49 44.013N 054 09.923W. Caution.
73447,NW-M-0481-21,2021-04-13,Waterway information,"Northumberland Strait Vicinity Saint-Édouard, N.B.",Shallow Depth Reported,1,-64.69863333333333,46.540483333333334,[],A sandbar is blocking the channel entrance at 46 32 25.74224N 064 41 55.1016W. Depths as shallow as 1.46 metres above chart datum have been surveyed.
73450,NW-M-0482-21,2021-04-13,Waterway information,"Northumberland Strait Vicinity Cap Lumière, N.B.",Shallow Depth Reported,1,-64.71035,46.67313333333333,[],A sandbar has been located near the harbour entrance at 46 40 23.30884N 064 42 37.25819W. Depths are as shallow as 0.1 metre above chart datum.
75443,NW-P-0619-21,2021-05-05,Obstruction,Fraser River Vancouver Harbour,Submerged Object,1,-123.10383333333333,49.2735,[],Submerged concrete pilings approximately 2 feet below the water surface reported in False Creek in the vicinity of Science World located at 49 16.450N 123 06.230W. Caution
97718,NW-P-0101-22,2022-01-18,Obstruction - sunken vessel,BC Inland Waterways and Lakes,Submerged Object,1,-117.21528333333333,49.58,[],A sunken sailing vessel reported in West Arm Kootney Lake in the vicinity of 49 34.800N 117 12.917W. Mast showing above the waterline. Caution.
108670,NW-H-0068-22,2022-06-14,Obstruction,Great Slave Lake Vicinity Back Bay,Obstruction (Other) Submerged Object,1,-114.34335,62.48185,[],Semi submerged propane tank reported in position 62 28.911N 114 20.601W. Tank moored to bottom. Caution.
115214,NW-P-1035-22,2022-08-15,Obstruction,Strait of Georgia,Submerged Object,1,-123.68546666666667,49.070816666666666,[],"A partially submerged embedded piling has been reported north of Pylades Island in the vicinity of 49 04.249N 123 41.128W. The piling is 30 cm in diameter, with 4 large spikes extending outward. Caution."
116795,NW-P-1168-22,2022-09-04,Obstruction Cancels NW-P-1167-22,Strait of Georgia,Submerged Object,1,-123.78535,49.464016666666666,[],"Partially submerged 30 foot vessel 3 feet showing above the water at the bow, attached to a buoy in the Strait of Georgia in the vicinity of 49 27.841N 123 47.121W Caution."
117637,NW-M-1650-22,2022-09-14,Obstruction,Chaleur - Miscou - south Vicinity Northwest Miramichi River,Submerged Object,7,-65.82041932083177,46.94497693622493,[],Presence of unmarked hazards which may be submerged in the vicinity of the Sunny Corner Bridge. Caution
121093,NW-A-0156-22,2022-10-18,Obstruction,Arctic Vicinity Chesterfield Narrows,Submerged Object,1,-94.315,63.99333333333333,[],"Submerged object, depth less than 4.8 meters."
122152,NW-A-0170-22,2022-10-28,Waterway information,Belcher,Shallow Depth Reported,1,-76.92218333333334,57.486266666666666,[],"Shallower depth, 19.1 meters"
138940,NW-M-0811-23,2023-06-22,Waterway information,Chaleur - Miscou - south Vicinity Escuminac Harbour,Shoal,3,-64.88675006666666,47.081417433333336,[],A Post-Dredge survey has identified the following shoal areas not identified by navigational aids in Escuminac Harbour: Latitude Longitude Depth (m) 47 04.885N 064 53.205W 0.5 47 04.959N 064 53.274W 0.7 47 04.970N 064 53.221W 1.0 Caution
139516,NW-N-0796-23,2023-06-28,Waterway information,Southwest Coast,Sandspit or Sandbar Change,1,-55.552012245153605,47.44659513004973,[],Boxey Habour Authority advises a large sandbar outside of the breakwater to the harbour. Caution.
139619,NW-P-0832-23,2023-06-29,Obstruction - Submerged Structure,Douglas Channel & Gardner Canal,Submerged Object,1,-128.68666666666667,53.99388888888889,[],Submerged concrete structure reported in Kitimat Harbour at 53 59.633N 128 41.200W. It is marked with a coloured hazard buoy with orange stripes and orange diamond shapes.
139741,NW-C-1108-23,2023-06-30,Aids to Navigation,Lake Erie Vicinity Point Pelee,RACON Aids Southeast Shoal light LL 597,1,-82.46279138888889,41.826344722222224,[],RACON out of service
140527,NW-A-0045-23,2023-07-07,Obstruction,Great Slave Lake Vicinity Mosher Island,Submerged Object,1,-114.34491666666666,62.442116666666664,[],Report of a large tire partially submerged East of Mosher Island.
140695,NW-M-0914-23,2023-07-10,Obstruction,Fundy Vicinity Walton River,Submerged Object,4,-64.01761027474458,45.23235072697167,[],4 large semi-submerged shipping containers in the Walton River. 3 Containers are off the old Walton wharf and one is off Half Tide rock. Caution.
141616,NW-P-0924-23,2023-07-19,Obstruction - Submerged Object,West Coast Vancouver Island South,Submerged Object,1,-125.8315,49.12741666666667,[],"An uncharted can buoy reported just below the surface in Browning Passage at 49 07.645N 125 49.890W. Metal silver can, 3-4ft in diameter."
143239,NW-A-0083-23,2023-08-04,Waterway information,Tulita mile 512 to Fort Good Hope mile 684 Vicinity Hume Island,Shallow Depth Reported,0,,,[],
143977,NW-C-1516-23,2023-08-11,Waterway information,Welland Canal Vicinity Thorold,Shallow Depth Reported,4,-79.19795,43.11188333333333,"[[43.1121, -79.19773333333333, 7.8]]",Shallower depth located in an area bounded by: 43 06.713N 079 11.877W 43 06.776N 079 11.855W 43 06.775N 079 11.852W 43 06.726N 079 11.864W Least depth 7.8 metres.
144127,NW-M-1110-23,2023-08-12,Obstruction,Halifax Harbour and Approaches Vicinity Halifax Harbour,Submerged Object,1,-63.54958333333333,44.62768333333333,[],Partially submerged heavy line measuring 2 inches in diametre in 44 37.661N 063 32.975W
145951,NW-M-1272-23,2023-08-31,Obstruction,Northumberland Strait Vicinity Rocky Point,Submerged Object,1,-63.138333333333335,46.20666666666666,[],Semi submerged vessel in 46 12.4N 063 08.3W
156182,NW-M-0101-24,2024-01-22,Waterway information,Eastern Shore,Shoal,1,-60.9048,45.2732,[],As a result of hydrographic survey the following shallower depths were found at: Latitude Longitude Depth (m) 45 16.392N 060 54.288W 16.5
156275,NW-N-0048-24,2024-01-24,Waterway information - Shallower depths identified,South Coast Vicinity St. Lawrence Harbour,Shallow Depth Reported,0,,,[],Sounding surveys have identified shallower depths in the following locations: Latitude Longitude Depth (metres) 46 54.549N 055 23.092W Dry 0.03 Latitude Longitude Depth (metres) 46 54.413N 055 23.005W 0.91 Latitude Longitude Depth (metres) 46 55.029N 055 23.424W 2.44 Latitude Longitude Depth (metres) 46 54.483N 055 23.044W 3.05 Latitude Longitude Depth (metres) 46 54.137N 055 22.201W 3.66 Latitude
156652,NW-M-0126-24,2024-01-27,Waterway information,Eastern Shore Fourchu,Shallow Depth Reported,2,-60.9362,45.32496666666667,"[[45.32496666666667, -60.9362, 8.4], [45.21403333333333, -61.02803333333333, 19.3]]",As a result of hydrographic survey the following shallower depths were found at: Latitude Longitude Depth (M) 45 19.498N 060 56.172W 8.4M 45 12.842N 061 01.682W 19.3M
157332,NW-A-0008-24,2024-02-13,Waterway information,Shipping Safety Control Zone 10 Vicinity Pangnirtung,Shoal,4,-65.71183333333333,66.15218259916668,[],Shoaling reported at the Pangnirtung Small Craft Harbour channel entrance. Depths vary from 0.6 metres below chart datum along the channel centerline to 0.7 metres above chart datum along the eastearn edge of the channel.
157337,NW-M-0247-24,2024-02-14,Waterway information,Eastern Shore,Shallow Depth Reported,2,-61.157133333333334,45.190466666666666,[],Shallower depths located at: Latitude Longitude Depth (in Metres) 45 11.428N 061 09.428W 4.8 45 12.318N 061 09.586W 8.3
157553,NW-M-0280-24,2024-02-27,Waterway information,Fourchu,Shallow Depth Reported,2,-61.14666666666667,45.35987333333333,"[[45.35986666666667, -61.14666666666667, 6.9], [45.35905, -61.13986666666667, 6.1]]",Shallower depths have been reported in the following locations: Latitude Longitude Depth 45 21.592N 061 08.800W 6.9M Latitude Longitude Depth 45 21.543N 061 08.392W 6.1M Caution.
157622,NW-M-0290-24,2024-02-29,Waterway information,Fourchu,Shallow Depth Reported,3,-61.256933333333336,45.35349,"[[45.35348333333334, -61.256933333333336, 6.2], [45.35625, -61.1882, 7.4], [45.351416666666665, -61.27086666666667, 12.6]]",Shallower depths located at: Latitude Longitude Depth 45 21.209N 061 15.416W 6.2 m Latitude Longitude Depth 45 21.375N 061 11.292W 7.4m Latitude Longitude Depth 45 21.085N 061 16.252W 12.6m Caution
157741,NW-M-0313-24,2024-03-08,Waterway information,Fourchu,Shallow Depth Reported,1,-60.99645,45.429716666666664,[],Shallower depths located at: Latitude Longitude Depth (in metres) 45 25.783N 060 59.787W 29.6 All depths are referenced to CHS Chart Datum. 45 25.783N 060 59.787W
157784,NW-M-0317-24,2024-03-11,Waterway information,Fourchu,Shallow Depth Reported,5,-61.05403666666667,45.42822,[],Shallower depths located at: Latitude Longitude Depth (in metres) 45 25.693N 061 03.242W 19.5 45 26.112N 061 02.550W 19.8 45 26.067N 061 00.851W 19.9 45 25.535N 061 03.291W 21.0 45 25.678N 061 01.211W 27.7 Available depths are referenced to CHS Chart Datum.
157856,NW-M-0338-24,2024-03-14,Waterway information Cancels NW-M-0312-24,"Fourchu Vicinity Canso, NS",Shallow Depth Reported,3,-61.003366666666665,45.43955,[],Shallower depths located at: Latitude Longitude Depth (in metres) 45 26.373N 061 00.202W 21.5 45 25.940N 060 59.774W 25.0 45 26.320N 060 58.947W 46.0 All depths are referenced to CHS Chart Datum.
157857,NW-M-0339-24,2024-03-14,Waterway information,"Fourchu Vicinity Canso, NS",Shallow Depth Reported,7,-60.88773333333334,45.339,[],Shallower depths located at: Latitude Longitude Depth (in metres) 45 20.340N 060 53.264W 7.4 45 20.320N 060 53.545W 12.9 45 20.149N 060 54.809W 16.2 45 20.527N 060 52.693W 16.5 45 20.661N 060 52.258W 16.8 45 20.262N 060 53.582W 16.8 45 20.173N 060 54.523W 17.6 All depths are referenced to CHS Chart Datum.
157908,NW-M-0356-24,2024-03-16,Waterway information,"Fourchu Vicinity Canso, NS",Shallow Depth Reported,8,-60.880406666666666,45.35129166666667,[],Shallower depths located at: Latitude Longitude Depth (in metres) 45 21.078N 060 52.824W 5.0 45 20.493N 060 53.080W 7.5 45 21.103N 060 53.327W 7.6 45 20.711N 060 52.914W 7.7 45 20.598N 060 53.140W 8.0 45 20.473N 060 53.505W 9.2 45 20.415N 060 53.642W 9.3 45 21.086N 060 52.504W 9.7 All depths are referenced to CHS Chart Datum.
157909,NW-M-0355-24,2024-03-16,Waterway information,Fourchu,Shallow Depth Reported,1,-61.10991666666666,45.424875,[],Shallower depth located at: Latitude Longitude Depth (in Metres) 45 25.493N 061 06.595W 70.0
157917,NW-M-0361-24,2024-03-17,Waterway information,Fourchu,Shallow Depth Reported,3,-60.91961666666667,45.334095,[],Shallower depths located at: Latitude Longitude Depth in Metres 45 20.046N 060 55.177W 14.8 Latitude Longitude Depth in Metres 45 20.226N 060 52.131W 17.9 Latitude Longitude Depth in Metres 45 19.976N 060 54.366W 19.8 Avaliable depths refers to chart datum. Caution.
158112,NW-M-0425-24,2024-03-28,Waterway information,Fourchu,Shallow Depth Reported,1,-61.1677325,45.46474426666666,[],A previously uncharted seafloor obstruction has been identified at Latitude Longitude Depth (in Metres) 45 27.885N 061 10.064W 21.6 Avaliable depth refers to chart datum. Caution.
158296,NW-M-0462-24,2024-04-07,Waterway information,Fourchu,Shoal,1,-61.2638,45.422383333333336,[],"As a result of an ongoing hydrographic survey in Chedabucto Bay, a shoal depth has been identified. Latitude Longitude Depth in metres 45 25.343N 061 15.828W 8.8"
158317,NW-M-0465-24,2024-04-08,Waterway information,Fourchu Vicinity Chedabucto Bay,Shoal,1,-61.087516666666666,45.46541666666667,[],Shoal depth of 20.8 metres located in Chedabucto Bay at 45 27.925N 061 05.251W. Available depth refers to chart datum. Caution.
158444,NW-M-0485-24,2024-04-12,Waterway information,Fourchu,Shallow Depth Reported,1,-61.265,45.4285,[],Shallower depth located at: Latitude Longitude Depth (in Metres) 45 25.710N 061 15.900W 9.9
158469,NW-M-0492-24,2024-04-13,Waterway information,Fourchu,Shallow Depth Reported,1,-61.28616666666667,45.426833333333335,[],Shallower depth located at: Latitude Longitude Depth (in Metres) 45 25.61N 061 17.17W 6.1
158684,NW-M-0546-24,2024-04-20,Waterway information,Fourchu Vicinity Isle Madame,Shallow Depth Reported,7,-60.86935,45.47965,[],"Shallower depths have been found at the following locations: Latitude Longitude Depth (m) 45 28.779N 060 52.161W, 8.8 45 28.668N 060 52.100W, 14.2 45 28.878N 060 53.896W, 8.8 45 28.627N 060 53.354W, 8.6 45 28.488N 060 54.534W, 15.5 45 27.934N 061 01.835W, 17.3 45 27.925N 061 02.610W, 16.7"
159075,NW-C-0776-24,2024-05-02,Obstruction Referenced by NW-C-0807-24,Lake Superior Vicinity Thunder Bay,Submerged Object,4,-89.21577213329438,48.39378106085653,[],Damaged dock with submerged rubble reported at section 24 of the Port of Thunder Bay
160005,NW-M-0795-24,2024-05-28,Waterway information,Fourchu,Shallow Depth Reported,1,-59.970602499302736,45.9034195633675,[],It has been recently identified that the current bathymetric data contained within Louisbourg Harbour chart (4376) is unreliable due to major vertical/horizontal datum concerns. Recent bathymetric surveys has shown the presence of shallower depths compared to what is currently charted. Mariners are advised to exercise extreme caution when using this chart to navigate.
161081,NW-M-1027-24,2024-06-26,Obstruction,Northumberland Strait Vicinity Munns Point,Submerged Object,1,-63.061749999999996,46.26347222222222,[],Submerged engine measuring approximately 2.438 metres in length and marked with a yellow buoy in 46 15.808N 063 03.705W. Caution.
162341,NW-M-1283-24,2024-07-30,Waterway information,Eastern Shore Vicinity Wedge Island,Shallow Depth Reported,3,-61.895373166666666,45.00267186666667,"[[45.00266666666667, -61.89536666666667, 7.8], [45.00268333333333, -61.88166666666667, 8.4]]","As a result of an ongoing hydrographic survey, shallower than charted depths have been located in the following positions: 7.0 meters in 45 00.160N 061 53.722W, 7.8 meters in 45 00.161N 061 52.900W, 8.4 meters in 45 00.544N 061 53.543W. Horizontal Datum: WGS84"
162622,NW-M-1363-24,2024-08-07,Waterway information,Chaleur - Miscou - south,Shallow Depth Reported,3,-64.66138333333333,47.71126666666667,[],Shallower depths located at: Latitude Longitude Depth (in Metres) 47 42.676N 064 39.683W 4.2 47 42.755N 064 39.742W 2.9 47 42.952N 064 39.780W 1.5
162624,NW-M-1364-24,2024-08-07,Waterway information,Chaleur - Miscou - south,Shallow Depth Reported,4,-64.66271666666667,47.715,[],Shallower depths located in an area bound by: 47 42.900N 064 39.763W 47 42.904N 064 39.746W 47 42.895N 064 39.731W 47 42.848N 064 39.753W Limiting depth of 1.2 metres. Caution.
162634,NW-M-1366-24,2024-08-07,Waterway information,Eastern Shore,Shallow Depth Reported,3,-61.4373,45.15513333333333,[],Shallower depths located at: Latitude Longitude Depth (in Metres) 45 09.308N 061 26.238W 3.8 45 07.514N 061 30.135W 14.4 45 09.471N 061 26.368W 4.7
162971,NW-M-1497-24,2024-08-15,Waterway information,Eastern Shore,Shallow Depth Reported,0,,,[],Shallower depths located at Latitude Longitude Depth in Meters 45 08.670N 061 27.947W 15.4 45 05.636N 061 31.918W 18.8 45 05.730N 061 33.035W 8.6 45 05.893N 061 32.883W 3.4 45 05.985N 061 33.048W 4.3 45 06.089N 061 33.401W 4.9 45 05.523N 061 32.657W 13.3 45 06.707N 061 30.035W 9 45 04.597N 061 32.863W 3.3 45 04.806N 061 33.333W 4.9 45 06.256N 061 34.800W 7.4 45 05.986N 061 34.465W 5.1 Available de
163019,NW-M-1521-24,2024-08-16,Waterway information,Eastern Shore Vicinity Country Harbour,Shallow Depth Reported,3,-61.54978333333333,45.0902,"[[45.0902, -61.54978333333333, 16.9], [45.10273333333333, -61.50751666666667, 19.8], [45.10635, -61.518033333333335, 12.0]]",Shallower depths located at: 45 05.412N 061 32.987W 16.9 metres 45 06.164N 061 30.451W 19.8 metres 45 06.381N 061 31.082W 12.0 metres
163765,NW-P-1411-24,2024-09-03,Obstruction-Sunken Barge,Fraser River,Submerged Object,1,-122.72605,49.24908222222222,[],"A sunken barge with machinery equipment onboard has been reported in Pitt River, under the Lougheed Highway Bridge at 49 14.945N 122 43.563W."
164585,NW-M-1960-24,2024-09-26,Waterway information,"Fourchu Vicinity Louisbourg, NS",Shallow Depth Reported,6,-59.95773333333333,45.898266666666665,[],Shallower depths located at Latitude Longitude Depth in Meters 45 53.896N 059 57.464W 0.3 45 53.870N 059 57.889W 1.5 45 53.703N 059 57.487W 1.5 45 53.689N 059 59.050W 0.9 45 53.492N 059 58.142W 1.2 45 53.581N 059 58.002W 1.5
164767,NW-N-1042-24,2024-10-01,Waterway information,South Coast,Shallow Depth Reported,0,,,[],Sounding surveys have identified shallower depths in the following locations: Latitude Longitude Depth 47 17.880N 47 18.120N 47 18.270N 47 19.100N 47 17.290N 47 17.850N 053 58.540W 053 58.120W 053 57.560W 053 57.980W 053 59.550W 053 59.560W 32.6 25.3 36.7 10.9 9.1 13.5 The 5 meter contour has become unreliable between the following locations as it has shoaled inward towards the deep part of the ch
165649,NW-M-2186-24,2024-11-03,Obstruction,Fourchu,Submerged Object,1,-60.99105,45.3373,[],"Small anchor lost near Canso Marina at 45 20.238N 060 59.463W , depth 11 metres."
166060,NW-M-2390-24,2024-11-14,Obstruction,Northumberland Strait,Submerged Object,1,-63.461666666666666,46.099,[],Lost fishing vessel anchor with rope and orange buoy in 46 05.940N 063 27.700W. Caution
166296,NW-C-3222-24,2024-11-23,Waterway information,Lake Ontario Vicinity Oshawa,Shallow Depth Reported,0,,,"[[43.86646666666667, -78.82656666666666, 1.8], [43.86638333333333, -78.82601666666666, 2.7], [43.866, -78.82606666666666, 2.8], [43.8661, -78.8258, 3.7], [43.866366666666664, -78.82556666666666, 3.8], [43.86676666666666, -78.82675, 1.1], [43.8667, -78.82656666666666, 1.3], [43.8636, -78.82291666666667, 1.5], [43.866616666666665, -78.82635, 1.6], [43.86716666666667, -78.82663333333333, 1.6]]","Shallower depths located at: 43 51.988N 078 49.594W, 1.8 metres 43 51.983N 078 49.561W, 2.7 metres 43 51.960N 078 49.564W, 2.8 metres 43 51.966N 078 49.548W, 3.7 metres 43 51.982N 078 49.534W, 3.8 metres 43 52.006N 078 49.605W, 1.1 metres 43 52.002N 078 49.594W, 1.3 metres 43 51.816N 078 49.375W, 1.5 metres 43 51.997N 078 49.581W, 1.6 metres 43 52.030N 078 49.598W, 1.6 metres"
166702,NW-C-3382-24,2024-12-10,Waterway information Cancels NW-C-1091-24,Port of Montreal Vicinity Port of Montreal,Shallow Depth Reported,1,-73.54555,45.502833333333335,"[[45.502833333333335, -73.54555, 10.4]]","Shallower depth located at: 45 30.170N 073 32.733W, 10.4 metres"
166703,NW-C-3383-24,2024-12-10,Waterway information Reference NW-C-1091-24,Port of Montreal Vicinity Port of Montreal,Shallow Depth Reported,1,-73.54545,45.50386666666667,"[[45.50386666666667, -73.54545, 10.5]]","Shallower depth located at: 45 30.232N 073 32.727W, 10.5 metres"
166704,NW-C-3384-24,2024-12-10,Waterway information Reference NW-C-1091-24,Port of Montreal Vicinity Port of Montreal,Shallow Depth Reported,1,-73.54311666666666,45.5153,"[[45.5153, -73.54311666666666, 10.2]]","Shallower depth located at: 45 30.918N 073 32.587W, 10.2 metres"
166705,NW-C-3385-24,2024-12-10,Waterway information Reference NW-C-1091-24,Port of Montreal Vicinity Port of Montreal,Shallow Depth Reported,1,-73.54308333333333,45.51286666666667,"[[45.51286666666667, -73.54308333333333, 9.3]]","Shallower depth located at: 45 30.772N 073 32.585W, 9.3 metres"
166706,NW-C-3386-24,2024-12-10,Waterway information Reference NW-C-1091-24,Port of Montreal Vicinity Port of Montreal,Shallow Depth Reported,1,-73.54496666666667,45.502966666666666,"[[45.502966666666666, -73.54496666666667, 9.5]]","Shallower depth located at: 45 30.178N 073 32.698W, 9.5 metres"
166707,NW-C-3387-24,2024-12-10,Waterway information Reference NW-C-1091-24,Port of Montreal Vicinity Port of Montreal,Shallow Depth Reported,1,-73.5453,45.50246666666666,"[[45.50246666666666, -73.5453, 10.2]]","Shallower depth located at: 45 30.148N 073 32.718W, 10.2 metres"
166708,NW-C-3388-24,2024-12-10,Waterway information Reference NW-C-1091-24,Port of Montreal Vicinity Port of Montreal,Shallow Depth Reported,1,-73.53386666666667,45.5342,"[[45.5342, -73.53386666666667, 10.5]]","Shallower depth located at: 45 32.052N 073 32.032W, 10.5 metres"
166709,NW-C-3389-24,2024-12-10,Waterway information Reference NW-C-1091-24,Port of Montreal Vicinity Port of Montreal,Shallow Depth Reported,1,-73.54338333333334,45.5125,"[[45.5125, -73.54338333333334, 10.4]]","Shallower depth located at: 45 30.750N 073 32.603W, 10.4 metres"
166710,NW-C-3390-24,2024-12-10,Waterway information Reference NW-C-1091-24,Port of Montreal Vicinity Port of Montreal,Shallow Depth Reported,1,-73.54361666666667,45.509083333333336,"[[45.509083333333336, -73.54361666666667, 9.8]]","Shallower depth located at: 45 30.545N 073 32.617W, 9.8 metres"
166711,NW-C-3391-24,2024-12-10,Waterway information Reference NW-C-1091-24,Port of Montreal Vicinity Port of Montreal,Shallow Depth Reported,1,-73.54275,45.514966666666666,"[[45.514966666666666, -73.54275, 9.9]]","Shallower depth located at: 45 30.898N 073 32.565W, 9.9 metres"
166713,NW-C-3393-24,2024-12-10,Waterway information Reference NW-C-1091-24,Port of Montreal Vicinity Port of Montreal,Shallow Depth Reported,1,-73.5308,45.54516666666667,"[[45.54516666666667, -73.5308, 9.6]]","Shallower depth located at: 45 32.710N 073 31.848W, 9.6 metres"
166714,NW-C-3394-24,2024-12-10,Waterway information Reference NW-C-1091-24,Port of Montreal Vicinity Port of Montreal,Shallow Depth Reported,1,-73.54291666666667,45.516083333333334,"[[45.516083333333334, -73.54291666666667, 10.3]]","Shallower depth located at: 45 30.965N 073 32.575W, 10.3 metres"
166715,NW-C-3395-24,2024-12-10,Waterway information Reference NW-C-1091-24,Port of Montreal Vicinity Port of Montreal,Shallow Depth Reported,1,-73.53288333333333,45.54125,"[[45.54125, -73.53288333333333, 10.6]]","Shallower depth located at: 45 32.475N 073 31.973W, 10.6 metres"
166716,NW-C-3396-24,2024-12-10,Waterway information Reference NW-C-1091-24,Port of Montreal Vicinity Port of Montreal,Shallow Depth Reported,1,-73.54583333333333,45.507266666666666,"[[45.507266666666666, -73.54583333333333, 10.0]]","Shallower depth located at: 45 30.436N 073 32.750W, 10 metres"
166717,NW-C-3397-24,2024-12-10,Waterway information Reference NW-C-1091-24,Port of Montreal Vicinity Port of Montreal,Shallow Depth Reported,1,-73.54743333333333,45.50315,"[[45.50315, -73.54743333333333, 10.2]]","Shallower depth located at: 45 30.189N 073 32.846W, 10.2 metres"
166718,NW-C-3398-24,2024-12-10,Waterway information Cancels NW-C-3283-24,Trois-Rivières to Donnacona Vicinity Port de Bécancour,Shallow Depth Reported,1,-72.37858333333334,46.40465,"[[46.40465, -72.37858333333334, 10.4]]","Shallower depth located at: 46 24.279N 072 22.715W, 10.4 metres"
166719,NW-C-3399-24,2024-12-10,Waterway information Reference NW-C-3283-24,Trois-Rivières to Donnacona Vicinity Port de Bécancour,Shallow Depth Reported,1,-72.37928333333333,46.403016666666666,"[[46.403016666666666, -72.37928333333333, 10.3]]","Shallower depth located at: 46 24.181N 072 22.757W, 10.3 metres"
166721,NW-C-3401-24,2024-12-10,Waterway information Reference NW-C-3283-24,Trois-Rivières to Donnacona Vicinity Port de Bécancour,Shallow Depth Reported,1,-72.37518333333334,46.402966666666664,"[[46.402966666666664, -72.37518333333334, 10.2]]","Shallower depth located at: 46 24.178N 072 22.511W, 10.2 metres"
168524,NW-P-0373-25,2025-03-17,Aids to Navigation,Washington State - San Juan Islands,Lights Aids Boundary Pass Shoal isolated danger light and bell buoy DB (U.S.) LL 264.5,1,-123.01463305555555,48.764826666666664,[],Reduced Intensity.
169130,NW-P-0496-25,2025-04-11,Obstruction,West Coast Vancouver Island South,Submerged Object,1,-125.89521666666667,49.15168333333333,[],"A black waterline was reported running from Strawberry Island across to the Tofino Resort and Marina at 49 09.101N 125 53.713W. The waterline is 6 inches in diameter, stretches across the channel and is hovering just below the surface of the water. Caution."
169527,NW-N-0248-25,2025-04-24,Aids to Navigation,Northeast Coast,Buoys Aids 9 Feet Rock light buoy D2 LL 358.16,1,-54.73555555555556,49.68375,[],Missing
169984,NW-A-0043-25,2025-05-07,Waterway information,Great Slave Lake Vicinity Simpson Island,Shoal,1,-112.98596333333333,61.64899833333333,[],"An uncharted rocky shoal of unknown depth has been reported along the Simpson Island Range line (LL 1700.1 / 1700.2). The approximate center of the shoal is at 61 38.9399 N 112 59.1578 W (WGS 84). Mariners should stay outside of a 600 metres radius area from the centre of the shoal. The SW end of the shoal is approximately 5,875 metres from the Simpson Island Front Range tower (LL 1700.1). Mariner"
170050,NW-M-0692-25,2025-05-09,Waterway information,"Chaleur - Miscou - south Vicinity Shippagan Gully, NB",Shallow Depth Reported,1,-64.682,47.736333333333334,[],Shallower depth reported in 47 44.180N 064 40.920W. Caution.
170081,NW-C-0985-25,2025-05-09,Waterway information,Georgian Bay Vicinity Clontarf Island,Shallow Depth Reported,1,-80.51188333333333,45.579683333333335,[],"Due to low water levels, shallower depths than charted are reported within the navigation channel at Shoal Narrows, on the Georgian Bay Small Craft Route near Nares Inlet. Mariners are advised to use caution if operating in this waterway."
170158,NW-M-0709-25,2025-05-12,Waterway information,Cabot Strait - south Vicinity Sydney Harbour,Shoal,1,-60.21922166666667,46.20386166666667,[],"A shoal was found in Sydney Harbour, Nova Scotia on May 12, 2025, in position 46 12.232N 060 13.153W at a depth of 1.86 metres. Paper chart affected : 4266 Caution."
170202,NW-C-1058-25,2025-05-13,Waterway information,Rainy Lake Vicinity Rainy River,Shallow Depth Reported,5,-93.366275,48.61006111111111,[],"Due to strong currents and low water levels, charted depths are unreliable in the Rainy River Navigation Channel. Caution."
170740,NW-M-0776-25,2025-05-28,Waterway information,"Gulf - Magdalen - south Vicinity Alberton, Prince Edward Island",Shallow Depth Reported,12,-64.0589,46.794533333333334,[],Shallower depths have been located within the following polygons:
171187,NW-M-0833-25,2025-06-10,Waterway information,Gulf - Magdalen - south,Shallow Depth Reported,0,,,[],Shallower depths located at: Latitude Longitude Depth (m) 46 47.711N 064 03.590W 1.5 46 47.693N 064 03.290W 4.0 46 48.039N 064 02.538W 3.0 46 48.118N 064 02.211W 3.5 46 48.195N 064 00.914W 3.5 46 48.126N 064 00.873W 3.1 46 48.123N 064 00.792W 3.2 46 48.238N 064 00.719W 3.0 46 48.217N 064 00.640W 3.7 All depths are referenced to CHS benchmark HAR (6168-19736). Elevation +2.521m above chart datum.
171188,NW-M-0834-25,2025-06-10,Waterway information,"Gulf - Magdalen - south Vicinity Alberton, PE",Shallow Depth Reported,0,,,[],Shallower depths located within the following polygons: Shoaling up to 1.3m: 46 47.682N 064 03.462W 46 47.683N 064 03.493W 46 47.757N 064 03.474W 46 47.755N 064 03.446W 46 47.825N 064 03.345W 46 47.839N 064 03.307W 46 47.832N 064 03.285W 46 47.743N 064 03.388W 46 47.727N 064 03.464W 46 47.864N 064 02.771W Shoaling up to 1.7m: 46 47.866N 064 02.877W 46 47.921N 064 02.854W 46 47.953N 064 02.794W 46 
171702,NW-C-1803-25,2025-06-27,Waterway information Cancels NW-C-2617-24,Port of Sorel-Tracy Vicinity Saint-Joseph-de-Sorel,Shallow Depth Reported,4,-73.14148442989729,46.047455957112284,[],"Shallower depths located at: Section 20 east: 10.7 metres, Section 20 west: 9.75 metres, Section 21: 9.14 metres."
172785,NW-P-1019-25,2025-07-27,Aids to Navigation,Juan de Fuca Strait,Lights Aids Race Rocks light LL 189,1,-123.53141666666667,48.29803,[],Fog signal inoperative
173434,NW-C-2568-25,2025-08-15,Waterway information,Magdalen Islands Vicinity Havre-aux-Maisons,Shallow Depth Reported,1,-61.8397,47.40116666666667,[],Shoaling reported within the navigation channel in the vicinity of 47 24.070N 061 50.382W.
173517,NW-P-1144-25,2025-08-17,Aids to Navigation,Dixon Entrance West,Buoys Aids Stubbs Rock light buoy C40 LL 795.5,1,-132.27298333333334,53.74251388888889,[],Light intensity has been increased to 75CD and nominal range increased to 5nm.
173540,NW-M-1228-25,2025-08-18,Waterway information,Grand Manan Vicinity Letete Passage,Shallow Depth Reported,1,-66.91422666666666,45.02056,[],"As a result of a hydrographic survey, shallower depths located at Latitude Longitude Depth in Meters 45 01.234N 066 54.854W 2.7"
173596,NW-A-0233-25,2025-08-20,Waterway information Copy NW-NAVAREAXVIII-0131-25,Shipping Safety Control Zone 13,Shallow Depth Reported,4,-91.30985,74.6619,"[[74.6619, -91.30985, 7.1], [74.66441666666667, -91.30523333333333, 8.0], [74.66601666666666, -91.30648333333333, 17.1], [74.6715, -91.30585, 12.7]]",Shallow depths reported: 74 39.714N 091 18.591W 7.1m 74 39.865N 091 18.314W 8.0m 74 39.961N 091 18.389W 17.1m 74 40.290N 091 18.351W 12.7m Depths are reduced to CHS Chart Datum.
173895,NW-M-1278-25,2025-08-29,Waterway information,Grand Manan Vicinity Letete Passage,Shallow Depth Reported,1,-66.91422666666666,45.02056,[],"As a result of a hydrographic survey, shallower depths located at Latitude Longitude Depth in Meters 44 58.56N 066 55.19W 3.4 44-58.98N 066-55.23W 9.6 44-58.74N 066-54.70W 0.9 44-58.60N 066-54.30W 0.5"
173934,NW-M-1285-25,2025-08-30,Waterway information,Grand Manan Vicinity Passamaquoddy Bay,Shallow Depth Reported,6,-66.93766666666667,44.955,[],"As a result of a hydrographic survey, shallower depths located at Latitude Longitude Depth in Meters 44 57.300N 066 56.260W -0.6 44 57.380N 066 56.170W 0.4 44 56.570N 066 57.140W 0.8 44 56.960N 066 56.970W -0.7 44 57.350N 066 56.190W 1.2 44 56.320N 066 58.720W 4.4 All depths are referenced to CHS chart datum."
173935,NW-M-1286-25,2025-08-30,Waterway information,Grand Manan Vicinity Passamaquoddy Bay,Shallow Depth Reported,5,-66.87116666666667,45.03,[],"As a result of a hydrographic survey, shallower depths located at Latitude Longitude Depth in Meters 45 01.800N 066 52.270W 0.9 45 00.910N 066 53.690W 1.0 45 02.100N 066 55.000W 1.0 45 01.990N 066 54.260W -0.3 45 02.270N 066 48.360W 9.2 All depths are referenced to CHS chart datum."
173937,NW-A-0258-25,2025-08-30,Waterway Information Copy NW-NAVAREAXVIII-0140-25,Shipping Safety Control Zone 13,Shallow Depth Reported,1,-91.34225,74.6438,"[[74.6438, -91.34225, 13.6]]","Shallow depth reported at 74 38.628N 091 20.535W, 13.6m. Depths are reduced to CHS Chart Datum."
173947,NW-M-1290-25,2025-08-31,Waterway information,"Grand Manan Vicinity Campobello Island, NB",Shallow Depth Reported,3,-66.9655,44.92466666666667,[],"As a result of a hydrographic survey, shallower depths located at Latitude Longitude Depth in Meters 44 55.480N 066 57.930W -0.3 44 59.530N 066 55.980W 4.3 44 58.850N 066 56.370W 4.5 All depths are referenced to CHS chart datum."
173956,NW-M-1292-25,2025-08-31,Waterway information,"Grand Manan Vicinity Campobello Island, NB",Shallow Depth Reported,2,-66.96566666666666,44.93683333333333,[],"As a result of a hydrographic survey, shallower depths located at Latitude Longitude Depth in Meters 44 56.210N 066 57.940W -1.8 44 56.040N 066 57.840W 1.3 All depths are referenced to CHS chart datum."
173957,NW-M-1293-25,2025-08-31,Waterway Information,Cabot Strait - south,Shoal,1,-59.48189444444445,46.11951277777778,[],"As a result of an hydrographic survey, a shoal depth has been identified. Latitude Longitude Depth in metres 46 07.171N 059 28.914W 31.819"
174007,NW-M-1301-25,2025-09-02,Waterway information,"Grand Manan Vicinity Passamaquoddy Bay, NB",Shallow Depth Reported,1,-66.91766666666666,45.08133333333333,[],"As a result of a hydrographic survey, shallower depths located at Latitude Longitude Depth in Meters 45 04.880N 066 55.060W 0.0 All depths are referenced to CHS chart datum."
174108,NW-N-0667-25,2025-09-05,Aids to Navigation,Southwest Coast,Buoys Aids Cox Rock light buoy QE3 LL 145.82,1,-58.43066666666667,47.631166666666665,[],Missing
174146,NW-M-1335-25,2025-09-05,Waterway information,Grand Manan Vicinity Passamaquoddy Bay,Shallow Depth Reported,4,-66.95133333333334,44.9845,[],"As a result of a hydrographic survey, shallower depths located at Latitude Longitude Depth in Meters 44 59.070N 066 57.080W 1.9 44 59.340N 066 56.750W 2.9 44 59.560N 066 56.620W 2.5 45 00.400N 066 56.260W 3.5 All depths are referenced to CHS chart datum."
174289,NW-N-0694-25,2025-09-11,Aids to Navigation,South Coast,Buoys Aids Gibraltor Rock light buoy PX2 LL 15.5,1,-54.047583333333336,47.22816666666667,[],Missing
174435,NW-A-0272-25,2025-09-17,Waterway Information,Shipping Safety Control Zone 15,Shoal,4,-63.15128333333333,65.18608333333333,[],Potential shoals of unknown depths in the area bounded by the following coordinates: 65 01.231N 063 22.848W 64 57.513N 063 05.240W 65 09.232N 062 52.575W 65 11.165N 063 09.077W
174440,NW-A-0271-25,2025-09-17,Waterway Information,Shipping Safety Control Zone 10,Shoal,4,-62.227491111666666,65.56924611,[],Potential shoals of unknown depths in the area bounded by the following coordinates: 65 34.155N 062 13.649W 65 34.029N 062 12.974W 65 33.246N 062 13.332W 65 33.484N 062 14.032W
174441,NW-A-0270-25,2025-09-17,Waterway Information,Shipping Safety Control Zone 10,Shoal,2,-63.05488980333333,65.24909166666667,[],"Shoals located at: 65 14.946N 063 03.293W, depth unknown 65 15.157N 063 01.288W, depth unknown"
174481,NW-C-2963-25,2025-09-18,Waterway information Cancels NW-C-2887-25 Reference NW-C-2961-25 Reference NW-C-2962-25,Cornwall to Montréal - west Vicinity Summerstown,Shallow Depth Reported,8,-74.57572222222223,45.050016666666664,[],"The depths in the channel entrance to Summerstown, west of Clark Island, are less than charted. Stay clear of area bounded by: 45 03.001N 074 34.543W 45 03.002N 074 34.383W 45 02.772N 074 34.492W 45 02.772N 074 34.772W"
174549,NW-M-1426-25,2025-09-21,Obstruction,"Southwestern Shore Vicinity Head of St. Margarets Bay, NS",Submerged Object,1,-63.907968470077435,44.684626043572955,[],"Large log, approximately 10 feet in length semi-submerged in 44 41.078N 063 54.478W. Log is completely submerged at high tide. Caution."
174711,NW-A-0289-25,2025-09-27,Waterway Information Copy NW-NAVAREAXVIII-0155-25,Shipping Safety Control Zone 6,Shallow Depth Reported,1,-96.78643333333333,71.36371666666666,"[[71.36371666666666, -96.78643333333333, 42.0]]","Shallow depths reported: 71 21.823N 096 47.186W, 42m"
174715,NW-A-0290-25,2025-09-27,Waterway Information Copy NW-NAVAREAXVIII-0156-25,Shipping Safety Control Zone 6,Shallow Depth Reported,1,-96.87685,71.30063333333334,"[[71.30063333333334, -96.87685, 37.6]]","Shallow depth reported at 71 18.038N 096 52.611W, 37.6m"
174754,NW-M-1476-25,2025-09-29,Waterway information,Southwestern Shore Vicinity LaHave River,Shallow Depth Reported,7,-64.40603333333334,44.318216666666665,[],"As a result of a hydrographic survey, shallower depths located at Latitude Longitude 44 19.093N 064 24.362W 44 19.218N 064 23.987W 44 18.411N 064 22.041W 44 18.178N 064 22.057W 44 18.280N 064 22.792W 44 18.559N 064 23.346W 44 18.905N 064 23.813W"
174785,NW-A-0295-25,2025-09-29,Waterway Information Reference NW-A-0293-25 Reference NW-NAVAREAXVIII-0158-25 Reference NW-A-0294-25,Shipping Safety Control Zone 1 Vicinity Erskine Inlet,Shallow Depth Reported,1,-102.27703333333334,76.6726,"[[76.6726, -102.27703333333334, 33.57]]","Shallow depth reported at 76 40.356N 102 16.622W, 33.57m"
174819,NW-A-0299-25,2025-10-01,Waterway Information Copy NW-NAVAREAXVIII-0160-25,Shipping Safety Control Zone 6,Shallow Depth Reported,7,-96.6878076,71.3802652,"[[71.38026666666667, -96.6878, 29.3], [71.36745, -96.67886666666666, 26.6], [71.35888333333334, -96.76315, 11.3], [71.35333333333334, -96.74421666666667, 11.3], [71.34315, -96.75563333333334, 28.4], [71.3047, -96.81715, 28.35], [71.29075, -96.81311666666667, 41.0]]","Shallow depth reported at: 71 22.816N 096 41.268W, 29.3m 71 22.047N 096 40.732W, 26.6m 71 21.533N 096 45.789W, 11.3m 71 21.200N 096 44.653W, 11.3m 71 20.589N 096 45.338W, 28.4m 71 18.282N 096 49.029W, 28.35m 71 17.445N 096 48.787W, 41m"
175021,NW-M-1535-25,2025-10-07,Waterway Information,"Fundy Vicinity Digby, N.S.",Shallow Depth Reported,1,-65.74901666666666,44.63705,[],"As a result of a hydrographic survey, shallower depths located at Latitude Longitude Depth in Meters 44 38.223N 065 44.941W 9.9 44 37.655N 065 44.968W 4.9 44 37.490N 065 45.054W 6.9 44 37.786N 065 45.016W 6.3 44 37.819N 065 45.024W 6.3 44 37.901N 065 45.000W 6.2 45 38.229N 065 45.119W 6.5 All depths are referenced to CHS chart datum."
175039,NW-M-1539-25,2025-10-07,Waterway Information,Southwestern Shore Vicinity LaHave River,Shallow Depth Reported,5,-64.32373333333334,44.17255,"[[44.17255, -64.32373333333334, 7.1], [44.1729, -64.32531666666667, 7.1], [44.176833333333335, -64.32731666666666, 8.0]]","As a result of an ongoing hydrographic survey, shallower than charted depths have been found at the following locations : Latitude, longitude, depth. 1. 44 14.620N, 064 22.163W, 1.9 meter. 2. 44 10.353N, 064 19.424W, 7.1 meters. 3. 44 10.374N, 064 19.519W, 7.1 meters. 4. 44 10.610N, 064 19.639W, 8 meters. 5. Replace Sounding 7.3 meters with 4.5 meters at 44 13.815N, 064 22.577W. Available depth re"
175311,NW-N-0809-25,2025-10-18,Aids to Navigation Cancels NW-N-0808-25,South Coast,Buoys Aids Lamb Rock North Cardinal light buoy MLR LL 7.4,1,-54.0288445,46.46601027777778,[],Missing
175349,NW-A-0342-25,2025-10-20,Waterway Information Copy NW-NAVAREAXVIII-0183-25,Shipping Safety Control Zone 6 Vicinity Franklin Strait,Shoal,1,-96.89826666666667,71.35125,[],"Shoals located at: 71 21.075N 096 53.896W, depth unknown"
175428,NW-C-3274-25,2025-10-23,Obstruction,Lake Ontario Vicinity Hamilton Harbour,Submerged Object,1,-79.829,43.29216666666667,[],Ship propeller reported lost at 43 17.53N 079 49.74W.
175605,NW-A-0355-25,2025-10-30,Waterway Information,Ungava,Shallow Depth Reported,0,,,"[[58.81668333333333, -68.31688333333334, 2.3], [58.827933333333334, -68.2758, 5.8], [58.82913333333333, -68.26533333333333, 3.9], [58.23376666666667, -68.27708333333334, 4.2], [58.22895, -68.28206666666667, 3.6], [58.174933333333335, -68.31945, 4.6], [58.17288333333333, -68.32103333333333, 4.2], [58.109516666666664, -68.31463333333333, 6.7], [58.098216666666666, -68.36425, 2.7], [58.098333333333336, -68.36816666666667, 1.8], [58.0983, -68.37061666666666, 3.0], [58.09063333333334, -68.39271666666667, 0.4]]","Shallow depths reported: 58 49.001N 068 19.013W, 2.3m 58 49.676N 068 16.548W, 5.8m 58 49.748N 068 15.920W, 3.9m 58 14.026N 068 16.625W, 4.2m 58 13.737N 068 16.924W, 3.6m 58 10.496N 068 19.167W, 4.6m 58 10.373N 068 19.262W, 4.2m 58 06.571N 068 18.878W, 6.7m 58 05.893N 068 21.855W, 2.7m 58 05.900N 068 22.090W, 1.8m 58 05.898N 068 22.237W, 3.0m 58 05.438N 068 23.563W, 0.4m Available depth refers to c"
175763,NW-C-3406-25,2025-11-04,Waterway information Cancels NW-C-3022-24,Anticosti Vicinity Havre-Saint-Pierre Port,Shallow Depth Reported,13,-63.60895200129206,50.23766739918499,[],"Shallower depth reported at Rio Tinto Iron and Titanium dock, 10.1 metres."
175876,NW-M-1690-25,2025-11-09,Obstruction,Grand Manan Vicinity Meteghan,Submerged Object,1,-66.16583333333334,44.193888888888885,[],Submerged steel pipe approximately 50 feet north of the eastern floating dock in Meteghan small craft harbour. the top of the obstruction is 0.5m below the surface. The steel pipe is marked with two buoys.
176565,NW-C-3698-25,2025-12-02,Obstruction,Montréal to Trois-Rivières Vicinity Îlet Vert,Submerged Object,1,-73.44766666666666,45.69996666666667,[],Submerged sea container reported at 45 41.998N 073 26.860W.
177480,NW-P-0060-26,2026-01-12,Aids to Navigation,North Coast,Lights Aids Blackrock Point sector light LL 665.41,1,-129.34423333333334,53.20846111111111,[],Unlit
177885,NW-C-0156-26,2026-02-06,Waterway Information,Lake Superior Vicinity Port of Thunder Bay,Shallow Depth Reported,1,-89.220341,48.414117,"[[48.414116666666665, -89.22033333333333, 8.0]]","Shallower depth reported at 48 24.847N 089 13.220W, 8.0 metres."
178339,NW-C-0288-26,2025-05-27,Waterway Information,Trois-Rivières to Donnacona,Shallow Depth Confirmed,4,-72.38279628,46.40563997,[],Shoal located in area bounded by: 46 24.338N 72 22.968W 46 24.338N 72 22.969W 46 24.339N 72 22.970W 46 24.339N 72 22.969W Depth: 10.5m In Force Shoals number Q5083/25 refers.
178343,NW-C-0292-26,2025-07-04,Waterway Information,Trois-Rivières to Donnacona,Shallow Depth Confirmed,4,-71.9566106,46.6178465,[],Shoal located in area bounded by: 46 37.071N 71 57.397W 46 37.276N 71 57.002W 46 37.267N 71 56.992W 46 37.061N 71 57.386W Depth: 8.2m In Force Shoals number Q5157/25 refers.
178345,NW-C-0294-26,2025-07-04,Waterway Information,Trois-Rivières to Donnacona,Shallow Depth Confirmed,4,-71.9488101,46.621662,[],Shoal located in area bounded by: 46 37.300N 71 56.929W 46 37.285N 71 56.957W 46 37.289N 71 56.961W 46 37.303N 71 56.932W Depth: 10.1m In Force Shoals number Q5158/25 refers.
178575,NW-M-0209-26,2026-03-03,Obstruction Cancels NW-M-0133-26,Halifax Harbour and Approaches Vicinity Georges Island,Submerged Object,4,-63.557111111111105,44.64377777777778,[],Four fiberglass sonar targets are deployed in Halifax Harbour near Georges Island. A 20 cm x 60 cm seafloor cone will be deployed in 44 38.627N 063 33.427W. A 60 cm spherical water column will be deployed 5 metres off the seabed in 44 38.577N 063 33.367W. A 50 cm x 50 cm seafloor hollow cylinder will be deployed in 44 38.525N 063 33.333W. A 50 cm x 100 cm seafloor cylinder will be deployed in 44 3
178719,NW-P-0371-26,2026-03-13,Shallow Depth Reported,Hecate Strait,Shallow Depth Reported,1,-131.90228333333334,52.95453333333333,[],"Shallow depth reported in Louise Narrows, south of Carmichael Passage at 52 57.272N 131 54.137W at 130050 UTC Mar 2026. Area has been silting in and has a reduced depth of 1.07 meters causing a hazard to navigation."
178744,NW-C-0581-26,2026-03-13,Submerged Object - Mooring Prohibited,Port of Trois-Rivieres Vicinity Trois-Rivières,Submerged Object,6,-72.54176463583404,46.33653361437249,[],Submerged debris reported at wharf 11 at the port of Trois-Rivières. Debris extends 3 metres from the wharf. Mooring at bollards 11-4 and 11-5 is prohibited.
178786,NW-M-0245-26,2026-03-16,Marine Works,Lurcher,Shallow Depth Confirmed,5,-66.135576,43.823729916666665,[],As a result of a sounding survey the following shallower depths have been found. 43 49.424N 066 08.135W - 0.8M 43 49.690N 066 07.909W - 2.3M 43 49.957N 066 07.470W - 3.3M 43 50.268N 066 07.342W - 2.9M 43 50.891N 066 07.582W - 5.0M Note: All depths are referenced to CHS benchmark YAR-4. Elevation +7.309m above chart datum.
178887,NW-C-0640-26,2026-03-21,Submerged Object Cancels NW-C-0634-26,Magdalen Islands Vicinity Cap-Aux-Meules,Submerged Object,1,-61.810566666666666,47.36395,[],Large anchor and chain reported at 47 21.837N 061 48.634W
178917,NW-P-0426-26,2026-03-23,Aids to Navigation,Dixon Entrance West,Aids to Navigation (Other) Aids Mackie Rock port daybeacon,1,-132.3226388888889,53.69416,[],"Changes have been made to the Mackie Rock port bifurcation daybeacon in the vicinity of 53 41.650N 132 19.358W New characteristics are Fl (3) W12s, 6nm nominal range and a radar reflector has been added."
178948,NW-M-0269-26,2026-03-25,Marine Works,Southwestern Shore Vicinity LaHave,Shallow Depth Confirmed,4,-64.34671666666667,44.2608,[],As a result of a sounding survey the following shallower depths have been found. 44 15.648N 064 20.803W - 5.5M 44 15.624N 064 20.663W - 5.5M 44 15.732N 064 21.722W - 5.5M 44 15.913N 064 21.678W - 5.5M Note: All depths are referenced to CHS benchmark 2011N9000. Elevation +3.722m above chart datum.
179015,NW-N-0183-26,2026-03-29,Aids to Navigation,South Coast,Buoys Aids Gregory Rock light buoy PR3 LL 66.5,2,-55.12133333333333,47.033433333333335,[],Off position
179084,NW-P-0475-26,2026-04-01,Obstruction,Fraser River - North Arm,Submerged Object,1,-123.1565,49.2104,[],Partially submerged pilings reported in the North Arm of the Fraser River in the vicinity of 49 12.624N 123 09.390W. Described as two pilings installed as a pair and partially submerged. Caution.
179368,NW-C-0841-26,2026-04-13,Shoal Reported,Magdalen Islands Vicinity Pointe-aux-Loups,Sandspit or Sandbar Change,4,-61.71682455236324,47.53078769794329,[],Shoal reported in 47 31.870N 061 42.946W at 131900 UTC Apr 2026.
179410,NW-P-0525-26,2026-04-15,Uncharted Obstruction,West Coast Vancouver Island South,Uncharted Rock,1,-125.77338166666667,49.24131666666667,[],Underwater obstruction reported in Matlset Narrows north of Meares Island at 49 14.479N 125 46.403W at 151842 UTC Apr 2026.
179415,NW-N-0215-26,2026-04-15,Aids to Navigation,South Coast,Buoys Aids Big Shoal light buoy PFH2 LL 37.7,1,-53.939166666666665,47.52333333333333,[],Missing
179438,NW-C-0880-26,2026-04-16,Submerged Object - Fishing nets,Lake Huron Vicinity Lake Huron,Submerged Object,17,-82.02251523218679,43.18703841765641,[],Umarked fishing nets reported along the shoreline between Kettle Point and the outlet of Lake Huron into the St. Clair River.
179462,NW-N-0222-26,2026-04-17,Aids to Navigation,Northeast Gulf - south,Buoys Aids Peter Point Shoal South Cardinal light buoy XWC LL 197.5,2,-58.16288333333333,49.08011666666667,[],Changed from LL 197.5 to LL 193.820 and permanently relocated to 49 04.810N 058 09.771W
179524,NW-N-0236-26,2026-04-19,Aids to Navigation,Cabot Strait - north,Buoys Aids Halibut Rock West Cardinal light buoy QHR LL 173.12,1,-59.261,47.58318333333333,[],Missing
179677,NW-M-0385-26,2026-04-24,Shallow depth reported Cancels NW-M-0368-26,Chaleur - Miscou - south,Shallow Depth Reported,2,-64.93271666666666,47.31913055555556,[],Shallow depth reported in: 47 19.148N 064 55.963W observed depth 0.4m 47 18.870N 064 55.896W observed depth 0.6m These coordinates are in NAD83 CSRS and depths are referenced to local chart datum. Mariners should use caution when entering the Tabusintac channel.
179738,NW-C-1039-26,2026-04-26,Submerged Object Cancels NW-C-0967-26 Cancels NW-C-1003-26,Niagara River Vicinity Grand Island,Submerged Object,1,-78.9985,42.977666666666664,[],"Fixed, submerged log reported at 42 58.66N 078 59.91W at 241107 UTC Apr 2026."
179825,NW-C-1111-26,2026-04-29,Newly Discovered Dangers Cancels NW-C-0284-26,Trois-Rivières to Donnacona,Shallow Depth Confirmed,4,-72.38328333333334,46.40388333333333,[],Shoal located in area bounded by: 46 24.233N 72 22.997W 46 24.240N 72 23.080W 46 24.251N 72 23.078W 46 24.244N 72 22.995W Depth: 8.7m In Force Shoals number Q5005/26 refers.
179838,NW-C-1112-26,2026-04-29,Newly Discovered Dangers,Trois-Rivières to Donnacona,Shallow Depth Confirmed,4,-72.38353333333333,46.40383333333333,[],Shoal located in area bounded by: 46 24.230N 72 23.012W 46 24.241N 72 23.148W 46 24.245N 72 23.147W 46 24.234N 72 23.011W Depth: 7.7m In Force Shoals number Q5006/26 refers.
179843,NW-C-1110-26,2026-04-29,Newly Discovered Dangers Cancels NW-C-0286-26,Trois-Rivières to Donnacona,Shallow Depth Confirmed,4,-72.38296666666666,46.40403333333333,[],Shoal located in area bounded by: 46 24.242N 72 22.978W 46 24.245N 72 23.015W 46 24.258N 72 23.013W 46 24.255N 72 22.976W Depth: 10.0m In Force Shoals number Q5004/26 refers.
179854,NW-C-1121-26,2026-04-29,Newly Discovered Dangers Cancels NW-C-0315-26,Trois-Rivières to Donnacona,Shallow Depth Confirmed,4,-72.22805,46.50946666666667,[],Shoal located in area bounded by: 46 30.568N 72 13.683W 46 30.370N 72 13.775W 46 30.378N 72 13.812W 46 30.576N 72 13.720W Depth: 10.0m In Force Shoals number Q5015/26 refers.
179855,NW-C-1122-26,2026-04-29,Newly Discovered Dangers Cancels NW-C-0314-26,Trois-Rivières to Donnacona,Shallow Depth Confirmed,4,-72.22828333333334,46.5104,[],Shoal located in area bounded by: 46 30.624N 72 13.697W 46 30.324N 72 13.836W 46 30.336N 72 13.890W 46 30.636N 72 13.751W Depth: 9.5m In Force Shoals number Q5016/26 refers.
179856,NW-C-1123-26,2026-04-29,Newly Discovered Dangers Cancels NW-C-0311-26,Trois-Rivières to Donnacona,Shallow Depth Confirmed,4,-72.2294,46.5101,[],Shoal located in area bounded by: 46 30.606N 72 13.764W 46 30.156N 72 13.972W 46 30.162N 72 13.996W 46 30.612N 72 13.787W Depth: 9.3m In Force Shoals number Q5017/26 refers.
179857,NW-C-1124-26,2026-04-29,Newly Discovered Dangers Cancels NW-C-0302-26,Trois-Rivières to Donnacona,Shallow Depth Confirmed,4,-72.22993333333334,46.50983333333333,[],Shoal located in area bounded by: 46 30.590N 72 13.796W 46 29.660N 72 14.227W 46 29.674N 72 14.292W 46 30.605N 72 13.861W Depth: 8.8m In Force Shoals number Q5018/26 refers.
179858,NW-C-1125-26,2026-04-29,Newly Discovered Dangers Cancels NW-C-0304-26,Trois-Rivières to Donnacona,Shallow Depth Confirmed,4,-72.23133333333334,46.50935,[],Shoal located in area bounded by: 46 30.561N 72 13.880W 46 29.672N 72 14.292W 46 29.692N 72 14.382W 46 30.581N 72 13.970W Depth: 8.3m In Force Shoals number Q5019/26 refers.
179901,NW-C-1130-26,2026-04-29,Newly Discovered Dangers Cancels NW-C-0267-26,Montréal to Trois-Rivières,Shallow Depth Confirmed,4,-72.60996666666666,46.2785,[],Shoal located in area bounded by: 46 16.710N 072 36.598W 46 16.699N 072 36.619W 46 16.702N 072 36.621W 46 16.713N 072 36.601W Depth: 10.9m In Force Shoals number Q5024/26 refers.
179903,NW-C-1129-26,2026-04-29,Newly Discovered Dangers Cancels NW-C-0263-26,Montréal to Trois-Rivières,Shallow Depth Confirmed,4,-72.60845,46.27936666666667,[],Shoal located in area bounded by: 46 16.762N 072 36.507W 46 16.761N 072 36.508W 46 16.762N 072 36.509W 46 16.763N 072 36.508W Depth: 11.1m In Force Shoals number Q5023/26 refers.
180008,NW-C-1164-26,2026-04-30,Shallow Depth Reported Cancels NW-C-0217-26,Magdalen Islands Vicinity Chenal de la Grande Entrée,Shallow Depth Reported,8,-61.56675,47.553383333333336,"[[47.553383333333336, -61.56675, 6.3], [47.560183333333335, -61.56248333333333, 6.5], [47.561483333333335, -61.561616666666666, 3.9], [47.56265, -61.5607, 6.3], [47.568133333333336, -61.554883333333336, 6.8], [47.59386666666666, -61.53045, 6.6], [47.595816666666664, -61.53061666666667, 6.5], [47.59708333333333, -61.531083333333335, 6.5]]",Shallower depths reported in: 47 33.203N 061 34.005W 6.3 metres 47 33.611N 061 33.749W 6.5 metres 47 33.689N 061 33.697W 3.9 metres 47 33.759N 061 33.642W 6.3 metres 47 34.088N 061 33.293W 6.8 metres 47 35.632N 061 31.827W 6.6 metres 47 35.749N 061 31.837W 6.5 metres 47 35.825N 061 31.865W 6.5 metres
180132,NW-C-1247-26,2026-05-04,Uncharted Rock,Lake Ontario Vicinity Cathedral Bluffs Yacht Club,Uncharted Rock,5,-79.22794012388673,43.70816768023799,[],Uncharted rock reported in the entrance to Cathedral Bluffs Yacht Club.
180133,NW-C-1246-26,2026-05-04,Shallow Depth Reported,Lake Ontario Vicinity Cathedral Bluffs Yacht Club,Shallow Depth Reported,5,-79.22794012388673,43.70816768023799,[],Silting reported in the entrance to Cathedral Bluffs Yacht Club.
180202,NW-C-1268-26,2026-05-06,Newly Discovered Dangers Cancels NW-C-0258-26,Port of Montreal,Shallow Depth Confirmed,4,-73.5131032897183,45.5593712703681,[],Shoal located in area bounded by: 45 33.562N 073 30.786W 45 33.561N 073 30.787W 45 33.562N 073 30.789W 45 33.563N 073 30.788W Depth: 10.9 metres In Force Shoals number Q5048/26 refers.
180208,NW-C-1273-26,2026-05-06,Newly Discovered Dangers Cancels NW-C-0253-26,Port of Montreal,Shallow Depth Confirmed,4,-73.5186497892731,45.5508217104978,[],Shoal located in area bounded by: 45 33.049N 073 31.119W 45 33.048N 073 31.120W 45 33.049N 073 31.121W 45 33.050N 073 31.121W Depth: 10.9 metres In Force Shoals number Q5052/26 refers.
180309,NW-C-1329-26,2026-05-08,Submerged Object,Georgian Bay Vicinity Parry Sound,Submerged Object,1,-80.60783333333333,45.562333333333335,[],Anchor reported in 45 33.74N 080 36.47W
180336,NW-C-1341-26,2026-05-08,Shallow Depth,Magdalen Islands Vicinity Havre-Aubert,Shallow Depth Confirmed,2,-61.82677777777778,47.235169444444445,[],Shallow depth reported at: 47 14.110N 061 49.607W 47 14.216N 061 49.501W Depth: -3 metres
180338,NW-C-1342-26,2026-05-08,Shallow Depth,Magdalen Islands Vicinity Cap-aux-Meules,Shallow Depth Confirmed,2,-61.85780277777778,47.376619444444444,[],Shallow depth reported at: 47 22.597N 061 51.468W 47 22.605N 061 51.391W
180407,NW-C-1387-26,2026-05-11,Shallow Depth Reported Cancels NW-C-1386-26,Anticosti Vicinity Rivière-au-Renard,Shallow Depth Reported,1,-64.39106666666666,48.99875,"[[48.99875, -64.39106666666666, 0.2]]","Shallow depth reported at 48 59.925N 064 23.464W, 0.2 metres."
180467,NW-C-1425-26,2026-05-13,Shallow Depth Confirmed,Chaleur - Miscou - north Vicinity Anse aux Gascons,Shallow Depth Confirmed,1,-64.8624,48.19128333333333,"[[48.19128333333333, -64.8624, 1.2]]","Shallow depth confirmed at 48 11.477N 064 51.744W, 1.2 metres, at 131222 UTC May 2026."
180494,NW-C-1446-26,2026-05-13,Newly Discovered Dangers Cancels NW-C-0252-26,Montréal to Trois-Rivières,Shallow Depth Confirmed,4,-72.8261416,46.2068173,[],Shoal located in area bounded by: 46 12.409N 072 49.568W 46 12.422N 072 49.626W 46 12.434N 072 49.620W 46 12.421N 072 49.563W Depth: 9.3 metres In Force Shoals number Q5064/26 refers.
180495,NW-C-1445-26,2026-05-13,Newly Discovered Dangers Cancels NW-C-0251-26,Montréal to Trois-Rivières,Shallow Depth Confirmed,4,-72.8247524,46.2062321,[],Shoal located in area bounded by: 46 12.374N 072 49.485W 46 12.418N 072 49.681W 46 12.434N 072 49.674W 46 12.389N 072 49.478W Depth: 6.8 metres In Force Shoals number Q5065/26 refers.
180496,NW-C-1444-26,2026-05-13,Newly Discovered Dangers Cancels NW-C-0254-26,Montréal to Trois-Rivières,Shallow Depth Confirmed,4,-72.8213791,46.2054693,[],Shoal located in area bounded by: 46 12.328N 072 49.283W 46 12.374N 072 49.485W 46 12.396N 072 49.475W 46 12.350N 072 49.273W Depth: 6.3 metres In Force Shoals number Q5068/26 refers.
180497,NW-C-1443-26,2026-05-13,Newly Discovered Dangers,Montréal to Trois-Rivières,Shallow Depth Confirmed,4,-72.8164995,46.2087185,[],Shoal located in area bounded by: 46 12.523N 072 48.990W 46 12.489N 072 49.087W 46 12.500N 072 49.095W 46 12.534N 072 48.998W Depth: 10.6 metres In Force Shoals number Q5069/26 refers.
180498,NW-C-1442-26,2026-05-13,Newly Discovered Dangers Cancels NW-C-0266-26 Cancels NW-C-0269-26,Montréal to Trois-Rivières,Shallow Depth Confirmed,4,-72.8161009,46.2085492,[],Shoal located in area bounded by: 46 12.513N 072 48.966W 46 12.388N 072 49.321W 46 12.400N 072 49.330W 46 12.525N 072 48.975W Depth: 10.0 metres In Force Shoals number Q5070/26 refers.
180499,NW-C-1441-26,2026-05-13,Newly Discovered Dangers Cancels NW-C-0270-26,Montréal to Trois-Rivières,Shallow Depth Confirmed,4,-72.8071566,46.2113219,[],Shoal located in area bounded by: 46 12.679N 072 48.429W 46 12.369N 072 49.307W 46 12.390N 072 49.323W 46 12.700N 072 48.445W Depth: 9.2 metres In Force Shoals number Q5071/26 refers.
180500,NW-C-1439-26,2026-05-13,Newly Discovered Dangers Cancels NW-C-0265-26,Montréal to Trois-Rivières,Shallow Depth Confirmed,4,-72.8072712,46.2108641,[],Shoal located in area bounded by: 46 12.652N 072 48.436W 46 12.349N 072 49.293W 46 12.370N 072 49.308W 46 12.673N 072 48.452W Depth: 8.4 metres In Force Shoals number Q5072/26 refers.
180501,NW-C-1438-26,2026-05-13,Newly Discovered Dangers Cancels NW-C-0268-26,Montréal to Trois-Rivières,Shallow Depth Confirmed,4,-72.8076835,46.2105973,[],Shoal located in area bounded by: 46 12.636N 072 48.461W 46 12.343N 072 49.288W 46 12.350N 072 49.293W 46 12.642N 072 48.466W Depth: 7.4 metres In Force Shoals number Q5073/26 refers.
180502,NW-C-1437-26,2026-05-13,Newly Discovered Dangers,Montréal to Trois-Rivières,Shallow Depth Confirmed,4,-72.811095315789,46.2108248919636,[],Shoal located in area bounded by: 46 12.649N 072 48.666W 46 12.649N 072 48.668W 46 12.650N 072 48.669W 46 12.651N 072 48.667W Depth: 10.6 metres In Force Shoals number Q5074/26 refers.
180503,NW-C-1436-26,2026-05-13,Newly Discovered Dangers Cancels NW-C-0256-26,Montréal to Trois-Rivières,Shallow Depth Confirmed,4,-72.8219222,46.2063483,[],Shoal located in area bounded by: 46 12.381N 072 49.315W 46 12.393N 072 49.368W 46 12.408N 072 49.361W 46 12.396N 072 49.308W Depth: 9.6 metres In Force Shoals number Q5075/26 refers.
180504,NW-C-1435-26,2026-05-13,Newly Discovered Dangers Cancels NW-C-0255-26,Montréal to Trois-Rivières,Shallow Depth Confirmed,4,-72.8216075,46.2059073,[],Shoal located in area bounded by: 46 12.354N 072 49.296W 46 12.382N 072 49.417W 46 12.402N 072 49.408W 46 12.375N 072 49.287W Depth: 8.3 metres In Force Shoals number Q5076/26 refers.
180707,NW-C-1564-26,2026-05-17,Aids to Navigation,Lake Erie Vicinity Leamington,Lights Aids Southeast Shoal light LL 597,1,-82.46279138888889,41.826344722222224,[],Light Unlit
180733,NW-C-1585-26,2026-05-18,Submerged Object - Rope,Lake Ontario Vicinity Mississauga,Submerged Object,1,-79.52935666666667,43.576328333333336,[],Submerged blue rope reported at 43 34.580N 079 31.761W at 180010 UTC May 2026.
180799,NW-C-1641-26,2026-05-19,Newly Discovered Dangers Cancels NW-C-0367-26,Detroit River Lake Erie,Shallow Depth Confirmed,4,-83.13162,42.0691537,[],Shoal located in area bounded by: 42 04.149N 083 07.897W 42 04.228N 083 07.887W 42 04.227N 083 07.881W 42 04.149N 083 07.891W Depth: 7.8 metres In Force Shoals number CNA1000/26 refers.
180803,NW-C-1642-26,2026-05-19,Newly Discovered Dangers Cancels NW-C-0371-26,Detroit River Lake Erie,Shallow Depth Confirmed,4,-83.1305782130018,42.0770230046752,[],Shoal located in area bounded by: 42 04.621N 083 07.835W 42 04.623N 083 07.834W 42 04.623N 083 07.832W 42 04.621N 083 07.833W Depth: 8.3 metres In Force Shoals number CNA1001/26 refers.
180804,NW-C-1643-26,2026-05-19,Newly Discovered Dangers,Detroit River Lake Erie,Shallow Depth Confirmed,4,-83.1313937297899,42.0777986269213,[],Shoal located in area bounded by: 42 04.668N 083 07.884W 42 04.669N 083 07.883W 42 04.669N 083 07.882W 42 04.668N 083 07.882W Depth: 8.2 metres In Force Shoals number CNA1002/26 refers.
180805,NW-C-1644-26,2026-05-19,Newly Discovered Dangers Cancels NW-C-0374-26,Detroit River,Shallow Depth Confirmed,4,-83.129875,42.0824171,[],Shoal located in area bounded by: 42 04.945N 083 07.792W 42 05.053N 083 07.778W 42 05.053N 083 07.771W 42 04.944N 083 07.785W Depth: 8.3 metres In Force Shoals number CNA1003/26 refers.
180806,NW-C-1645-26,2026-05-19,Newly Discovered Dangers Cancels NW-C-0378-26,Detroit River,Shallow Depth Confirmed,4,-83.1287219275477,42.0909667324882,[],Shoal located in area bounded by: 42 05.458N 083 07.723W 42 05.459N 083 07.723W 42 05.459N 083 07.721W 42 05.458N 083 07.721W Depth: 8.3 metres In Force Shoals number CNA1004/26 refers.
180807,NW-C-1646-26,2026-05-19,Newly Discovered Dangers Cancels NW-C-0385-26,Detroit River,Shallow Depth Confirmed,4,-83.1304031,42.0900039,[],Shoal located in area bounded by: 42 05.400N 083 07.824W 42 05.504N 083 07.810W 42 05.504N 083 07.804W 42 05.400N 083 07.818W Depth: 7.8 metres In Force Shoals number CNA1005/26 refers.
180837,NW-C-1654-26,2026-05-19,Shallow Depth Reported,Magdalen Islands Vicinity Chenal de la Grande Entrée,Shallow Depth Reported,4,-61.56118873313829,47.56294161789809,[],Shoal reported in area bounded by: 47 33.776N 061 33.671W 47 33.734N 061 33.565W 47 33.582N 061 33.683W 47 33.626N 061 33.794W
180865,NW-C-1666-26,2026-05-20,Newly Discovered Dangers Cancels NW-C-0274-26,Montréal to Trois-Rivières,Shallow Depth Confirmed,4,-73.2806593,45.8376772,[],Shoal located in area bounded by: 45 50.261N 073 16.840W 45 50.221N 073 16.860W 45 50.222N 073 16.864W 45 50.262N 073 16.844W Depth: 10.0 metres In Force Shoals number Q5083/26 refers.
180876,NW-C-1670-26,2026-05-20,Newly Discovered Dangers,Detroit River,Shallow Depth Confirmed,4,-83.1226406122808,42.1362475668117,[],Shoal located in area bounded by: 42 08.175N 083 07.358W 42 08.177N 083 07.358W 42 08.176N 083 07.356W 42 08.175N 083 07.356W Depth: 8.3 metres In Force Shoals number CNA1022/26 refers.
180877,NW-C-1671-26,2026-05-20,Newly Discovered Dangers Cancels NW-C-0340-26,Detroit River,Shallow Depth Confirmed,4,-83.1244993,42.1391331,[],Shoal located in area bounded by: 42 08.348N 083 07.470W 42 08.386N 083 07.470W 42 08.386N 083 07.464W 42 08.348N 083 07.465W Depth: 8.2 metres In Force Shoals number CNA1023/26 refers.
180881,NW-C-1677-26,2026-05-20,Newly Discovered Dangers Cancels NW-C-0338-26,Detroit River Vicinity Detroit River,Shallow Depth Confirmed,4,-83.1209799,42.1381687,[],Shoal located in area bounded by: 42 08.290N 083 07.259W 42 08.300N 083 07.263W 42 08.301N 083 07.259W 42 08.291N 083 07.255W Depth: 7.8 metres In Force Shoals number CNA1031/26 refers.
180882,NW-C-1676-26,2026-05-20,Newly Discovered Dangers Cancels NW-C-0335-26,Detroit River Vicinity Detroit River,Shallow Depth Confirmed,4,-83.1206763,42.137194,[],Shoal located in area bounded by: 42 08.232N 083 07.241W 42 08.233N 083 07.241W 42 08.233N 083 07.240W 42 08.232N 083 07.239W Depth: 8.2 metres In Force Shoals number CNA1032/26 refers.
180883,NW-C-1675-26,2026-05-20,Newly Discovered Dangers Cancels NW-C-0341-26,Detroit River Vicinity Amherstburg,Shallow Depth Confirmed,4,-83.1165343,42.1276359,[],Shoal located in area bounded by: 42 07.658N 083 06.992W 42 07.704N 083 07.011W 42 07.705N 083 07.007W 42 07.659N 083 06.988W Depth: 7.5 metres In Force Shoals number CNA1033/26 refers.
180884,NW-C-1674-26,2026-05-20,Newly Discovered Dangers Cancels NW-C-0343-26,Detroit River Vicinity Detroit River,Shallow Depth Confirmed,4,-83.1161273,42.126675,[],Shoal located in area bounded by: 42 07.600N 083 06.968W 42 07.620N 083 06.976W 42 07.621N 083 06.972W 42 07.601N 083 06.964W Depth: 7.2 metres In Force Shoals number CNA1034/26 refers.
180931,NW-M-0629-26,2026-05-21,Shallow Depth Confirmed,Chaleur - Miscou - south Vicinity Caraquet,Shallow Depth Confirmed,1,-64.90241300000001,47.809560999999995,[],"As a result of a hydrographic survey, shallower depths located at Latitude Longitude Depth in Metres 47 48.574N 064 54.145W 1.9 Available depth refers to chart datum. Caution."
180985,NW-C-1762-26,2026-05-22,Newly Discovered Dangers Cancels NW-C-0429-26,Detroit River Lake Erie,Shallow Depth Confirmed,4,-83.1325219,42.0667818,[],Shoal located in area bounded by: 42 04.007N 083 07.951W 42 04.021N 083 07.949W 42 04.020N 083 07.939W 42 04.006N 083 07.941W Depth: 8.7 metres In Force Shoals number CNA1008/26 refers.
180987,NW-C-1761-26,2026-05-22,Newly Discovered Dangers Cancels NW-C-0427-26,Detroit River Lake Erie,Shallow Depth Confirmed,4,-83.1319109,42.0666587,[],Shoal located in area bounded by: 42 04.000N 083 07.915W 42 04.002N 083 07.914W 42 04.002N 083 07.911W 42 03.999N 083 07.911W Depth: 8.7 metres In Force Shoals number CNA1009/26 refers.
180988,NW-C-1735-26,2026-05-22,Newly Discovered Dangers Cancels NW-C-1185-26,Trois-Rivières to Donnacona,Shallow Depth Confirmed,4,-72.0689744,46.5669616,[],Shoal located in area bounded by: 46 34.018N 072 04.138W 46 34.000N 072 04.260W 46 34.002N 072 04.261W 46 34.020N 072 04.139W Depth: 8.3 metres In Force Shoals number Q5088/26 refers.
180989,NW-C-1760-26,2026-05-22,Newly Discovered Dangers Cancels NW-C-0431-26,Detroit River Lake Erie,Shallow Depth Confirmed,4,-83.1335308,42.0665437,[],Shoal located in area bounded by: 42 03.993N 083 08.012W 42 04.084N 083 08.000W 42 04.084N 083 07.987W 42 03.992N 083 07.999W Depth: 8.3 metres In Force Shoals number CNA1010/26 refers.
180990,NW-C-1763-26,2026-05-22,Newly Discovered Dangers Cancels NW-C-0425-26,Detroit River Lake Erie,Shallow Depth Confirmed,4,-83.1325258,42.0660532,[],Shoal located in area bounded by: 42 03.963N 083 07.952W 42 03.972N 083 07.950W 42 03.970N 083 07.927W 42 03.961N 083 07.928W Depth: 8.7 metres In Force Shoals number CNA1011/26 refers.
180992,NW-C-1770-26,2026-05-22,Newly Discovered Dangers Cancels NW-C-0433-26,Detroit River Lake Erie,Shallow Depth Confirmed,4,-83.1321809,42.0652996,[],Shoal located in area bounded by: 42 03.918N 083 07.931W 42 03.926N 083 07.930W 42 03.925N 083 07.921W 42 03.917N 083 07.922W Depth: 8.7 metres In Force Shoals number CNA1012/26 refers.
180993,NW-C-1775-26,2026-05-22,Newly Discovered Dangers,Detroit River Lake Erie,Shallow Depth Confirmed,4,-83.1321824538728,42.065034457849,[],Shoal located in area bounded by: 42 03.902N 083 07.931W 42 03.904N 083 07.931W 42 03.904N 083 07.929W 42 03.902N 083 07.929W Depth: 8.7 metres In Force Shoals number CNA1013/26 refers.
180994,NW-C-1777-26,2026-05-22,Newly Discovered Dangers,Detroit River Lake Erie,Shallow Depth Confirmed,4,-83.1323259,42.0644395,[],Shoal located in area bounded by: 42 03.866N 083 07.940W 42 03.878N 083 07.938W 42 03.877N 083 07.932W 42 03.866N 083 07.934W Depth: 8.7 metres In Force Shoals number CNA1014/26 refers.
180995,NW-C-1778-26,2026-05-22,Newly Discovered Dangers,Detroit River Lake Erie,Shallow Depth Confirmed,4,-83.1336982,42.0644059,[],Shoal located in area bounded by: 42 03.864N 083 08.022W 42 03.871N 083 08.021W 42 03.870N 083 08.018W 42 03.864N 083 08.019W Depth: 8.7 metres In Force Shoals number CNA1015/26 refers.
180996,NW-C-1776-26,2026-05-22,Newly Discovered Dangers Cancels NW-C-0420-26,Detroit River Lake Erie,Shallow Depth Confirmed,4,-83.1334578,42.0631585,[],Shoal located in area bounded by: 42 03.790N 083 08.007W 42 03.808N 083 08.005W 42 03.806N 083 07.983W 42 03.788N 083 07.985W Depth: 8.7 metres In Force Shoals number CNA1016/26 refers.
180998,NW-C-1779-26,2026-05-22,Newly Discovered Dangers Cancels NW-C-0422-26,Detroit River Lake Erie,Shallow Depth Confirmed,4,-83.1325849,42.0621672,[],Shoal located in area bounded by: 42 03.730N 083 07.955W 42 03.776N 083 07.949W 42 03.775N 083 07.941W 42 03.729N 083 07.947W Depth: 8.7 metres In Force Shoals number CNA1017/26 refers.
180999,NW-C-1774-26,2026-05-22,Newly Discovered Dangers Cancels NW-C-0418-26,Detroit River Lake Erie,Shallow Depth Confirmed,4,-83.134153,42.0618748,[],Shoal located in area bounded by: 42 03.712N 083 08.049W 42 03.776N 083 08.041W 42 03.775N 083 08.033W 42 03.712N 083 08.042W Depth: 8.5 metres In Force Shoals number CNA1018/26 refers.
181000,NW-C-1771-26,2026-05-22,Newly Discovered Dangers Cancels NW-C-0416-26,Detroit River Lake Erie,Shallow Depth Confirmed,4,-83.1330922,42.0605621,[],Shoal located in area bounded by: 42 03.634N 083 07.986W 42 03.711N 083 07.975W 42 03.710N 083 07.950W 42 03.632N 083 07.960W Depth: 8.5 metres In Force Shoals number CNA1019/26 refers.
181001,NW-C-1773-26,2026-05-22,Newly Discovered Dangers Cancels NW-C-0414-26,Detroit River Lake Erie,Shallow Depth Confirmed,4,-83.1334885,42.059996,[],Shoal located in area bounded by: 42 03.600N 083 08.009W 42 03.604N 083 08.009W 42 03.603N 083 07.998W 42 03.599N 083 07.998W Depth: 8.6 metres In Force Shoals number CNA1020/26 refers.
181002,NW-C-1782-26,2026-05-22,Newly Discovered Dangers Cancels NW-C-0402-26 Cancels NW-C-0412-26 Cancels NW-C-0411-26,Detroit River Lake Erie,Shallow Depth Confirmed,4,-83.1346946,42.057811,[],Shoal located in area bounded by: 42 03.469N 083 08.082W 42 03.597N 083 08.065W 42 03.597N 083 08.054W 42 03.468N 083 08.071W Depth: 8.6 metres In Force Shoals number CNA1021/26 refers.
181003,NW-C-1772-26,2026-05-22,Newly Discovered Dangers Cancels NW-C-0410-26,Detroit River Lake Erie,Shallow Depth Confirmed,4,-83.1342319,42.0591005,[],Shoal located in area bounded by: 42 03.546N 083 08.054W 42 03.548N 083 08.054W 42 03.548N 083 08.051W 42 03.546N 083 08.051W Depth: 8.7 metres In Force Shoals number CNA1024/26 refers.
181004,NW-C-1769-26,2026-05-22,Newly Discovered Dangers Cancels NW-C-0408-26,Detroit River Lake Erie,Shallow Depth Confirmed,4,-83.1334982,42.0590385,[],Shoal located in area bounded by: 42 03.542N 083 08.010W 42 03.544N 083 08.010W 42 03.543N 083 08.008W 42 03.542N 083 08.008W Depth: 8.7 metres In Force Shoals number CNA1025/26 refers.
181005,NW-C-1768-26,2026-05-22,Newly Discovered Dangers Cancels NW-C-0409-26,Detroit River Lake Erie,Shallow Depth Confirmed,4,-83.1332107,42.0587944,[],Shoal located in area bounded by: 42 03.528N 083 07.993W 42 03.557N 083 07.989W 42 03.556N 083 07.970W 42 03.526N 083 07.974W Depth: 8.5 metres In Force Shoals number CNA1026/26 refers.
181006,NW-C-1767-26,2026-05-22,Newly Discovered Dangers Cancels NW-C-0407-26,Detroit River Lake Erie,Shallow Depth Confirmed,4,-83.1332561,42.0582244,[],Shoal located in area bounded by: 42 03.493N 083 07.995W 42 03.513N 083 07.993W 42 03.512N 083 07.976W 42 03.492N 083 07.979W Depth: 8.7 metres In Force Shoals number CNA1027/26 refers.
181007,NW-C-1765-26,2026-05-22,Newly Discovered Dangers Cancels NW-C-0406-26,Detroit River Lake Erie,Shallow Depth Confirmed,4,-83.1343254,42.0576743,[],Shoal located in area bounded by: 42 03.460N 083 08.060W 42 03.477N 083 08.057W 42 03.475N 083 08.026W 42 03.458N 083 08.028W Depth: 8.7 metres In Force Shoals number CNA1028/26 refers.
181008,NW-C-1766-26,2026-05-22,Newly Discovered Dangers Cancels NW-C-0405-26,Detroit River Lake Erie,Shallow Depth Confirmed,4,-83.1331673728112,42.0578901422402,[],Shoal located in area bounded by: 42 03.473N 083 07.990W 42 03.475N 083 07.990W 42 03.475N 083 07.988W 42 03.473N 083 07.988W Depth: 8.7 metres In Force Shoals number CNA1029/26 refers.
181009,NW-C-1764-26,2026-05-22,Newly Discovered Dangers Cancels NW-C-0404-26,Detroit River Lake Erie,Shallow Depth Confirmed,4,-83.1331802,42.0575515,[],Shoal located in area bounded by: 42 03.453N 083 07.991W 42 03.462N 083 07.990W 42 03.462N 083 07.982W 42 03.453N 083 07.983W Depth: 8.5 metres In Force Shoals number CNA1030/26 refers.
181010,NW-C-1759-26,2026-05-22,Newly Discovered Dangers Cancels NW-C-0399-26,Detroit River Lake Erie,Shallow Depth Confirmed,4,-83.1351619,42.0543693,[],Shoal located in area bounded by: 42 03.262N 083 08.110W 42 03.435N 083 08.087W 42 03.434N 083 08.071W 42 03.261N 083 08.094W Depth: 8.4 metres In Force Shoals number CNA1035/26 refers.
181011,NW-C-1758-26,2026-05-22,Newly Discovered Dangers Cancels NW-C-0432-26,Detroit River Lake Erie,Shallow Depth Confirmed,4,-83.1333191,42.0564677,[],Shoal located in area bounded by: 42 03.388N 083 07.999W 42 03.403N 083 07.997W 42 03.403N 083 07.988W 42 03.387N 083 07.990W Depth: 8.7 metres In Force Shoals number CNA1036/26 refers.
181012,NW-C-1781-26,2026-05-22,Newly Discovered Dangers Cancels NW-C-0397-26 Cancels NW-C-0394-26,Detroit River Lake Erie,Shallow Depth Confirmed,4,-83.1333186,42.05503,[],Shoal located in area bounded by: 42 03.302N 083 07.999W 42 03.373N 083 08.002W 42 03.373N 083 07.981W 42 03.302N 083 07.978W Depth: 8.6 metres In Force Shoals number CNA1037/26 refers.
181013,NW-C-1757-26,2026-05-22,Newly Discovered Dangers Cancels NW-C-0392-26,Detroit River Lake Erie,Shallow Depth Confirmed,4,-83.1330451,42.0535194,[],Shoal located in area bounded by: 42 03.211N 083 07.983W 42 03.285N 083 07.985W 42 03.285N 083 07.978W 42 03.211N 083 07.975W Depth: 8.4 metres In Force Shoals number CNA1038/26 refers.
181014,NW-C-1756-26,2026-05-22,Newly Discovered Dangers Cancels NW-C-0386-26,Detroit River Lake Erie,Shallow Depth Confirmed,4,-83.1343382,42.0529756,[],Shoal located in area bounded by: 42 03.179N 083 08.060W 42 03.336N 083 08.039W 42 03.336N 083 08.035W 42 03.178N 083 08.056W Depth: 8.7 metres In Force Shoals number CNA1039/26 refers.
181015,NW-C-1755-26,2026-05-22,Newly Discovered Dangers Cancels NW-C-0388-26,Detroit River Lake Erie,Shallow Depth Confirmed,4,-83.1358084,42.0522555,[],Shoal located in area bounded by: 42 03.135N 083 08.149W 42 03.263N 083 08.110W 42 03.262N 083 08.102W 42 03.134N 083 08.141W Depth: 8.3 metres In Force Shoals number CNA1040/26 refers.
181016,NW-C-1754-26,2026-05-22,Newly Discovered Dangers Cancels NW-C-0384-26,Detroit River Lake Erie,Shallow Depth Confirmed,4,-83.135816,42.0515057,[],Shoal located in area bounded by: 42 03.090N 083 08.149W 42 03.095N 083 08.148W 42 03.095N 083 08.146W 42 03.090N 083 08.146W Depth: 8.7 metres In Force Shoals number CNA1041/26 refers.
181017,NW-C-1753-26,2026-05-22,Newly Discovered Dangers,Detroit River Lake Erie,Shallow Depth Confirmed,4,-83.1341435407281,42.046276470582,[],Shoal located in area bounded by: 42 02.777N 083 08.049W 42 02.778N 083 08.048W 42 02.778N 083 08.046W 42 02.776N 083 08.046W Depth: 8.6 metres In Force Shoals number CNA1042/26 refers.
181018,NW-C-1752-26,2026-05-22,Newly Discovered Dangers Cancels NW-C-0366-26,Detroit River Lake Erie,Shallow Depth Confirmed,4,-83.1344012,42.0445883,[],Shoal located in area bounded by: 42 02.675N 083 08.064W 42 02.720N 083 08.058W 42 02.719N 083 08.046W 42 02.674N 083 08.052W Depth: 8.6 metres In Force Shoals number CNA1043/26 refers.
181019,NW-C-1751-26,2026-05-22,Newly Discovered Dangers Cancels NW-C-0368-26,Detroit River Lake Erie,Shallow Depth Confirmed,4,-83.1339999,42.0441738,[],Shoal located in area bounded by: 42 02.650N 083 08.040W 42 02.769N 083 08.024W 42 02.768N 083 08.020W 42 02.650N 083 08.035W Depth: 8.7 metres In Force Shoals number CNA1044/26 refers.
181020,NW-C-1750-26,2026-05-22,Newly Discovered Dangers Cancels NW-C-0363-26,Detroit River Lake Erie,Shallow Depth Confirmed,4,-83.1349275,42.0432071,[],Shoal located in area bounded by: 42 02.592N 083 08.096W 42 02.603N 083 08.094W 42 02.602N 083 08.091W 42 02.592N 083 08.092W Depth: 8.7 metres In Force Shoals number CNA1045/26 refers.
181021,NW-C-1780-26,2026-05-22,Newly Discovered Dangers Cancels NW-C-0364-26 Cancels NW-C-0360-26,Detroit River Lake Erie,Shallow Depth Confirmed,4,-83.1350641,42.0419452,[],Shoal located in area bounded by: 42 02.517N 083 08.104W 42 02.574N 083 08.096W 42 02.572N 083 08.069W 42 02.515N 083 08.076W Depth: 8.7 metres In Force Shoals number CNA1046/26 refers.
181022,NW-C-1749-26,2026-05-22,Newly Discovered Dangers Cancels NW-C-0359-26,Detroit River Lake Erie,Shallow Depth Confirmed,4,-83.1352239,42.0413176,[],Shoal located in area bounded by: 42 02.479N 083 08.113W 42 02.505N 083 08.110W 42 02.504N 083 08.092W 42 02.478N 083 08.095W Depth: 8.6 metres In Force Shoals number CNA1047/26 refers.
181023,NW-C-1748-26,2026-05-22,Newly Discovered Dangers,Detroit River Lake Erie,Shallow Depth Confirmed,4,-83.1354624862644,42.0406406524482,[],Shoal located in area bounded by: 42 02.438N 083 08.128W 42 02.440N 083 08.128W 42 02.440N 083 08.125W 42 02.438N 083 08.126W Depth: 8.7 metres In Force Shoals number CNA1048/26 refers.
181024,NW-C-1747-26,2026-05-22,Newly Discovered Dangers Cancels NW-C-0370-26,Detroit River Lake Erie,Shallow Depth Confirmed,4,-83.134619,42.0394773,[],Shoal located in area bounded by: 42 02.369N 083 08.077W 42 02.422N 083 08.070W 42 02.422N 083 08.066W 42 02.368N 083 08.073W Depth: 8.7 metres In Force Shoals number CNA1049/26 refers.
181025,NW-C-1746-26,2026-05-22,Newly Discovered Dangers,Detroit River Lake Erie,Shallow Depth Confirmed,4,-83.136231,42.0271891,[],Shoal located in area bounded by: 42 01.631N 083 08.174W 42 01.632N 083 08.174W 42 01.632N 083 08.172W 42 01.631N 083 08.172W Depth: 8.4 metres In Force Shoals number CNA1050/26 refers.
181026,NW-C-1745-26,2026-05-22,Newly Discovered Dangers Cancels NW-C-0352-26,Detroit River Lake Erie,Shallow Depth Confirmed,4,-83.1395624,42.0185554,[],Shoal located in area bounded by: 42 01.113N 083 08.374W 42 02.047N 083 08.249W 42 02.046N 083 08.235W 42 01.112N 083 08.359W Depth: 8.2 metres In Force Shoals number CNA1051/26 refers.
181027,NW-C-1744-26,2026-05-22,Newly Discovered Dangers Cancels NW-C-0379-26,Detroit River Lake Erie,Shallow Depth Confirmed,4,-83.139905,42.0187411,[],Shoal located in area bounded by: 42 01.124N 083 08.394W 42 02.375N 083 08.228W 42 02.373N 083 08.205W 42 01.123N 083 08.371W Depth: 7.4 metres In Force Shoals number CNA1052/26 refers.
181028,NW-C-1743-26,2026-05-22,Newly Discovered Dangers Cancels NW-C-0382-26,Detroit River Lake Erie,Shallow Depth Confirmed,4,-83.1401843,42.0193658,[],Shoal located in area bounded by: 42 01.162N 083 08.411W 42 02.660N 083 08.212W 42 02.658N 083 08.189W 42 01.160N 083 08.389W Depth: 6.0 metres In Force Shoals number CNA1053/26 refers.
181030,NW-C-1742-26,2026-05-22,Newly Discovered Dangers Cancels NW-C-0350-26,Detroit River Lake Erie,Shallow Depth Confirmed,4,-83.1369946,42.0124879,[],Shoal located in area bounded by: 42 00.749N 083 08.220W 42 01.595N 083 08.107W 42 01.594N 083 08.087W 42 00.748N 083 08.200W Depth: 7.8 metres In Force Shoals number CNA1054/26 refers.
181031,NW-C-1741-26,2026-05-22,Newly Discovered Dangers Cancels NW-C-0373-26,Detroit River Lake Erie,Shallow Depth Confirmed,4,-83.1375074,42.0130235,[],Shoal located in area bounded by: 42 00.781N 083 08.250W 42 01.171N 083 08.199W 42 01.168N 083 08.163W 42 00.779N 083 08.215W Depth: 8.3 metres In Force Shoals number CNA1055/26 refers.
181032,NW-C-1740-26,2026-05-22,Newly Discovered Dangers Cancels NW-C-0347-26,Detroit River Lake Erie,Shallow Depth Confirmed,4,-83.1361929,42.0208913,[],Shoal located in area bounded by: 42 01.253N 083 08.172W 42 01.266N 083 08.170W 42 01.266N 083 08.167W 42 01.253N 083 08.169W Depth: 8.7 metres In Force Shoals number CNA1056/26 refers.
181033,NW-C-1739-26,2026-05-22,Newly Discovered Dangers Cancels NW-C-0375-26,Detroit River Lake Erie,Shallow Depth Confirmed,4,-83.1361125,42.0235373,[],Shoal located in area bounded by: 42 01.412N 083 08.167W 42 01.599N 083 08.142W 42 01.597N 083 08.105W 42 01.410N 083 08.130W Depth: 8.0 metres In Force Shoals number CNA1057/26 refers.
181048,NW-C-1794-26,2026-05-22,Newly Discovered Dangers Cancels NW-C-0380-26,Detroit River,Shallow Depth Confirmed,4,-83.1153873,42.1226488,[],Shoal located in area bounded by: 42 07.359N 083 06.923W 42 07.359N 083 06.923W 42 07.359N 083 06.921W 42 07.359N 083 06.921W Depth: 6.2 metres In Force Shoals number CNA1058/26 refers.
181049,NW-C-1795-26,2026-05-22,Newly Discovered Dangers,Detroit River,Shallow Depth Confirmed,4,-83.1155975386236,42.1144600979028,[],Shoal located in area bounded by: 42 06.868N 083 06.936W 42 06.869N 083 06.936W 42 06.869N 083 06.934W 42 06.868N 083 06.934W Depth: 6.3 metres In Force Shoals number CNA1059/26 refers.
181050,NW-C-1802-26,2026-05-22,Newly Discovered Dangers Cancels NW-C-0381-26,Detroit River,Shallow Depth Confirmed,4,-83.1160935550485,42.1141243162267,[],Shoal located in area bounded by: 42 06.847N 083 06.966W 42 06.849N 083 06.966W 42 06.849N 083 06.964W 42 06.847N 083 06.964W Depth: 6.2 metres In Force Shoals number CNA1060/26 refers.
181051,NW-C-1796-26,2026-05-22,Newly Discovered Dangers Cancels NW-C-0383-26,Detroit River,Shallow Depth Confirmed,4,-83.1151586836178,42.1140462364623,[],Shoal located in area bounded by: 42 06.843N 083 06.910W 42 06.844N 083 06.909W 42 06.844N 083 06.907W 42 06.843N 083 06.907W Depth: 6.2 metres In Force Shoals number CNA1061/26 refers.
181052,NW-C-1799-26,2026-05-22,Newly Discovered Dangers Cancels NW-C-0387-26,Detroit River,Shallow Depth Confirmed,4,-83.1152305559434,42.1126323116995,[],Shoal located in area bounded by: 42 06.758N 083 06.914W 42 06.759N 083 06.914W 42 06.759N 083 06.911W 42 06.758N 083 06.912W Depth: 6.2 metres In Force Shoals number CNA1062/26 refers.
181054,NW-C-1806-26,2026-05-22,Newly Discovered Dangers Cancels NW-C-0393-26,Detroit River,Shallow Depth Confirmed,4,-83.1150610082596,42.0936198979937,[],Shoal located in area bounded by: 42 05.617N 083 06.904W 42 05.619N 083 06.904W 42 05.619N 083 06.902W 42 05.617N 083 06.902W Depth: 6.3 metres In Force Shoals number CNA1064/26 refers.
181055,NW-C-1805-26,2026-05-22,Newly Discovered Dangers Cancels NW-C-0395-26,Detroit River,Shallow Depth Confirmed,4,-83.1144591604425,42.0923248768722,[],Shoal located in area bounded by: 42 05.539N 083 06.868W 42 05.541N 083 06.868W 42 05.541N 083 06.865W 42 05.540N 083 06.865W Depth: 6.3 metres In Force Shoals number CNA1065/26 refers.
181058,NW-C-1804-26,2026-05-22,Newly Discovered Dangers Cancels NW-C-0400-26,Detroit River,Shallow Depth Confirmed,4,-83.1147473400205,42.08951465164,[],Shoal located in area bounded by: 42 05.371N 083 06.885W 42 05.372N 083 06.884W 42 05.372N 083 06.882W 42 05.370N 083 06.883W Depth: 6.3 metres In Force Shoals number CNA1066/26 refers.
181059,NW-C-1800-26,2026-05-22,Newly Discovered Dangers,Detroit River Lake Erie,Shallow Depth Confirmed,4,-83.1206212503707,42.0745457292127,[],Shoal located in area bounded by: 42 04.473N 083 07.237W 42 04.474N 083 07.237W 42 04.474N 083 07.235W 42 04.472N 083 07.235W Depth: 6.3 metres In Force Shoals number CNA1067/26 refers.
181060,NW-C-1798-26,2026-05-22,Newly Discovered Dangers,Detroit River Lake Erie,Shallow Depth Confirmed,4,-83.120946879496,42.0717778587974,[],Shoal located in area bounded by: 42 04.307N 083 07.257W 42 04.308N 083 07.256W 42 04.308N 083 07.254W 42 04.306N 083 07.255W Depth: 6.2 metres In Force Shoals number CNA1068/26 refers.
181061,NW-C-1801-26,2026-05-22,Newly Discovered Dangers Cancels NW-C-0413-26,Detroit River Lake Erie,Shallow Depth Confirmed,4,-83.1310969,42.0445596,[],Shoal located in area bounded by: 42 02.674N 083 07.866W 42 02.776N 083 07.837W 42 02.773N 083 07.821W 42 02.671N 083 07.849W Depth: 6.1 metres In Force Shoals number CNA1069/26 refers.
181062,NW-C-1797-26,2026-05-22,Newly Discovered Dangers Cancels NW-C-0415-26,Detroit River Lake Erie,Shallow Depth Confirmed,4,-83.131223,42.0429286,[],Shoal located in area bounded by: 42 02.576N 083 07.873W 42 02.595N 083 07.868W 42 02.592N 083 07.848W 42 02.573N 083 07.854W Depth: 6.2 metres In Force Shoals number CNA1070/26 refers.
181063,NW-C-1803-26,2026-05-22,Newly Discovered Dangers Cancels NW-C-0417-26,Detroit River Lake Erie,Shallow Depth Confirmed,4,-83.1326503998173,42.0363466037126,[],Shoal located in area bounded by: 42 02.181N 083 07.959W 42 02.183N 083 07.959W 42 02.182N 083 07.956W 42 02.180N 083 07.957W Depth: 6.3 metres In Force Shoals number CNA1071/26 refers.
181064,NW-C-1792-26,2026-05-22,Newly Discovered Dangers Cancels NW-C-0419-26,Detroit River Lake Erie,Shallow Depth Confirmed,4,-83.1336469394136,42.0317199210663,[],Shoal located in area bounded by: 42 01.903N 083 08.019W 42 01.904N 083 08.018W 42 01.904N 083 08.016W 42 01.903N 083 08.017W Depth: 6.0 metres In Force Shoals number CNA1072/26 refers.
181066,NW-C-1793-26,2026-05-22,Newly Discovered Dangers Cancels NW-C-0389-26,Detroit River,Shallow Depth Confirmed,4,-83.1156143,42.1069453,[],Shoal located in area bounded by: 42 06.417N 083 06.937W 42 06.582N 083 06.925W 42 06.582N 083 06.921W 42 06.417N 083 06.932W Depth: 5.7 metres In Force Shoals number CNA1063/26 refers.
181068,NW-C-1808-26,2026-05-22,Newly Discovered Dangers Cancels NW-C-0377-26,Detroit River,Shallow Depth Confirmed,4,-83.1171677,42.099268,[],Shoal located in area bounded by: 42 05.956N 083 07.030W 42 06.220N 083 07.056W 42 06.220N 083 07.050W 42 05.956N 083 07.025W Depth: 6.9 metres In Force Shoals number CNA1074/26 refers.
181069,NW-C-1809-26,2026-05-22,Newly Discovered Dangers Cancels NW-C-0376-26,Detroit River,Shallow Depth Confirmed,4,-83.1164725,42.0922112,[],Shoal located in area bounded by: 42 05.533N 083 06.988W 42 05.558N 083 06.991W 42 05.558N 083 06.985W 42 05.533N 083 06.983W Depth: 8.0 metres In Force Shoals number CNA1073/26 refers.
181170,NW-C-1866-26,2026-05-25,Newly Discovered Dangers Cancels NW-C-0358-26,Detroit River Lake Erie,Shallow Depth Confirmed,4,-83.1294205,42.0518718,[],Shoal located in area bounded by: 42 03.112N 083 07.765W 42 03.929N 083 07.473W 42 03.926N 083 07.460W 42 03.110N 083 07.752W Depth: 8.3 metres In Force Shoals number CNA1084/26 refers.
181171,NW-C-1867-26,2026-05-25,Newly Discovered Dangers,Detroit River Lake Erie,Shallow Depth Confirmed,4,-83.1341613882927,42.0317054956706,[],Shoal located in area bounded by: 42 01.902N 083 08.050W 42 01.904N 083 08.049W 42 01.904N 083 08.047W 42 01.902N 083 08.048W Depth: 8.5 metres In Force Shoals number CNA1096/26 refers.
181172,NW-C-1868-26,2026-05-25,Newly Discovered Dangers,Detroit River Lake Erie,Shallow Depth Confirmed,4,-83.1319269983831,42.0461185017315,[],Shoal located in area bounded by: 42 02.767N 083 07.916W 42 02.768N 083 07.915W 42 02.768N 083 07.914W 42 02.767N 083 07.914W Depth: 8.3 metres In Force Shoals number CNA1091/26 refers.
181173,NW-C-1869-26,2026-05-25,Newly Discovered Dangers,Detroit River Lake Erie,Shallow Depth Confirmed,4,-83.1298915596979,42.051761275676,[],Shoal located in area bounded by: 42 03.106N 083 07.793W 42 03.107N 083 07.793W 42 03.107N 083 07.791W 42 03.105N 083 07.791W Depth: 8.5 metres In Force Shoals number CNA1090/26 refers.
181174,NW-C-1870-26,2026-05-25,Newly Discovered Dangers Cancels NW-C-0351-26,Detroit River Lake Erie,Shallow Depth Confirmed,4,-83.1355374,42.0266421,[],Shoal located in area bounded by: 42 01.599N 083 08.132W 42 01.734N 083 08.108W 42 01.733N 083 08.102W 42 01.598N 083 08.126W Depth: 8.4 metres In Force Shoals number CNA1093/26 refers.
181175,NW-C-1871-26,2026-05-25,Newly Discovered Dangers Cancels NW-C-0353-26,Detroit River Lake Erie,Shallow Depth Confirmed,4,-83.1354412,42.0266235,[],Shoal located in area bounded by: 42 01.597N 083 08.126W 42 01.853N 083 08.081W 42 01.850N 083 08.047W 42 01.594N 083 08.093W Depth: 8.2 metres In Force Shoals number CNA1094/26 refers.
181177,NW-C-1872-26,2026-05-25,Newly Discovered Dangers Cancels NW-C-0361-26,Detroit River Lake Erie,Shallow Depth Confirmed,4,-83.1275822,42.0585037,[],Shoal located in area bounded by: 42 03.510N 083 07.655W 42 03.521N 083 07.651W 42 03.520N 083 07.644W 42 03.509N 083 07.648W Depth: 8.1 metres In Force Shoals number CNA1089/26 refers.
181179,NW-C-1874-26,2026-05-25,Newly Discovered Dangers Cancels NW-C-0362-26,Detroit River Lake Erie,Shallow Depth Confirmed,4,-83.127066143973,42.0597633645894,[],Shoal located in area bounded by: 42 03.586N 083 07.624W 42 03.587N 083 07.623W 42 03.587N 083 07.621W 42 03.585N 083 07.622W Depth: 8.5 metres In Force Shoals number CNA1088/26 refers.
181180,NW-C-1875-26,2026-05-25,Newly Discovered Dangers Cancels NW-C-0355-26,Detroit River Lake Erie,Shallow Depth Confirmed,4,-83.1327343,42.039388,[],Shoal located in area bounded by: 42 02.363N 083 07.964W 42 02.380N 083 07.959W 42 02.379N 083 07.952W 42 02.362N 083 07.957W Depth: 8.5 metres In Force Shoals number CNA1092/26 refers.
181181,NW-C-1876-26,2026-05-25,Newly Discovered Dangers Cancels NW-C-0354-26,Detroit River Lake Erie,Shallow Depth Confirmed,4,-83.1348838,42.0265646,[],Shoal located in area bounded by: 42 01.594N 083 08.093W 42 01.873N 083 08.043W 42 01.872N 083 08.034W 42 01.593N 083 08.084W Depth: 7.7 metres In Force Shoals number CNA1095/26 refers.
181182,NW-C-1877-26,2026-05-25,Newly Discovered Dangers Cancels NW-C-0365-26,Detroit River Lake Erie,Shallow Depth Confirmed,4,-83.1260923,42.059669,[],Shoal located in area bounded by: 42 03.580N 083 07.566W 42 03.626N 083 07.549W 42 03.625N 083 07.545W 42 03.579N 083 07.561W Depth: 7.3 metres In Force Shoals number CNA1087/26 refers.
181183,NW-C-1878-26,2026-05-25,Newly Discovered Dangers Cancels NW-C-0401-26,Detroit River Lake Erie,Shallow Depth Confirmed,4,-83.1250988,42.0624787,[],Shoal located in area bounded by: 42 03.749N 083 07.506W 42 03.788N 083 07.492W 42 03.787N 083 07.487W 42 03.748N 083 07.501W Depth: 7.0 metres In Force Shoals number CNA1086/26 refers.
181225,NW-C-1913-26,2026-05-26,Newly Discovered Dangers,Detroit River,Shallow Depth Confirmed,4,-82.9468774,42.345867,[],Shoal located in area bounded by: 42 20.752N 082 56.813W 42 20.831N 082 56.707W 42 20.825N 082 56.698W 42 20.746N 082 56.804W Depth: 7.5 metres In Force Shoals number CNA1097/26 refers.
181226,NW-C-1915-26,2026-05-26,Newly Discovered Dangers Cancels NW-C-0428-26,Detroit River,Shallow Depth Confirmed,4,-82.9482054950929,42.3447530172096,[],Shoal located in area bounded by: 42 20.685N 082 56.892W 42 20.686N 082 56.891W 42 20.685N 082 56.889W 42 20.684N 082 56.891W Depth: 8.5 metres In Force Shoals number CNA1098/26 refers.
181227,NW-C-1916-26,2026-05-26,Newly Discovered Dangers Cancels NW-C-0424-26,Detroit River,Shallow Depth Confirmed,4,-82.9642022,42.3378353,[],Shoal located in area bounded by: 42 20.270N 082 57.852W 42 20.332N 082 57.683W 42 20.326N 082 57.679W 42 20.264N 082 57.848W Depth: 8.5 metres In Force Shoals number CNA1099/26 refers.
181228,NW-C-1917-26,2026-05-26,Newly Discovered Dangers,Detroit River,Shallow Depth Confirmed,4,-83.1226365,42.1390343,[],Shoal located in area bounded by: 42 08.342N 083 07.358W 42 08.343N 083 07.358W 42 08.344N 083 07.353W 42 08.343N 083 07.353W Depth: 8.5 metres In Force Shoals number CNA1075/26 refers.
181229,NW-C-1924-26,2026-05-26,Newly Discovered Dangers Cancels NW-C-0339-26,Detroit River,Shallow Depth Confirmed,4,-83.1237572,42.140305,[],Shoal located in area bounded by: 42 08.418N 083 07.425W 42 08.533N 083 07.474W 42 08.537N 083 07.456W 42 08.422N 083 07.408W Depth: 8.4 metres In Force Shoals number CNA1076/26 refers.
181230,NW-C-1926-26,2026-05-26,Newly Discovered Dangers Cancels NW-C-0342-26,Detroit River,Shallow Depth Confirmed,4,-83.1238934,42.1414057,[],Shoal located in area bounded by: 42 08.484N 083 07.434W 42 08.589N 083 07.478W 42 08.592N 083 07.463W 42 08.488N 083 07.419W Depth: 8.3 metres In Force Shoals number CNA1077/26 refers.
181231,NW-C-1927-26,2026-05-26,Newly Discovered Dangers Cancels NW-C-0344-26,Detroit River,Shallow Depth Confirmed,4,-83.1264335,42.1457612,[],Shoal located in area bounded by: 42 08.746N 083 07.586W 42 08.750N 083 07.588W 42 08.751N 083 07.584W 42 08.747N 083 07.582W Depth: 8.1 metres In Force Shoals number CNA1078/26 refers.
181232,NW-C-1928-26,2026-05-26,Newly Discovered Dangers,Detroit River,Shallow Depth Confirmed,4,-83.1252097,42.1479175,[],Shoal located in area bounded by: 42 08.875N 083 07.513W 42 08.876N 083 07.513W 42 08.876N 083 07.511W 42 08.875N 083 07.511W Depth: 8.5 metres In Force Shoals number CNA1079/26 refers.
181233,NW-C-1929-26,2026-05-26,Newly Discovered Dangers Cancels NW-C-0349-26,Detroit River,Shallow Depth Confirmed,4,-83.1269776,42.1470513,[],Shoal located in area bounded by: 42 08.823N 083 07.619W 42 08.831N 083 07.622W 42 08.832N 083 07.618W 42 08.824N 083 07.615W Depth: 8.2 metres In Force Shoals number CNA1080/26 refers.
181234,NW-C-1930-26,2026-05-26,Newly Discovered Dangers,Detroit River,Shallow Depth Confirmed,4,-83.1273131,42.1526494,[],Shoal located in area bounded by: 42 09.159N 083 07.639W 42 09.160N 083 07.639W 42 09.160N 083 07.638W 42 09.159N 083 07.637W Depth: 8.5 metres In Force Shoals number CNA1081/26 refers.
181235,NW-C-1931-26,2026-05-26,Newly Discovered Dangers Cancels NW-C-0345-26,Detroit River,Shallow Depth Confirmed,4,-83.1276195,42.1536369,[],Shoal located in area bounded by: 42 09.218N 083 07.657W 42 09.252N 083 07.671W 42 09.254N 083 07.661W 42 09.221N 083 07.647W Depth: 8.4 metres In Force Shoals number CNA1082/26 refers.
181237,NW-C-1932-26,2026-05-26,Newly Discovered Dangers Cancels NW-C-0346-26,Detroit River,Shallow Depth Confirmed,4,-83.1279899,42.1543948,[],Shoal located in area bounded by: 42 09.264N 083 07.679W 42 09.390N 083 07.733W 42 09.393N 083 07.720W 42 09.267N 083 07.666W Depth: 8.2 metres In Force Shoals number CNA1083/26 refers.
181238,NW-C-1933-26,2026-05-26,Newly Discovered Dangers Cancels NW-C-0348-26,Detroit River,Shallow Depth Confirmed,4,-83.12917,42.1570445,[],Shoal located in area bounded by: 42 09.423N 083 07.750W 42 09.647N 083 07.845W 42 09.651N 083 07.829W 42 09.426N 083 07.734W Depth: 7.9 metres In Force Shoals number CNA1085/26 refers.
181251,NW-C-1934-26,2026-05-26,Newly Discovered Dangers Cancels NW-C-0309-26,Port of Trois-Rivieres,Shallow Depth Confirmed,4,-72.538901,46.3403054,[],Shoal located in area bounded by: 46 20.418N 072 32.334W 46 20.444N 072 32.290W 46 20.440N 072 32.284W 46 20.414N 072 32.328W Depth: 9.3 metres In Force Shoals number Q5098/26 refers.
181252,NW-M-0663-26,2026-05-26,Submerged Vessel,Chaleur - Miscou - south,Submerged Object,1,-65.64093333333334,47.61803333333334,[],Sunken vessel reported at 47 37.082N 065 38.456W. Caution
181529,NW-C-2095-26,2026-06-02,Submerged Object,Lake Saint-Louis - west Vicinity Île Dowker,Submerged Object,1,-73.91613333333333,45.3979,[],Tree 4 metres in length 30 centimetres in diameter reported at 45 23.87N 073 54.97W at 022000 UTC Jun 2026.
181535,NW-C-2097-26,2026-06-02,Submerged Object,Lake Ontario Vicinity Grimsby Beach,Submerged Object,1,-79.51983581059392,43.19538132046495,[],Deadhead 30 centimetres in diameter reported at 43 11.72N 079 31.19W at 022236 UTC Jun 2026.
181567,NW-C-2108-26,2026-06-03,Shallow Depth Confirmed,Pointe-des-Monts to Anticosti - south Vicinity Cap-Chat,Shallow Depth Confirmed,1,-66.68966666666667,49.09956666666667,[],"Shallow depth confirmed at 49 05.974N 066 41.380W, 0.2 metre, at 031453 UTC Jun 2026."
181594,NW-M-0712-26,2026-06-04,Shallow Depth Confirmed,Northumberland Strait Vicinity Souris,Shallow Depth Confirmed,1,-62.251681833333336,46.349521583333335,[],"46 20.971N 062 15.101W As a result of a hydrographic survey, shallower depths located at Latitude Longitude Depth in Metres 46 20.971N 062 15.101W 4.1 Available depth refers to chart datum. Caution."
181595,NW-C-2127-26,2026-06-04,Newly Discovered Dangers Cancels NW-C-0454-26,Lake St. Clair St. Clair River,Shallow Depth Confirmed,4,-82.6829593,42.5184633,[],Shoal located in area bounded by: 42 31.108N 082 40.978W 42 31.134N 082 40.904W 42 31.128N 082 40.900W 42 31.101N 082 40.973W Depth: 8.1 metres In Force Shoals number CNA1100/26 refers.
181597,NW-C-2128-26,2026-06-04,Newly Discovered Dangers Cancels NW-C-0453-26,Lake St. Clair St. Clair River,Shallow Depth Confirmed,4,-82.6828038,42.5186477,[],Shoal located in area bounded by: 42 31.119N 082 40.968W 42 31.257N 082 40.581W 42 31.250N 082 40.576W 42 31.112N 082 40.964W Depth: 8.0 metres In Force Shoals number CNA1101/26 refers.
181598,NW-C-2129-26,2026-06-04,Newly Discovered Dangers,Lake St. Clair St. Clair River,Shallow Depth Confirmed,4,-82.6758408261701,42.5210262120874,[],Shoal located in area bounded by: 42 31.262N 082 40.550W 42 31.262N 082 40.549W 42 31.261N 082 40.548W 42 31.260N 082 40.550W Depth: 8.2 metres In Force Shoals number CNA1102/26 refers.
181599,NW-C-2131-26,2026-06-04,Newly Discovered Dangers Cancels NW-C-0455-26,Lake St. Clair St. Clair River,Shallow Depth Confirmed,4,-82.6739201,42.5218208,[],Shoal located in area bounded by: 42 31.309N 082 40.435W 42 31.361N 082 40.291W 42 31.356N 082 40.288W 42 31.305N 082 40.432W Depth: 7.7 metres In Force Shoals number CNA1103/26 refers.
181600,NW-C-2130-26,2026-06-04,Newly Discovered Dangers Cancels NW-C-0456-26,Lake St. Clair St. Clair River,Shallow Depth Confirmed,4,-82.6737904,42.5217889,[],Shoal located in area bounded by: 42 31.307N 082 40.427W 42 31.353N 082 40.300W 42 31.347N 082 40.296W 42 31.301N 082 40.423W Depth: 7.7 metres In Force Shoals number CNA1104/26 refers.
181601,NW-C-2132-26,2026-06-04,Newly Discovered Dangers Cancels NW-C-0457-26,Lake St. Clair St. Clair River,Shallow Depth Confirmed,4,-82.6733989,42.5218017,[],Shoal located in area bounded by: 42 31.308N 082 40.404W 42 31.328N 082 40.349W 42 31.324N 082 40.347W 42 31.305N 082 40.402W Depth: 8.0 metres In Force Shoals number CNA1105/26 refers.
181602,NW-C-2133-26,2026-06-04,Newly Discovered Dangers Cancels NW-C-0458-26,Lake St. Clair St. Clair River,Shallow Depth Confirmed,4,-82.6708583,42.5229141,[],Shoal located in area bounded by: 42 31.375N 082 40.251W 42 31.383N 082 40.228W 42 31.367N 082 40.217W 42 31.358N 082 40.241W Depth: 8.2 metres In Force Shoals number CNA1106/26 refers.
181603,NW-C-2134-26,2026-06-04,Newly Discovered Dangers Cancels NW-C-0459-26,Lake St. Clair St. Clair River,Shallow Depth Confirmed,4,-82.6695804,42.5233714,[],Shoal located in area bounded by: 42 31.402N 082 40.175W 42 31.529N 082 39.820W 42 31.521N 082 39.815W 42 31.395N 082 40.170W Depth: 7.2 metres In Force Shoals number CNA1107/26 refers.
181604,NW-C-2135-26,2026-06-04,Newly Discovered Dangers Cancels NW-C-0461-26 Cancels NW-C-0460-26,Lake St. Clair St. Clair River,Shallow Depth Confirmed,4,-82.6696668,42.5232012,[],Shoal located in area bounded by: 42 31.392N 082 40.180W 42 31.547N 082 39.747W 42 31.533N 082 39.738W 42 31.379N 082 40.171W Depth: 7.4 metres In Force Shoals number CNA1108/26 refers.
181605,NW-C-2136-26,2026-06-04,Newly Discovered Dangers Cancels NW-C-0462-26,Lake St. Clair St. Clair River,Shallow Depth Confirmed,4,-82.6584691,42.5273385,[],Shoal located in area bounded by: 42 31.640N 082 39.508W 42 31.710N 082 39.313W 42 31.701N 082 39.306W 42 31.631N 082 39.502W Depth: 7.6 metres In Force Shoals number CNA1109/26 refers.
181606,NW-C-2137-26,2026-06-04,Newly Discovered Dangers Cancels NW-C-0463-26 Cancels NW-C-0464-26,Lake St. Clair St. Clair River,Shallow Depth Confirmed,4,-82.6578677,42.5273584,[],Shoal located in area bounded by: 42 31.642N 082 39.472W 42 31.683N 082 39.356W 42 31.665N 082 39.344W 42 31.624N 082 39.460W Depth: 7.7 metres In Force Shoals number CNA1110/26 refers.
181607,NW-C-2138-26,2026-06-04,Newly Discovered Dangers Cancels NW-C-0465-26,Lake St. Clair St. Clair River,Shallow Depth Confirmed,4,-82.6539758,42.5288993,[],Shoal located in area bounded by: 42 31.734N 082 39.239W 42 31.767N 082 39.145W 42 31.749N 082 39.132W 42 31.715N 082 39.226W Depth: 8.1 metres In Force Shoals number CNA1111/26 refers.
181608,NW-C-2139-26,2026-06-04,Newly Discovered Dangers Cancels NW-C-0467-26,Lake St. Clair St. Clair River,Shallow Depth Confirmed,4,-82.6481608,42.5310181,[],Shoal located in area bounded by: 42 31.861N 082 38.890W 42 31.961N 082 38.608W 42 31.951N 082 38.601W 42 31.850N 082 38.883W Depth: 8.1 metres In Force Shoals number CNA1112/26 refers.
181609,NW-C-2140-26,2026-06-04,Newly Discovered Dangers,Lake St. Clair St. Clair River,Shallow Depth Confirmed,4,-82.642617,42.5327239,[],Shoal located in area bounded by: 42 31.963N 082 38.557W 42 31.964N 082 38.556W 42 31.963N 082 38.555W 42 31.962N 082 38.556W Depth: 8.2 metres In Force Shoals number CNA1113/26 refers.
181610,NW-C-2141-26,2026-06-04,Newly Discovered Dangers Cancels NW-C-0451-26,Lake St. Clair St. Clair River,Shallow Depth Confirmed,4,-82.6859137,42.5155,[],Shoal located in area bounded by: 42 30.930N 082 41.155W 42 32.192N 082 37.617W 42 32.188N 082 37.614W 42 30.925N 082 41.152W Depth: 1.9 metres In Force Shoals number CNA1114/26 refers.
181611,NW-C-2144-26,2026-06-04,Newly Discovered Dangers Cancels NW-C-0450-26,Lake St. Clair St. Clair River,Shallow Depth Confirmed,4,-82.6858144,42.5157119,[],Shoal located in area bounded by: 42 30.943N 082 41.149W 42 32.196N 082 37.636W 42 32.187N 082 37.631W 42 30.934N 082 41.143W Depth: 5.2 metres In Force Shoals number CNA1115/26 refers.
181612,NW-C-2146-26,2026-06-04,Newly Discovered Dangers Cancels NW-C-0449-26,Lake St. Clair St. Clair River,Shallow Depth Confirmed,4,-82.6856171,42.5161291,[],Shoal located in area bounded by: 42 30.968N 082 41.137W 42 32.189N 082 37.715W 42 32.172N 082 37.703W 42 30.950N 082 41.126W Depth: 6.9 metres In Force Shoals number CNA1116/26 refers.
181613,NW-C-2147-26,2026-06-04,Newly Discovered Dangers Cancels NW-C-0448-26 Cancels NW-C-0452-26,Lake St. Clair St. Clair River,Shallow Depth Confirmed,4,-82.6613253,42.5250501,[],Shoal located in area bounded by: 42 31.503N 082 39.680W 42 32.208N 082 37.702W 42 32.196N 082 37.694W 42 31.490N 082 39.671W Depth: 7.9 metres In Force Shoals number CNA1117/26 refers.
181614,NW-C-2148-26,2026-06-04,Newly Discovered Dangers Cancels NW-C-0473-26,Lake St. Clair St. Clair River,Shallow Depth Confirmed,4,-82.6085922,42.5447369,[],Shoal located in area bounded by: 42 32.684N 082 36.516W 42 32.714N 082 36.432W 42 32.712N 082 36.430W 42 32.682N 082 36.514W Depth: 8.2 metres In Force Shoals number CNA1118/26 refers.
181615,NW-C-2149-26,2026-06-04,Newly Discovered Dangers Cancels NW-C-0472-26,Lake St. Clair St. Clair River,Shallow Depth Confirmed,4,-82.6053034,42.5463014,[],Shoal located in area bounded by: 42 32.778N 082 36.318W 42 32.969N 082 35.782W 42 32.961N 082 35.777W 42 32.770N 082 36.313W Depth: 5.6 metres In Force Shoals number CNA1119/26 refers.
181616,NW-C-2143-26,2026-06-04,Newly Discovered Dangers Cancels NW-C-0471-26,Lake St. Clair St. Clair River,Shallow Depth Confirmed,4,-82.6051606,42.5461945,[],Shoal located in area bounded by: 42 32.772N 082 36.310W 42 32.921N 082 35.891W 42 32.914N 082 35.886W 42 32.765N 082 36.305W Depth: 6.2 metres In Force Shoals number CNA1120/26 refers.
181617,NW-C-2150-26,2026-06-04,Newly Discovered Dangers Cancels NW-C-0470-26,Lake St. Clair St. Clair River,Shallow Depth Confirmed,4,-82.6050869,42.5460815,[],Shoal located in area bounded by: 42 32.765N 082 36.305W 42 32.895N 082 35.940W 42 32.889N 082 35.936W 42 32.759N 082 36.302W Depth: 6.9 metres In Force Shoals number CNA1121/26 refers.
181618,NW-C-2151-26,2026-06-04,Newly Discovered Dangers Cancels NW-C-0469-26,Lake St. Clair St. Clair River,Shallow Depth Confirmed,4,-82.6049093,42.5460286,[],Shoal located in area bounded by: 42 32.762N 082 36.295W 42 32.867N 082 36.000W 42 32.862N 082 35.997W 42 32.757N 082 36.292W Depth: 7.7 metres In Force Shoals number CNA1122/26 refers.
181629,NW-C-2145-26,2026-06-04,Submerged Object,Lake Huron Vicinity Murphy road Beach,Submerged Object,1,-82.36225510034855,43.01976765508999,[],Submerged object reported in 43 01.19N 082 21.74W at 042047 UTC Jun 2026.
181657,NW-C-2168-26,2026-06-05,Shallow Depth Confirmed,Kingston to Cornwall Vicinity Maitland,Shallow Depth Confirmed,1,-75.62191666666666,44.61475,[],Shallow depth confirmed at 44 36.885N 075 37.315W at 051643 UTC Jun 2026. Depth 3.6 metres.
181740,NW-C-2208-26,2026-06-08,Newly Discovered Dangers Cancels NW-C-0438-26,St. Clair River,Shallow Depth Confirmed,4,-82.481531,42.7360794,[],Shoal located in area bounded by: 42 44.165N 082 28.892W 42 44.212N 082 28.865W 42 44.208N 082 28.854W 42 44.161N 082 28.881W Depth: 8.1 metres In Force Shoals number CNA1123/26 refers.
181793,NW-C-2230-26,2026-06-09,Newly Discovered Dangers Cancels NW-C-0447-26,Lake St. Clair St. Clair River,Shallow Depth Confirmed,4,-82.5769187,42.5670339,[],Shoal located in area bounded by: 42 34.022N 082 34.615W 42 34.048N 082 34.580W 42 34.045N 082 34.576W 42 34.019N 082 34.610W Depth: 7.5 metres In Force Shoals number CNA1124/26 refers.
181795,NW-C-2231-26,2026-06-09,Newly Discovered Dangers Cancels NW-C-0446-26,Lake St. Clair St. Clair River,Shallow Depth Confirmed,4,-82.5754815,42.5680954,[],Shoal located in area bounded by: 42 34.086N 082 34.529W 42 34.091N 082 34.522W 42 34.088N 082 34.518W 42 34.083N 082 34.525W Depth: 8.1 metres In Force Shoals number CNA1125/26 refers.
181796,NW-C-2232-26,2026-06-09,Newly Discovered Dangers Cancels NW-C-0445-26,St. Clair River,Shallow Depth Confirmed,4,-82.5712247,42.5715356,[],Shoal located in area bounded by: 42 34.292N 082 34.273W 42 34.308N 082 34.253W 42 34.295N 082 34.236W 42 34.280N 082 34.256W Depth: 7.9 metres In Force Shoals number CNA1126/26 refers.
181797,NW-C-2233-26,2026-06-09,Newly Discovered Dangers Cancels NW-C-0444-26,St. Clair River,Shallow Depth Confirmed,4,-82.5707313,42.572004,[],Shoal located in area bounded by: 42 34.320N 082 34.244W 42 34.371N 082 34.165W 42 34.354N 082 34.145W 42 34.303N 082 34.224W Depth: 7.8 metres In Force Shoals number CNA1127/26 refers.
181798,NW-C-2234-26,2026-06-09,Newly Discovered Dangers Cancels NW-C-0443-26,St. Clair River,Shallow Depth Confirmed,4,-82.5243139,42.6050043,[],Shoal located in area bounded by: 42 36.300N 082 31.459W 42 36.364N 082 31.357W 42 36.355N 082 31.347W 42 36.291N 082 31.448W Depth: 2.9 metres In Force Shoals number CNA1128/26 refers.
181799,NW-C-2235-26,2026-06-09,Newly Discovered Dangers Cancels NW-C-0442-26,St. Clair River,Shallow Depth Confirmed,4,-82.5213236,42.6075234,[],Shoal located in area bounded by: 42 36.451N 082 31.279W 42 36.509N 082 31.225W 42 36.507N 082 31.222W 42 36.450N 082 31.276W Depth: 7.4 metres In Force Shoals number CNA1129/26 refers.
181800,NW-C-2236-26,2026-06-09,Newly Discovered Dangers Cancels NW-C-0441-26,St. Clair River,Shallow Depth Confirmed,4,-82.5180878,42.6115978,[],Shoal located in area bounded by: 42 36.696N 082 31.085W 42 36.705N 082 31.081W 42 36.704N 082 31.075W 42 36.694N 082 31.079W Depth: 5.0 metres In Force Shoals number CNA1130/26 refers.
181801,NW-C-2237-26,2026-06-09,Newly Discovered Dangers Cancels NW-C-0440-26,St. Clair River,Shallow Depth Confirmed,4,-82.515473,42.6172652,[],Shoal located in area bounded by: 42 37.036N 082 30.928W 42 37.041N 082 30.926W 42 37.041N 082 30.922W 42 37.035N 082 30.925W Depth: 8.2 metres In Force Shoals number CNA1131/26 refers.
181802,NW-C-2238-26,2026-06-09,Newly Discovered Dangers Cancels NW-C-0439-26,St. Clair River,Shallow Depth Confirmed,4,-82.5153966,42.6177084,[],Shoal located in area bounded by: 42 37.063N 082 30.924W 42 37.071N 082 30.920W 42 37.068N 082 30.908W 42 37.060N 082 30.912W Depth: 7.8 metres In Force Shoals number CNA1132/26 refers.
181810,NW-C-2242-26,2026-06-09,Aids to Navigation,Ottawa River 1,Buoys Aids Rockcliffe Yacht Club information light buoy PRIV LL 1295.86 Rockcliffe Yacht Club information light buoy PRIV LL 1295.9 Rockcliffe Yacht Club information light buoy PRIV LL 1295.88 Rockcliffe Yacht Club information light buoy PRIV LL 1295.84 Rockcliffe Yacht Club information light buoy PRIV LL 1295.92 Rockcliffe Yacht Club information light buoy PRIV LL 1295.82,6,-75.64463333333333,45.465066666666665,[],Changed from lit to unlit.
181882,NW-C-2278-26,2026-06-11,Semi-submerged Object,Port of Montreal Vicinity Section 16-17,Submerged Object,1,-73.5495,45.506,[],"Semi-submerged yellow metallic cylinder showing ""DANGER"" reported in 45 30.360N 073 32.970W at 110129 UTC Jun 2026. Cylinder measures 3 metres in length."
181890,NW-N-0380-26,2026-06-11,Shallow Depth Reported Cancels NW-N-0364-26,East Coast,Shallow Depth Reported,5,-53.123266666666666,48.64995,[],A sounding survey of Bonavista Harbour identified shallower depths at the following locations: Latitude Longitude Depth (m) 48 38.997N 053 07.396W 8.8 Latitude Longitude Depth (m) 48 38.921N 053 06.971W 1.1 Latitude Longitude Depth (m) 48 38.919N 053 06.811W 1.1 Latitude Longitude Depth (m) 48 39.021N 053 06.893W 3.6 Latitude Longitude Depth (m) 48 39.042N 053 06.897W 1.3
181932,NW-C-2303-26,2026-06-11,Newly Discovered Dangers Cancels NW-C-0285-26,Trois-Rivières to Donnacona,Shallow Depth Confirmed,4,-71.9088891,46.6488145,[],Shoal located in area bounded by: 46 38.929N 071 54.533W 46 38.928N 071 54.534W 46 38.929N 071 54.536W 46 38.930N 071 54.535W Depth: 10.4 metres In Force Shoals number Q5124/26 refers.
181969,NW-C-2329-26,2026-06-12,Newly Discovered Dangers Cancels NW-C-0436-26,St. Clair River,Shallow Depth Confirmed,4,-82.4131155,42.9777267,[],Shoal located in area bounded by: 42 58.664N 082 24.787W 42 58.697N 082 24.801W 42 58.700N 082 24.790W 42 58.666N 082 24.776W Depth: 8.2 metres In Force Shoals number CNA1133/26 refers.
181970,NW-C-2330-26,2026-06-12,Newly Discovered Dangers Cancels NW-C-0435-26,St. Clair River,Shallow Depth Confirmed,4,-82.4138373289685,42.9783133406203,[],Shoal located in area bounded by: 42 58.699N 082 24.830W 42 58.700N 082 24.831W 42 58.701N 082 24.829W 42 58.699N 082 24.828W Depth: 8.2 metres In Force Shoals number CNA1134/26 refers.
181971,NW-C-2331-26,2026-06-12,Newly Discovered Dangers Cancels NW-C-0434-26,St. Clair River,Shallow Depth Confirmed,4,-82.4135388,42.9784878,[],Shoal located in area bounded by: 42 58.709N 082 24.812W 42 58.748N 082 24.829W 42 58.752N 082 24.813W 42 58.713N 082 24.796W Depth: 7.6 metres In Force Shoals number CNA1135/26 refers.
181991,NW-N-0386-26,2026-06-13,Shallow Depth Reported,East Coast,Shallow Depth Reported,0,,,[],Sounding surveys near Catalina and Port Union have identified shallower depths at the following locations: 48 30.915N 053 04.312W - Depth 8.0m 48 30.874N 053 04.188W - Depth 6.0m 48 30.783N 053 04.319W - Depth 3.9m 48 30.775N 053 04.201W - Depth 2.4m 48 30.596N 053 03.817W - Depth 6.0m 48 30.580N 053 03.743W - Depth 5.4m 48 30.812N 053 03.211W - Depth 5.5m 48 30.763N 053 02.648W - Depth 8.2m 48 30
182067,NW-C-2377-26,2026-06-15,Shallow Depth Reported,Lake Superior Vicinity Nipigon River,Shallow Depth Reported,5,-88.25874746239279,49.00994412169601,[],Due to silting in the Nipigon River depths may be less than charted. Buoys have not been placed due to the lower than charted depths.
182142,NW-C-2407-26,2026-06-17,Newly Discovered Dangers,Montréal to Trois-Rivières,Shallow Depth Confirmed,4,-72.7165616,46.2570982,[],Shoal located in area bounded by: 46 15.426N 072 42.994W 46 15.438N 072 42.957W 46 15.434N 072 42.955W 46 15.422N 072 42.991W Depth: 11.0 metres In Force Shoals number Q5125/26 refers.
182143,NW-C-2408-26,2026-06-17,Newly Discovered Dangers Cancels NW-C-1119-26,Montréal to Trois-Rivières,Shallow Depth Confirmed,4,-72.7028162,46.2645129,[],Shoal located in area bounded by: 46 15.871N 072 42.169W 46 15.920N 072 42.012W 46 15.909N 072 42.005W 46 15.859N 072 42.161W Depth: 10.1 metres In Force Shoals number Q5126/26 refers.
182166,NW-M-0812-26,2026-06-17,Submerged Object,Northumberland Strait Vicinity Cap Bimet,Submerged Object,1,-64.458923,46.23867,[],Submerged breakwater reported in 46 14.320N 064 27.535W. Caution.
182219,NW-C-2441-26,2026-06-19,Newly Discovered Dangers,St. Marys River,Shallow Depth Confirmed,4,-84.3270383,46.5008174,[],Shoal located in area bounded by: 46 30.049N 084 19.622W 46 30.046N 084 19.611W 46 30.044N 084 19.613W 46 30.046N 084 19.624W Depth: 8.3 metres In Force Shoals number CNA1136/26 refers.
182220,NW-C-2442-26,2026-06-19,Newly Discovered Dangers Cancels NW-C-0479-26,St. Marys River,Shallow Depth Confirmed,4,-84.3205081,46.4992149,[],Shoal located in area bounded by: 46 29.953N 084 19.230W 46 29.925N 084 19.116W 46 29.904N 084 19.126W 46 29.932N 084 19.241W Depth: 8.2 metres In Force Shoals number CNA1137/26 refers.
182221,NW-C-2443-26,2026-06-19,Newly Discovered Dangers Reference NW-C-0479-26,St. Marys River,Shallow Depth Confirmed,4,-84.3212107,46.4994528,[],Shoal located in area bounded by: 46 29.967N 084 19.273W 46 29.929N 084 19.114W 46 29.925N 084 19.115W 46 29.963N 084 19.275W Depth: 7.8 metres In Force Shoals number CNA1138/26 refers.
182222,NW-C-2444-26,2026-06-19,Newly Discovered Dangers,St. Marys River,Shallow Depth Confirmed,4,-84.3153205,46.4980444,[],Shoal located in area bounded by: 46 29.883N 084 18.919W 46 29.872N 084 18.876W 46 29.869N 084 18.878W 46 29.880N 084 18.921W Depth: 7.8 metres In Force Shoals number CNA1139/26 refers.
182223,NW-C-2445-26,2026-06-19,Newly Discovered Dangers,St. Marys River,Shallow Depth Confirmed,4,-84.306327,46.495898,[],Shoal located in area bounded by: 46 29.754N 084 18.380W 46 29.750N 084 18.364W 46 29.747N 084 18.365W 46 29.751N 084 18.381W Depth: 8.2 metres In Force Shoals number CNA1140/26 refers.
182327,NW-C-2482-26,2026-06-22,Submerged Object Cancels NW-C-1850-26,Montréal to Trois-Rivières Vicinity Tracy,Submerged Object,1,-73.17435,46.0041,[],Anchor with four shackles of chain reported in 46 00.246N 073 10.461W at 242240 UTC May 2026.
182365,NW-C-2503-26,2026-06-23,Submerged Object,Lake of Two Mountains - west Vicinity Saint-Placide,Submerged Object,4,-74.17592590141653,45.52309032971313,[],Submerged old dock with multiple metal posts reported in the vicinity of 45 31.42N 074 10.48W.
182370,NW-C-2506-26,2026-06-23,Newly Discovered Dangers,St. Marys River,Shallow Depth Confirmed,4,-84.5019467563262,46.4555334441816,[],Shoal located in area bounded by: 46 27.332N 084 30.117W 46 27.332N 084 30.115W 46 27.331N 084 30.115W 46 27.331N 084 30.116W Depth: 6.7 metres In Force Shoals number CNA1141/26 refers.
182372,NW-C-2511-26,2026-06-23,Newly Discovered Dangers Cancels NW-C-0483-26,St. Marys River,Shallow Depth Confirmed,4,-84.4857268,46.4561214,[],Shoal located in area bounded by: 46 27.367N 084 29.144W 46 27.411N 084 28.926W 46 27.406N 084 28.924W 46 27.362N 084 29.142W Depth: 8.5 metres In Force Shoals number CNA1142/26 refers.
182373,NW-C-2507-26,2026-06-23,Newly Discovered Dangers Cancels NW-C-0482-26,St. Marys River,Shallow Depth Confirmed,4,-84.4817178,46.4570317,[],Shoal located in area bounded by: 46 27.422N 084 28.903W 46 27.467N 084 28.676W 46 27.459N 084 28.672W 46 27.414N 084 28.900W Depth: 7.9 metres In Force Shoals number CNA1143/26 refers.
182374,NW-C-2508-26,2026-06-23,Newly Discovered Dangers Reference NW-C-0482-26,St. Marys River,Shallow Depth Confirmed,4,-84.4816634,46.4568957,[],Shoal located in area bounded by: 46 27.414N 084 28.900W 46 27.459N 084 28.671W 46 27.456N 084 28.670W 46 27.411N 084 28.899W Depth: 7.3 metres In Force Shoals number CNA1144/26 refers.
182375,NW-C-2510-26,2026-06-23,Newly Discovered Dangers Reference NW-C-0490-26,St. Marys River,Shallow Depth Confirmed,4,-84.4881939,46.4589862,[],Shoal located in area bounded by: 46 27.539N 084 29.292W 46 27.591N 084 29.030W 46 27.587N 084 29.028W 46 27.535N 084 29.290W Depth: 7.9 metres In Force Shoals number CNA1145/26 refers.
182376,NW-C-2509-26,2026-06-23,Newly Discovered Dangers Cancels NW-C-0490-26,St. Marys River,Shallow Depth Confirmed,4,-84.4904998,46.45865,[],Shoal located in area bounded by: 46 27.519N 084 29.430W 46 27.622N 084 28.912W 46 27.615N 084 28.909W 46 27.512N 084 29.427W Depth: 6.3 metres In Force Shoals number CNA1146/26 refers.
182377,NW-C-2512-26,2026-06-23,Newly Discovered Dangers Cancels NW-C-0480-26,St. Marys River,Shallow Depth Confirmed,4,-84.4718475,46.4604744,[],Shoal located in area bounded by: 46 27.628N 084 28.311W 46 27.719N 084 28.098W 46 27.709N 084 28.089W 46 27.618N 084 28.302W Depth: 7.8 metres In Force Shoals number CNA1147/26 refers.
182380,NW-C-2513-26,2026-06-23,Newly Discovered Dangers Cancels NW-C-0477-26,St. Marys River,Shallow Depth Confirmed,4,-84.4700443,46.4656659,[],Shoal located in area bounded by: 46 27.940N 084 28.203W 46 28.104N 084 28.061W 46 28.100N 084 28.053W 46 27.936N 084 28.194W Depth: 7.9 metres In Force Shoals number CNA1149/26 refers.
182381,NW-C-2514-26,2026-06-23,Newly Discovered Dangers Reference NW-C-0477-26,St. Marys River,Shallow Depth Confirmed,4,-84.4704437,46.4653499,[],Shoal located in area bounded by: 46 27.921N 084 28.227W 46 28.115N 084 28.059W 46 28.113N 084 28.053W 46 27.919N 084 28.221W Depth: 7.4 metres In Force Shoals number CNA1150/26 refers.
182390,NW-C-2516-26,2026-06-23,Newly Discovered Dangers Reference NW-C-0480-26,St. Marys River,Shallow Depth Confirmed,4,-84.4720121,46.4601693,[],Shoal located in area bounded by: 46 27.610N 084 28.321W 46 27.709N 084 28.089W 46 27.706N 084 28.086W 46 27.607N 084 28.318W Depth: 7.4 metres In Force Shoals number CNA1148/26 refers.
182401,NW-C-2522-26,2026-06-23,Shallow Depth Confirmed,Kingston to Cornwall Vicinity Iroquois,Shallow Depth Confirmed,1,-75.26781755555555,44.852805000000004,"[[44.8528, -75.26781666666666, 2.9]]","Shallow depth and crib confirmed at 44 51.168N 075 16.069W, 2.9 metres. Canadian Hydrographic Service Electronic Navigational Chart ENC CA53VLTA refers."
182418,NW-A-0098-26,2026-06-24,Submerged Object,Wrigley Harbour mile 0 to Axe Point mile 91 Vicinity Fort Providence,Submerged Object,1,-117.60616666666667,61.308527777777776,[],The hydrokinetic generator placed last year in 61 18.512N 117 36.370W reported missing.
182446,NW-A-0100-26,2026-06-25,Shallow Depth Confirmed,Ungava,Shallow Depth Confirmed,0,,,[],43 shoals of unknown depth confirmed at 251518 UTC Jun 2026 in the following coordinates: 58 38.805N 067 26.490W 58 40.330N 067 27.474W 58 40.423N 067 24.995W 58 41.359N 067 24.926W 58 41.948N 067 26.549W 58 42.280N 067 24.804W 58 42.794N 067 25.565W 58 42.629N 067 25.804W 58 40.647N 067 18.243W 58 40.706N 067 18.553W 58 38.102N 067 17.292W 58 38.234N 067 16.348W 58 38.378N 067 18.018W 58 38.159N 
182455,NW-C-2554-26,2026-06-25,Newly Discovered Dangers,St. Marys River,Shallow Depth Confirmed,4,-84.3931661,46.5019033,[],Shoal located in area bounded by: 46 30.114N 084 23.590W 46 30.120N 084 23.579W 46 30.118N 084 23.576W 46 30.111N 084 23.587W Depth: 6.8 metres In Force Shoals number CNA1161/26 refers.
182456,NW-C-2555-26,2026-06-25,Newly Discovered Dangers,St. Marys River,Shallow Depth Confirmed,4,-84.39462,46.5014268,[],Shoal located in area bounded by: 46 30.086N 084 23.677W 46 30.099N 084 23.601W 46 30.092N 084 23.598W 46 30.079N 084 23.675W Depth: 8.3 metres In Force Shoals number CNA1162/26 refers.
182457,NW-C-2556-26,2026-06-25,Newly Discovered Dangers,St. Marys River,Shallow Depth Confirmed,4,-84.39162897548,46.5009258103394,[],Shoal located in area bounded by: 46 30.056N 084 23.498W 46 30.056N 084 23.496W 46 30.054N 084 23.495W 46 30.054N 084 23.497W Depth: 8.4 metres In Force Shoals number CNA1163/26 refers.
182458,NW-C-2557-26,2026-06-25,Newly Discovered Dangers,St. Marys River,Shallow Depth Confirmed,4,-84.3945194,46.5005336,[],Shoal located in area bounded by: 46 30.032N 084 23.671W 46 30.034N 084 23.662W 46 30.022N 084 23.658W 46 30.021N 084 23.667W Depth: 8.4 metres In Force Shoals number CNA1164/26 refers.
182459,NW-C-2558-26,2026-06-25,Newly Discovered Dangers Cancels NW-C-0500-26,St. Marys River,Shallow Depth Confirmed,4,-84.3712747,46.5120955,[],Shoal located in area bounded by: 46 30.726N 084 22.276W 46 30.752N 084 21.953W 46 30.747N 084 21.952W 46 30.721N 084 22.276W Depth: 3.9 metres In Force Shoals number CNA1151/26 refers.
182460,NW-C-2559-26,2026-06-25,Newly Discovered Dangers Cancels NW-C-0499-26,St. Marys River,Shallow Depth Confirmed,4,-84.3664984742097,46.5125392203716,[],Shoal located in area bounded by: 46 30.752N 084 21.990W 46 30.753N 084 21.988W 46 30.751N 084 21.988W 46 30.751N 084 21.990W Depth: 6.7 metres In Force Shoals number CNA1152/26 refers.
182461,NW-C-2560-26,2026-06-25,Newly Discovered Dangers Cancels NW-C-0498-26,St. Marys River,Shallow Depth Confirmed,4,-84.3661218,46.5133236,[],Shoal located in area bounded by: 46 30.799N 084 21.967W 46 30.799N 084 21.952W 46 30.795N 084 21.953W 46 30.795N 084 21.967W Depth: 3.6 metres In Force Shoals number CNA1153/26 refers.
182462,NW-C-2561-26,2026-06-25,Newly Discovered Dangers Cancels NW-C-0497-26,St. Marys River,Shallow Depth Confirmed,4,-84.3689528,46.5133496,[],Shoal located in area bounded by: 46 30.801N 084 22.137W 46 30.800N 084 22.055W 46 30.792N 084 22.055W 46 30.793N 084 22.137W Depth: 4.7 metres In Force Shoals number CNA1154/26 refers.
182463,NW-C-2562-26,2026-06-25,Newly Discovered Dangers Cancels NW-C-0496-26,St. Marys River,Shallow Depth Confirmed,4,-84.371931,46.5133638,[],Shoal located in area bounded by: 46 30.802N 084 22.316W 46 30.802N 084 22.312W 46 30.797N 084 22.312W 46 30.797N 084 22.316W Depth: 6.7 metres In Force Shoals number CNA1155/26 refers.
182464,NW-C-2563-26,2026-06-25,Newly Discovered Dangers Cancels NW-C-0495-26,St. Marys River,Shallow Depth Confirmed,4,-84.3764352,46.5113413,[],Shoal located in area bounded by: 46 30.680N 084 22.586W 46 30.697N 084 22.558W 46 30.693N 084 22.553W 46 30.677N 084 22.582W Depth: 7.1 metres In Force Shoals number CNA1156/26 refers.
182465,NW-C-2564-26,2026-06-25,Newly Discovered Dangers Cancels NW-C-0494-26,St. Marys River,Shallow Depth Confirmed,4,-84.3809737,46.5090475,[],Shoal located in area bounded by: 46 30.543N 084 22.858W 46 30.587N 084 22.781W 46 30.573N 084 22.764W 46 30.529N 084 22.841W Depth: 7.1 metres In Force Shoals number CNA1157/26 refers.
182466,NW-C-2565-26,2026-06-25,Newly Discovered Dangers Cancels NW-C-0493-26,St. Marys River,Shallow Depth Confirmed,4,-84.390627,46.5037835,[],Shoal located in area bounded by: 46 30.227N 084 23.438W 46 30.250N 084 23.397W 46 30.233N 084 23.376W 46 30.210N 084 23.417W Depth: 6.9 metres In Force Shoals number CNA1158/26 refers.
182467,NW-C-2566-26,2026-06-25,Newly Discovered Dangers Cancels NW-C-0488-26 Cancels NW-C-0486-26,St. Marys River,Shallow Depth Confirmed,4,-84.391997,46.5029576,[],Shoal located in area bounded by: 46 30.177N 084 23.520W 46 30.187N 084 23.503W 46 30.169N 084 23.481W 46 30.159N 084 23.498W Depth: 6.9 metres In Force Shoals number CNA1159/26 refers.
182468,NW-C-2567-26,2026-06-25,Newly Discovered Dangers Cancels NW-C-0491-26,St. Marys River,Shallow Depth Confirmed,4,-84.3931038,46.5033571,[],Shoal located in area bounded by: 46 30.201N 084 23.586W 46 30.203N 084 23.584W 46 30.201N 084 23.582W 46 30.200N 084 23.585W Depth: 7.2 metres In Force Shoals number CNA1160/26 refers.
182469,NW-C-2568-26,2026-06-25,Newly Discovered Dangers Cancels NW-C-0484-26,St. Marys River,Shallow Depth Confirmed,4,-84.3986375,46.5007425,[],Shoal located in area bounded by: 46 30.045N 084 23.918W 46 30.059N 084 23.836W 46 30.036N 084 23.828W 46 30.022N 084 23.910W Depth: 7.9 metres In Force Shoals number CNA1165/26 refers.
182470,NW-C-2569-26,2026-06-25,Newly Discovered Dangers Cancels NW-C-0481-26,St. Marys River,Shallow Depth Confirmed,4,-84.4048005,46.4996894,[],Shoal located in area bounded by: 46 29.981N 084 24.288W 46 29.987N 084 24.255W 46 29.983N 084 24.254W 46 29.977N 084 24.287W Depth: 7.5 metres In Force Shoals number CNA1166/26 refers.
182576,NW-N-0428-26,2026-06-27,Aids to Navigation Cancels NW-N-0062-26,Southwest Coast,Buoys Aids Ducie Rock light and bell buoy VD1 LL 116.5,1,-55.38003333333333,47.59952222222222,[],Missing
182629,NW-C-2661-26,2026-06-29,Newly Discovered Dangers,St. Marys River,Shallow Depth Confirmed,4,-84.1070906375118,46.2421698898128,[],Shoal located in area bounded by: 46 14.530N 084 06.425W 46 14.532N 084 06.425W 46 14.531N 084 06.423W 46 14.530N 084 06.423W Depth: 8.1 metres In Force Shoals number CNA1167/26 refers.
182630,NW-C-2662-26,2026-06-29,Newly Discovered Dangers Cancels NW-C-0516-26,St. Marys River,Shallow Depth Confirmed,4,-84.1035868093668,46.2461429754097,[],Shoal located in area bounded by: 46 14.769N 084 06.215W 46 14.770N 084 06.215W 46 14.770N 084 06.213W 46 14.768N 084 06.213W Depth: 6.3 metres In Force Shoals number CNA1168/26 refers.
182631,NW-C-2666-26,2026-06-29,Newly Discovered Dangers,St. Marys River,Shallow Depth Confirmed,4,-84.103653164079,46.246619261478,[],Shoal located in area bounded by: 46 14.797N 084 06.219W 46 14.798N 084 06.219W 46 14.798N 084 06.217W 46 14.797N 084 06.217W Depth: 6.3 metres In Force Shoals number CNA1169/26 refers.
182632,NW-C-2665-26,2026-06-29,Newly Discovered Dangers Cancels NW-C-0515-26,St. Marys River,Shallow Depth Confirmed,4,-84.1033893,46.2466901,[],Shoal located in area bounded by: 46 14.801N 084 06.203W 46 14.819N 084 06.196W 46 14.817N 084 06.186W 46 14.799N 084 06.194W Depth: 6.2 metres In Force Shoals number CNA1170/26 refers.
182633,NW-C-2664-26,2026-06-29,Newly Discovered Dangers Cancels NW-C-0514-26,St. Marys River,Shallow Depth Confirmed,4,-84.1031917,46.2473367,[],Shoal located in area bounded by: 46 14.840N 084 06.192W 46 14.862N 084 06.182W 46 14.859N 084 06.168W 46 14.837N 084 06.178W Depth: 6.3 metres In Force Shoals number CNA1171/26 refers.
182634,NW-C-2663-26,2026-06-29,Newly Discovered Dangers,St. Marys River,Shallow Depth Confirmed,4,-84.102311066363,46.2494112386525,[],Shoal located in area bounded by: 46 14.965N 084 06.139W 46 14.966N 084 06.138W 46 14.966N 084 06.136W 46 14.964N 084 06.137W Depth: 6.3 metres In Force Shoals number CNA1172/26 refers.
182652,NW-C-2671-26,2026-06-29,Shallow Depth Confirmed,Anticosti Vicinity Rivière-au-Renard,Shallow Depth Confirmed,1,-64.3909,48.99896666666667,[],Shallow depth confirmed at 48 59.938N 064 23.454W 0.2 metre.
182692,NW-C-2683-26,2026-06-30,Newly Discovered Dangers,St. Marys River,Shallow Depth Confirmed,4,-84.11591,46.2769328,[],Shoal located in area bounded by: 46 16.616N 084 06.955W 46 16.645N 084 06.957W 46 16.645N 084 06.957W 46 16.616N 084 06.954W Depth: 6.3 metres In Force Shoals number CNA1173/26 refers.
182693,NW-C-2684-26,2026-06-30,Newly Discovered Dangers Cancels NW-C-0501-26 Cancels NW-C-0502-26,St. Marys River,Shallow Depth Confirmed,4,-84.1156118,46.269591,[],Shoal located in area bounded by: 46 16.175N 084 06.937W 46 16.246N 084 06.943W 46 16.248N 084 06.913W 46 16.177N 084 06.907W Depth: 8.3 metres In Force Shoals number CNA1174/26 refers.
182694,NW-C-2685-26,2026-06-30,Newly Discovered Dangers,St. Marys River,Shallow Depth Confirmed,4,-84.1139532,46.2680939,[],Shoal located in area bounded by: 46 16.086N 084 06.837W 46 16.110N 084 06.873W 46 16.111N 084 06.872W 46 16.087N 084 06.836W Depth: 8.3 metres In Force Shoals number CNA1175/26 refers.
182695,NW-C-2686-26,2026-06-30,Newly Discovered Dangers Cancels NW-C-0505-26,St. Marys River,Shallow Depth Confirmed,4,-84.1129765,46.2669152,[],Shoal located in area bounded by: 46 16.015N 084 06.779W 46 16.025N 084 06.793W 46 16.028N 084 06.789W 46 16.018N 084 06.774W Depth: 8.4 metres In Force Shoals number CNA1176/26 refers.
182698,NW-C-2689-26,2026-06-30,Newly Discovered Dangers Cancels NW-C-0506-26,St. Marys River,Shallow Depth Confirmed,4,-84.1079346,46.2652894,[],Shoal located in area bounded by: 46 15.917N 084 06.476W 46 15.964N 084 06.544W 46 15.981N 084 06.521W 46 15.934N 084 06.453W Depth: 5.1 metres In Force Shoals number CNA1177/26 refers.
182699,NW-C-2690-26,2026-06-30,Newly Discovered Dangers,St. Marys River,Shallow Depth Confirmed,4,-84.1089152,46.2647206,[],Shoal located in area bounded by: 46 15.883N 084 06.535W 46 15.889N 084 06.543W 46 15.893N 084 06.537W 46 15.887N 084 06.529W Depth: 8.4 metres In Force Shoals number CNA1178/26 refers.
182700,NW-C-2691-26,2026-06-30,Newly Discovered Dangers Cancels NW-C-0507-26,St. Marys River,Shallow Depth Confirmed,4,-84.1037214,46.2627784,[],Shoal located in area bounded by: 46 15.767N 084 06.223W 46 15.877N 084 06.382W 46 15.884N 084 06.372W 46 15.774N 084 06.213W Depth: 5.9 metres In Force Shoals number CNA1179/26 refers.
182701,NW-C-2692-26,2026-06-30,Newly Discovered Dangers Cancels NW-C-0508-26,St. Marys River,Shallow Depth Confirmed,4,-84.1036506796811,46.2612236145648,[],Shoal located in area bounded by: 46 15.673N 084 06.219W 46 15.674N 084 06.221W 46 15.675N 084 06.219W 46 15.674N 084 06.218W Depth: 8.3 metres In Force Shoals number CNA1180/26 refers.
182702,NW-C-2693-26,2026-06-30,Newly Discovered Dangers Cancels NW-C-0509-26,St. Marys River,Shallow Depth Confirmed,4,-84.1009986,46.2593549,[],Shoal located in area bounded by: 46 15.561N 084 06.060W 46 15.650N 084 06.188W 46 15.655N 084 06.181W 46 15.566N 084 06.053W Depth: 7.2 metres In Force Shoals number CNA1181/26 refers.
182711,NW-C-2704-26,2026-06-30,Newly Discovered Dangers Cancels NW-C-0511-26,St. Marys River,Shallow Depth Confirmed,4,-84.0985912,46.2574414,[],Shoal located in area bounded by: 46 15.446N 084 05.915W 46 15.471N 084 05.951W 46 15.478N 084 05.942W 46 15.453N 084 05.906W Depth: 2.2 metres In Force Shoals number CNA1185/26 refers.
182712,NW-C-2705-26,2026-06-30,Newly Discovered Dangers Cancels NW-C-0512-26,St. Marys River,Shallow Depth Confirmed,4,-84.0985425,46.257626,[],Shoal located in area bounded by: 46 15.458N 084 05.913W 46 15.517N 084 05.999W 46 15.525N 084 05.987W 46 15.466N 084 05.901W Depth: 2.7 metres In Force Shoals number CNA1184/26 refers.
182714,NW-C-2706-26,2026-06-30,Newly Discovered Dangers Cancels NW-C-0513-26,St. Marys River,Shallow Depth Confirmed,4,-84.0987544,46.258037,[],Shoal located in area bounded by: 46 15.482N 084 05.925W 46 15.513N 084 05.970W 46 15.522N 084 05.959W 46 15.490N 084 05.914W Depth: 2.6 metres In Force Shoals number CNA1183/26 refers.
182715,NW-C-2707-26,2026-06-30,Newly Discovered Dangers Cancels NW-C-0510-26,St. Marys River,Shallow Depth Confirmed,4,-84.1004494,46.2595419,[],Shoal located in area bounded by: 46 15.573N 084 06.027W 46 15.701N 084 06.154W 46 15.707N 084 06.142W 46 15.578N 084 06.015W Depth: 3.1 metres In Force Shoals number CNA1182/26 refers.
182716,NW-C-2702-26,2026-06-30,Submerged Object,Muskoka Lakes Vicinity Lake Muskoka,Submerged Object,1,-79.52707089704523,45.02360099094446,[],Submerged tree 0.6 metres in diameter reported in the vicinity of 45 01.416N 079 31.624W.
182734,NW-C-2716-26,2026-06-30,Aids to Navigation,Ottawa River Vicinity Mattawa,Lights Aids Marsh Lake Point light LL 1314 Mackey Point light LL 1315 Stonecliffe light LL 1316 Bissett Bay Point light LL 1317 Powell Creek light LL 1318 Deerhorn Rock light LL 1319 Deux Rivières light LL 1320 Bear Point light LL 1321 Bald Rock light LL 1322,9,-77.75197597222223,46.19228186111111,[],Light changed to daybeacon.
182790,NW-N-0475-26,2026-07-01,Aids to Navigation Cancels NW-N-0036-26,Southwest Coast,Buoys Aids Southwest Rock light buoy QS2 LL 140.7,1,-57.41781666666667,47.504666666666665,[],Missing
182793,NW-N-0477-26,2026-07-01,Aids to Navigation,Southwest Coast,Buoys Aids Grey River Rocks North Cardinal light and whistle buoy QGR LL 139.21,1,-57.09316666666667,47.474,[],Missing
182843,NW-C-2805-26,2026-07-03,Newly Discovered Dangers,Montréal to Trois-Rivières,Shallow Depth Confirmed,4,-73.0876913,46.0613915,[],Shoal located in area bounded by: 46 03.683N 073 05.261W 46 03.683N 073 05.264W 46 03.686N 073 05.264W 46 03.686N 073 05.262W Depth: 11.2 metres In Force Shoals number Q5143/26 refers.
182959,NW-C-2869-26,2026-07-07,Shallow Depth Confirmed Cancels NW-C-2174-26,Montréal to Trois-Rivières Vicinity Sorel-Tracy,Shallow Depth Confirmed,3,-73.11348333333333,46.0509,"[[46.0509, -73.11348333333333, 6.4], [46.050666666666665, -73.11333333333333, 5.3], [46.050783333333335, -73.11198333333333, 4.5]]","Shallow depths confirmed at 071449 UTC Jul 2026: 46 03.054N 073 06.809W, 6.4 metres. 46 03.040N 073 06.800W, 5.3 metres. 46 03.047N 073 06.719W, 4.5 metres."
183029,NW-P-0914-26,2026-07-09,Uncharted Rock Cancels NW-P-0913-26,Prince Rupert Harbour,Uncharted Rock,1,-130.4422873,54.3310138,[],Uncharted rock reported in Venn Passage at 54 19.861N 130 26.537W at 091751 UTC Jul 2026 at a depth of 0.9m.
183030,NW-C-2903-26,2026-07-09,Shallow Depth Confirmed,Pointe-des-Monts to Anticosti - south Vicinity Sainte-Anne-des-Monts,Shallow Depth Confirmed,1,-66.37186666666666,49.16951666666667,"[[49.16951666666667, -66.37186666666666, 2.3]]","Shallow depth confirmed at 49 10.171N 066 22.312W, 2.3 metres."
183032,NW-A-0121-26,2026-07-09,Shallow Depth Confirmed,Ungava,Shallow Depth Confirmed,3,-68.26143333333333,58.82523333333334,[],"Shoal located at: 58 49.514N 068 15.686W, depth unknown 58 49.548N 068 15.778W, depth unknown 58 45.608N 068 13.631W, depth unknown"
183036,NW-C-2906-26,2026-07-09,Waterway Information Cancels NW-C-3551-25,Lake Saint-Louis - west Vicinity Île Perrot,Shallow Depth Reported,4,-73.88431666666666,45.3909,"[[45.3909, -73.88431666666666, 1.2], [45.38955, -73.87788333333333, 0.4], [45.385733333333334, -73.87048333333334, 0.4], [45.368883333333336, -73.84326666666666, 0.6]]","Shallower depths located at: 45 23.454N 073 53.059W, 1.2 metres 45 23.373N 073 52.673W, 0.4 metres 45 23.144N 073 52.229W, 0.4 metres 45 22.133N 073 50.596W, 0.6 metres"
183058,NW-P-0917-26,2026-07-10,Uncharted Rock,Hecate Strait,Uncharted Rock,1,-132.1408888888889,53.20413888888889,[],Uncharted rock reported in 53 12.248N 132 08.453W at 101300 UTC Jul 2026. Depth 3.9 metres WGS84.
183105,NW-P-0926-26,2026-07-12,Aids to Navigation,Southern Alaska,Lights Aids Lord Rock (U.S.) LL 761,1,-130.82033666666666,54.72578222222222,[],Light Unlit
183132,NW-C-2954-26,2026-07-13,Shallow Depth Confirmed,Lake Superior Vicinity Marathon,Shallow Depth Confirmed,1,-86.430095,48.692725,"[[48.69273333333334, -86.4301, 8.9]]","Shallow depth confirmed at 48 41.564N 086 25.806W, 8.9 metres."
183187,NW-M-0960-26,2026-07-15,Shallow Depth Confirmed,Chaleur - Miscou - south,Shallow Depth Confirmed,4,-64.6671006,47.71063565,"[[47.710633333333334, -64.6671, 2.0], [47.71005, -64.67016666666666, 1.93], [47.70953333333333, -64.67135, 1.53], [47.71105, -64.66206666666666, 1.95]]","Shallow depth confirmed in Shippagan, New Brunswick at 092000 UTC Jun 2026. Latitude Longitude Depth (meters) 47 42.638N 064 40.026W 2m 47 42.603N 064 40.210W 1.93m 47 42.572N 064 40.281W 1.53m 47 42.663N 064 39.724W 1.95m"
183193,NW-N-0503-26,2026-07-14,Aids to Navigation Cancels NW-N-0501-26,Southwest Coast,Buoys Aids Net Rocks light buoy V23 LL 130.31,1,-56.0395,47.47643333333333,[],Missing
183219,NW-N-0504-26,2026-07-15,Aids to Navigation Cancels NW-N-0494-26,South Labrador Coast,Buoys Aids Man of War Rock light buoy H1 LL 290,2,-58.33421666666667,54.22215,[],Off position
183241,NW-C-2999-26,2026-07-15,Newly Discovered Dangers,Beauport to L'Isle-aux-Coudres,Shallow Depth Confirmed,4,-70.729109,47.0763551,[],Shoal located in area bounded by: 47 04.581N 070 43.747W 47 04.531N 070 43.779W 47 04.542N 070 43.816W 47 04.592N 070 43.783W Depth: 11.8 metres In Force Shoals number Q5144/26 refers.
183320,NW-C-3033-26,2026-07-17,Newly Discovered Dangers,Beauport to L'Isle-aux-Coudres,Shallow Depth Confirmed,4,-70.7283775,47.0782031,[],Shoal located in area bounded by: 47 04.692N 070 43.703W 47 04.622N 070 43.748W 47 04.625N 070 43.756W 47 04.695N 070 43.711W Depth: 12.3 metres In Force Shoals number Q5145/26 refers.
183321,NW-C-3034-26,2026-07-17,Newly Discovered Dangers Cancels NW-C-1335-26,Port of Montreal,Shallow Depth Confirmed,4,-73.5314646,45.5358369,[],Shoal located in area bounded by: 45 32.150N 073 31.888W 45 32.142N 073 31.895W 45 32.146N 073 31.903W 45 32.154N 073 31.896W Depth: 10.3 metres In Force Shoals number Q5146/26 refers.
183322,NW-C-3035-26,2026-07-17,Newly Discovered Dangers Cancels NW-C-1335-26,Port of Montreal,Shallow Depth Confirmed,4,-73.5304401882398,45.5370760778116,[],Shoal located in area bounded by: 45 32.225N 073 31.826W 45 32.223N 073 31.827W 45 32.224N 073 31.829W 45 32.225N 073 31.828W Depth: 10.9 metres In Force Shoals number Q5147/26 refers.
183330,NW-N-0508-26,2026-07-17,Aids to Navigation Cancels NW-N-0682-25,Southwest Coast,Buoys Aids Bad Rock light buoy QQ2 LL 140.5,2,-57.36336111111111,47.49881666666667,[],Off position
183338,NW-C-3044-26,2026-07-17,Shallow Depth Confirmed,Lake Superior Vicinity Thunder Bay,Shallow Depth Confirmed,7,-89.25229666666667,48.36582833333333,"[[48.365833333333335, -89.2523, 6.2], [48.370333333333335, -89.24943333333333, 4.9], [48.43953333333333, -89.19615, 3.6], [48.449083333333334, -89.17356666666667, 4.8], [48.39183333333333, -89.21641666666666, 6.0], [48.35575, -89.22361666666667, 3.3], [48.437666666666665, -89.19088333333333, 6.5]]","Shallow depths confirmed at: 48 21.950N 089 15.138W, 6.2 metres. 48 22.220N 089 14.966W, 4.9 metres. 48 26.372N 089 11.769W, 3.6 metres. 48 26.945N 089 10.414W, 4.8 metres. 48 23.510N 089 12.985W, 6.0 metres. 48 21.345N 089 13.417W, 3.3 metres. 48 26.260N 089 11.453W, 6.5 metres."
183391,NW-C-3070-26,2026-07-20,Aids to Navigation,Lake of the Woods Vicinity Brûlé Island,Buoys Aids Parrotts Rock red spar buoy MS16,1,-94.34516944444445,49.12119444444444,[],Missing
183463,NW-C-3108-26,2026-07-22,Shallow Depth Confirmed,Lake Superior Vicinity Marathon,Shallow Depth Confirmed,3,-86.9453921,48.7011199,"[[48.701116666666664, -86.9454, 31.6], [48.7106, -86.4548, 26.4], [48.71236666666667, -86.45015, 40.1]]","Shallow depths confirmed at: 48 42.067N 086 56.724W, 31.6 metres. 48 42.636N 086 27.288W, 26.4 metres. 48 42.742N 086 27.009W, 40.1 metres."
183571,NW-C-3156-26,2026-07-24,Submerged Object,Lake Ontario Vicinity Etobicoke,Submerged Object,1,-79.49312,43.59903,[],Tree trunk reported awash at 43 35.942N 079 29.587W.
183675,NW-C-3206-26,2026-07-28,Shallow Depth Confirmed,Lake Superior Vicinity Terrace Bay,Shallow Depth Confirmed,6,-86.99739911666667,48.798811433333334,"[[48.79881666666667, -86.9974, 6.5], [48.80748333333333, -86.96463333333334, 18.3], [48.80323333333333, -86.97378333333333, 18.7], [48.805816666666665, -86.96693333333333, 19.5], [48.78555, -86.99098333333333, 22.4], [48.7836, -86.98785, 24.6]]","Shallow depths confirmed at: 48 47.929N 086 59.844W, 6.5 metres. 48 48.449N 086 57.878W, 18.3 metres. 48 48.194N 086 58.427W, 18.7 metres. 48 48.349N 086 58.016W, 19.5 metres. 48 47.133N 086 59.459W, 22.4 metres. 48 47.016N 086 59.271W, 24.6 metres."
183701,NW-C-3216-26,2026-07-28,Newly Discovered Dangers Cancels NW-C-1738-26,Trois-Rivières to Donnacona,Shallow Depth Confirmed,4,-72.1068948,46.5652901,[],Shoal located in area bounded by: 46 33.917N 072 06.414W 46 33.917N 072 06.426W 46 33.920N 072 06.426W 46 33.920N 072 06.414W Depth: 10.5 metres In Force Shoals number Q5151/26 refers.
183713,NW-C-3220-26,2026-07-28,Newly Discovered Dangers Cancels NW-C-1127-26,Trois-Rivières to Donnacona,Shallow Depth Confirmed,4,-72.2283991,46.5008518,[],Shoal located in area bounded by: 46 30.051N 072 13.704W 46 30.026N 072 13.716W 46 30.029N 072 13.727W 46 30.054N 072 13.716W Depth: 9.3 metres In Force Shoals number Q5152/26 refers.
183747,NW-C-3232-26,2026-07-29,Newly Discovered Dangers,Trois-Rivières to Donnacona,Shallow Depth Confirmed,4,-71.9298375,46.6312686,[],Shoal located in area bounded by: 46 37.876N 071 55.790W 46 37.873N 071 55.797W 46 37.874N 071 55.797W 46 37.877N 071 55.791W Depth: 10.5 metres In Force Shoals number Q5154/26 refers.
183773,NW-N-0540-26,2026-07-30,Aids to Navigation,South Labrador Coast,Buoys Aids Hatten Shoal light buoy NCH2 LL 284.8,1,-57.07345,53.6581,[],Submerged
183802,NW-N-0541-26,2026-07-30,Aids to Navigation Cancels NW-N-0199-26,South Coast,Buoys Aids Galloper Rock light and whistle buoy PR1 LL 66,1,-55.07,47.108333333333334,[],Off position in the vicinity of 47 06.500N 055 04.200W
183846,NW-P-1044-26,2026-07-31,Uncharted Rock,West Coast Haida Gwaii,Uncharted Rock,1,-132.36028454,53.024132885,[],Uncharted rock reported in 53 01.448N 132 21.617W at 312303 UTC Jul 2026.
183896,NW-C-3327-26,2026-08-01,Submerged Object,Montréal to Trois-Rivières Vicinity Rapides de Lachine,Submerged Object,1,-73.578,45.41833333333334,[],Submerged orange aluminum vessel reported in 45 25.100N 073 34.680W at 012230 UTC Aug 2026.
183919,NW-A-0180-26,2026-08-02,Submerged Object,Beaufort Sea Shipping Safety Control Zone 12,Submerged Object,1,-132.9805,69.4405,[],"Submerged green navigational buoy with a square top mark, 2 feet by 2 feet in size, reported in 69 26.430N 132 58.830W at 022140 UTC Aug 2026."
183920,NW-M-1052-26,2026-08-02,Submerged Object,Southwestern Shore,Submerged Object,1,-63.858783333333335,44.48951666666667,[],Submerged Object reported in 44 29.371N 063 51.527W at 022054 UTC Aug 2026.
183934,NW-P-1057-26,2026-08-03,Aids to Navigation,Haro Strait,Buoys Aids Lee Rock green spar buoy V25,1,-123.28825,48.418416666666666,[],"Permanently fitted with a light showing characteristic Fl G 4s, nominal range of 4.0nm."
183945,NW-N-0554-26,2026-08-03,Aids to Navigation,East Coast,Buoys Aids Cary Rock light buoy JK3 LL 442.75,1,-53.40083333333333,48.62833333333333,[],Missing
184009,NW-C-3394-26,2026-08-05,Newly Discovered Dangers Cancels NW-C-1253-26,Trois-Rivières to Donnacona,Shallow Depth Confirmed,4,-72.4311706,46.3857842,[],Shoal located in area bounded by: 46 23.147N 072 25.870W 46 23.239N 072 25.673W 46 23.232N 072 25.666W 46 23.140N 072 25.863W Depth: 9.9 metres In Force Shoals number Q5165/26 refers.
184139,NW-N-0586-26,2026-08-07,Shallow Depth Confirmed,Northeast Coast,Shallow Depth Confirmed,1,-54.90193333333333,49.56646666666666,[],"Recent hydrographic surveys have identified an uncharted shoal in position 49 33.988N 054 54.116W, in the vicinity of Valley Pond. Caution."
184166,NW-M-1084-26,2026-08-08,Aids to Navigation,Southwestern Shore Vicinity Lockeport,Buoys Aids Laurier Rock light buoy KK61 LL 371,2,-65.09608333333334,43.68383333333333,[],Off position in 43 40.50N 065 05.75W
184168,NW-N-0588-26,2026-08-08,Aids to Navigation,Southwest Coast,Buoys Aids Watch Rock North Cardinal light and whistle buoy QLB LL 138.5,1,-56.83555,47.39021666666667,[],Missing
184268,NW-C-3494-26,2026-08-11,Newly Discovered Dangers,Montréal to Trois-Rivières,Shallow Depth Confirmed,4,-73.0873865754201,46.0613764491923,[],Shoal located in area bounded by: 46 03.683N 073 05.243W 46 03.682N 073 05.245W 46 03.684N 073 05.245W 46 03.684N 073 05.244W Depth: 11.2 metres In Force Shoals number Q5166/26 refers.
184269,NW-C-3495-26,2026-08-11,Newly Discovered Dangers,Montréal to Trois-Rivières,Shallow Depth Confirmed,4,-73.0785695,46.0621715,[],Shoal located in area bounded by: 46 03.730N 073 04.714W 46 03.715N 073 04.886W 46 03.723N 073 04.887W 46 03.739N 073 04.716W Depth: 10.9 metres In Force Shoals number Q5167/26 refers.
184326,NW-M-1117-26,2026-08-12,Aids to Navigation,Northumberland Strait,Buoys Aids Dixon Rock light buoy C28 LL 699,1,-61.40322777777778,45.64201666666666,[],Unreliable
184344,NW-A-0210-26,2026-08-12,Sandbar Change,Shipping Safety Control Zone 13,Sandspit or Sandbar Change,1,-80.52573333333333,72.88848333333334,[],Sandbar reported in 72 53.308N 080 31.543W at 121618 UTC Aug 2026.
184399,NW-M-1145-26,2026-08-13,Aids to Navigation,Eastern Shore,Buoys Aids Frenchman Rock light buoy VV8 LL 610.5,1,-62.11763888888889,44.93236111111111,[],Unlit
184408,NW-C-3538-26,2026-08-13,Newly Discovered Dangers,Beauport to L'Isle-aux-Coudres,Shallow Depth Confirmed,4,-70.781251,47.0139584,[],Shoal located in area bounded by: 47 00.838N 070 46.875W 47 00.835N 070 46.878W 47 00.837N 070 46.882W 47 00.839N 070 46.879W Depth: 12.4 metres In Force Shoals number Q5168/26 refers.
184409,NW-C-3539-26,2026-08-13,Newly Discovered Dangers,Beauport to L'Isle-aux-Coudres,Shallow Depth Confirmed,4,-70.7783284,47.0173032,[],Shoal located in area bounded by: 47 01.038N 070 46.700W 47 01.036N 070 46.702W 47 01.040N 070 46.711W 47 01.042N 070 46.709W Depth: 12.3 metres In Force Shoals number Q5169/26 refers.
184410,NW-C-3540-26,2026-08-13,Newly Discovered Dangers,Beauport to L'Isle-aux-Coudres,Shallow Depth Confirmed,4,-70.76907,47.0280649,[],Shoal located in area bounded by: 47 01.684N 070 46.144W 47 01.683N 070 46.145W 47 01.684N 070 46.147W 47 01.685N 070 46.147W Depth: 12.4 metres In Force Shoals number Q5170/26 refers.
184411,NW-C-3541-26,2026-08-13,Newly Discovered Dangers,Beauport to L'Isle-aux-Coudres,Shallow Depth Confirmed,4,-70.7660008,47.0309205,[],Shoal located in area bounded by: 47 01.855N 070 45.960W 47 01.854N 070 45.961W 47 01.856N 070 45.965W 47 01.857N 070 45.964W Depth: 12.4 metres In Force Shoals number Q5171/26 refers.
184412,NW-C-3542-26,2026-08-13,Newly Discovered Dangers,Beauport to L'Isle-aux-Coudres,Shallow Depth Confirmed,4,-70.7641827,47.031847,[],Shoal located in area bounded by: 47 01.911N 070 45.851W 47 01.907N 070 45.855W 47 01.912N 070 45.865W 47 01.916N 070 45.861W Depth: 12.2 metres In Force Shoals number Q5172/26 refers.
184413,NW-C-3543-26,2026-08-13,Newly Discovered Dangers,Beauport to L'Isle-aux-Coudres,Shallow Depth Confirmed,4,-70.7677878,47.0327684,[],Shoal located in area bounded by: 47 01.966N 070 46.067W 47 01.963N 070 46.070W 47 01.967N 070 46.077W 47 01.969N 070 46.074W Depth: 12.2 metres In Force Shoals number Q5173/26 refers.
184438,NW-C-3553-26,2026-08-14,Newly Discovered Dangers,Beauport to L'Isle-aux-Coudres,Shallow Depth Confirmed,4,-70.788215613712,47.0076536656204,[],Shoal located in area bounded by: 47 00.459N 070 47.293W 47 00.458N 070 47.294W 47 00.459N 070 47.296W 47 00.460N 070 47.295W Depth: 12.4 metres In Force Shoals number Q5174/26 refers.
184460,NW-C-3560-26,2026-08-14,Submerged Object,Lake Erie Vicinity Long Point,Submerged Object,1,-80.42166666666667,42.57666666666667,[],Fixed log with 90 centimetres visible above the surface reported in the vicinity of 42 34.6N 080 25.3W.
184562,NW-N-0630-26,2026-08-18,Shallow Depth Reported Cancels NW-N-0629-26,Northeast Gulf - south,Shallow Depth Reported,0,,,"[[49.92345, -57.805566666666664, 0.8], [49.92358333333333, -57.805366666666664, 0.6], [49.92368333333334, -57.80468333333334, 0.8], [49.92308333333333, -57.80558333333333, 1.5], [49.92295, -57.8033, 0.9], [49.92276666666667, -57.803016666666664, 1.1], [49.92426666666667, -57.802933333333335, 4.7]]",A sounding survey near Cow Head has identified shallower depths at the following locations: Latitude Longitude Depth 49 55.407N 057 48.334W 0.8M 49 55.415N 057 48.322W 0.6M 49 55.400N 057 48.387W -0.1M 49 55.421N 057 48.281W 0.8M 49 55.385N 057 48.335W 1.5M 49 55.377N 057 48.198W 0.9M 49 55.366N 057 48.181W 1.1M 49 55.456N 057 48.176W 4.7M Caution.
184566,NW-P-1152-26,2026-08-18,Uncharted Rock,West Coast Haida Gwaii,Uncharted Rock,1,-132.18053333333333,52.95803333333333,[],Out of position rock reported in 52 57.482N 132 10.832W near Englefield Bay at 181857 UTC Aug 2026. Described as the Thorn Rock that dries to 0.28 meters.
184589,NW-C-3624-26,2026-08-19,Newly Discovered Dangers Cancels NW-C-1430-26,Montréal to Trois-Rivières,Shallow Depth Confirmed,4,-72.9205911,46.1754049,[],Shoal located in area bounded by: 46 10.524N 072 55.235W 46 10.512N 072 55.252W 46 10.521N 072 55.266W 46 10.533N 072 55.249W Depth: 10.7 metres In Force Shoals number Q5175/26 refers.
184590,NW-C-3623-26,2026-08-19,Newly Discovered Dangers,Montréal to Trois-Rivières,Shallow Depth Confirmed,4,-72.9190981,46.1764851,[],Shoal located in area bounded by: 46 10.589N 072 55.146W 46 10.580N 072 55.158W 46 10.586N 072 55.166W 46 10.594N 072 55.154W Depth: 10.4 metres In Force Shoals number Q5176/26 refers.
184607,NW-C-3632-26,2026-08-19,Shallow Depth Reported,Port of Trois-Rivieres Vicinity Port of Trois-Rivières,Shallow Depth Reported,1,-72.54671810573537,46.33000472678524,[],"Shallow depths reported: Pier 19, at bollard 19-1 and 19-3: 10.6 metres. Pier 19 from bollard 19-3 to bollard 20-1: 10.7 metres."
184619,NW-P-1160-26,2026-08-20,Submerged Object,Strait of Georgia,Submerged Object,1,-124.59925,49.3985,[],A pipe showing two feet out of the water reported in Qualicum Bay at 49 23.910N 124 35.955W at 201633 UTC Aug 2026. Described as a ten inch steel pipe.
184647,NW-A-0233-26,2026-08-21,Shallow Depth Confirmed,Shipping Safety Control Zone 8,Shallow Depth Confirmed,1,-81.44968333333334,66.92825,[],"Shoal confirmed in 66 55.695N 081 26.981W, depth unknown, located in the vicinity of a 31m sounding."
184661,NW-M-1188-26,2026-08-22,Uncharted Rock,Fundy Vicinity Grand Lake,Uncharted Rock,1,-66.05741111111111,45.95395833333334,[],Uncharted rock or shoal reported in 45 57.238N 066 03.445W at 221215 UTC Aug 2026.
184772,NW-N-0641-26,2026-08-25,Shallow Depth Reported,Northeast Coast,Shallow Depth Reported,0,,,"[[49.962066666666665, -55.60615, 0.305], [49.9639, -55.60435, 1.219], [49.962133333333334, -55.6071, 2.743], [49.96431666666667, -55.605333333333334, 3.353], [49.96233333333333, -55.60565, 4.572], [49.962633333333336, -55.60601666666667, 8.839]]",A hydrographic survey in La Scie Harbour has identified shallower depths at the following locations: Latitude Longitude Depth 49 57.724N 055 36.369W 0.305 m Latitude Longitude Depth 49 57.834N 055 36.261W 1.219 m Latitude Longitude Depth 49 57.728N 055 36.426W 2.743 m Latitude Longitude Depth 49 57.859N 055 36.320W 3.353 m Latitude Longitude Depth 49 57.740N 055 36.339W 4.572 m Latitude Longitude 
184773,NW-C-3714-26,2026-08-25,Newly Discovered Dangers Cancels NW-C-1415-26,Montréal to Trois-Rivières,Shallow Depth Confirmed,4,-72.956119,46.1339749,[],Shoal located in area bounded by: 46 08.038N 072 57.367W 46 07.682N 072 57.485W 46 07.684N 072 57.495W 46 08.040N 072 57.377W Depth: 10.0 metres In Force Shoals number Q5177/26 refers.
184774,NW-C-3713-26,2026-08-25,Newly Discovered Dangers,Montréal to Trois-Rivières,Shallow Depth Confirmed,4,-72.9561407303548,46.1311750371819,[],Shoal located in area bounded by: 46 07.871N 072 57.368W 46 07.869N 072 57.369W 46 07.869N 072 57.371W 46 07.871N 072 57.370W Depth: 10.7 metres In Force Shoals number Q5178/26 refers.
184786,NW-C-3724-26,2026-08-26,Newly Discovered Dangers Cancels NW-C-1414-26,Montréal to Trois-Rivières,Shallow Depth Confirmed,4,-72.9601439,46.1239974,[],Shoal located in area bounded by: 46 07.440N 072 57.609W 46 07.428N 072 57.613W 46 07.430N 072 57.631W 46 07.443N 072 57.627W Depth: 11.2 metres In Force Shoals number Q5179/26 refers.
184805,NW-A-0249-26,2026-08-26,Shallow Depth Confirmed,Shipping Safety Control Zone 16,Shallow Depth Confirmed,4,-91.99383333333333,62.65603333333333,[],4 shoals of unknown depth confirmed at 261946 UTC Aug 2026 in the following coordinates: 62 39.362N 091 59.63W 62 40.808N 091 44.653W 62 40.809N 091 46.528W 62 41.376N 091 56.117W
184807,NW-C-3733-26,2026-08-26,Newly Discovered Dangers,Trois-Rivières to Donnacona,Shallow Depth Confirmed,4,-72.3861353,46.4111182,[],Shoal located in area bounded by: 46 24.667N 072 23.168W 46 24.664N 072 23.174W 46 24.668N 072 23.179W 46 24.671N 072 23.173W Depth: 11.0 metres In Force Shoals number Q5182/26 refers.
184808,NW-C-3734-26,2026-08-26,Newly Discovered Dangers Cancels NW-C-3391-26,Trois-Rivières to Donnacona,Shallow Depth Confirmed,4,-72.3810382,46.411801,[],Shoal located in area bounded by: 46 24.708N 072 22.862W 46 24.703N 072 22.870W 46 24.712N 072 22.881W 46 24.717N 072 22.873W Depth: 10.9 metres In Force Shoals number Q5180/26 refers.
184809,NW-C-3735-26,2026-08-26,Newly Discovered Dangers Cancels NW-C-3392-26,Trois-Rivières to Donnacona,Shallow Depth Confirmed,4,-72.3885817,46.4092361,[],Shoal located in area bounded by: 46 24.554N 072 23.315W 46 24.551N 072 23.321W 46 24.559N 072 23.331W 46 24.563N 072 23.325W Depth: 11.1 metres In Force Shoals number Q5181/26 refers.
184816,NW-C-3737-26,2026-08-27,Newly Discovered Dangers,Trois-Rivières to Donnacona,Shallow Depth Confirmed,4,-71.7760013,46.6556841,[],Shoal located in area bounded by: 46 39.341N 071 46.560W 46 39.342N 071 46.563W 46 39.344N 071 46.562W 46 39.343N 071 46.559W Depth: 10.6 metres In Force Shoals number Q5183/26 refers.
184817,NW-C-3738-26,2026-08-27,Newly Discovered Dangers,Trois-Rivières to Donnacona,Shallow Depth Confirmed,4,-71.7716236,46.6544227,[],Shoal located in area bounded by: 46 39.265N 071 46.297W 46 39.266N 071 46.299W 46 39.267N 071 46.298W 46 39.267N 071 46.296W Depth: 10.6 metres In Force Shoals number Q5184/26 refers.
184818,NW-C-3739-26,2026-08-27,Newly Discovered Dangers,Trois-Rivières to Donnacona,Shallow Depth Confirmed,4,-71.7743641,46.6543619,[],Shoal located in area bounded by: 46 39.262N 071 46.462W 46 39.265N 071 46.471W 46 39.270N 071 46.467W 46 39.267N 071 46.458W Depth: 10.4 metres In Force Shoals number Q5185/26 refers.
184819,NW-C-3740-26,2026-08-27,Newly Discovered Dangers,Trois-Rivières to Donnacona,Shallow Depth Confirmed,4,-71.774541,46.6539817,[],Shoal located in area bounded by: 46 39.239N 071 46.472W 46 39.242N 071 46.480W 46 39.250N 071 46.475W 46 39.247N 071 46.467W Depth: 10.3 metres In Force Shoals number Q5186/26 refers.
184820,NW-C-3742-26,2026-08-27,Newly Discovered Dangers Cancels NW-C-3238-26,Trois-Rivières to Donnacona,Shallow Depth Confirmed,4,-71.774332,46.6532022,[],Shoal located in area bounded by: 46 39.192N 071 46.460W 46 39.195N 071 46.469W 46 39.203N 071 46.464W 46 39.199N 071 46.455W Depth: 10.5 metres In Force Shoals number Q5187/26 refers.
184824,NW-C-3745-26,2026-08-27,Newly Discovered Dangers,Trois-Rivières to Donnacona,Shallow Depth Confirmed,4,-72.4369870799775,46.383421442423,[],Shoal located in area bounded by: 46 23.005N 072 26.219W 46 23.005N 072 26.221W 46 23.006N 072 26.222W 46 23.007N 072 26.220W Depth: 11.2 metres In Force Shoals number Q5188/26 refers.
184825,NW-C-3746-26,2026-08-27,Newly Discovered Dangers,Trois-Rivières to Donnacona,Shallow Depth Confirmed,4,-72.4419366,46.3800825,[],Shoal located in area bounded by: 46 22.805N 072 26.516W 46 22.819N 072 26.438W 46 22.815N 072 26.437W 46 22.801N 072 26.515W Depth: 11.2 metres In Force Shoals number Q5189/26 refers.
184827,NW-C-3748-26,2026-08-27,Newly Discovered Dangers Cancels NW-C-2427-26,Trois-Rivières to Donnacona,Shallow Depth Confirmed,4,-72.4434101,46.37961,[],Shoal located in area bounded by: 46 22.777N 072 26.605W 46 22.849N 072 26.191W 46 22.845N 072 26.189W 46 22.772N 072 26.603W Depth: 8.2 metres In Force Shoals number Q5191/26 refers.
184832,NW-C-3750-26,2026-08-27,Newly Discovered Dangers Cancels NW-C-3747-26,Trois-Rivières to Donnacona,Shallow Depth Confirmed,4,-72.4429655,46.379836,[],Shoal located in area bounded by: 46 22.790N 072 26.578W 46 22.859N 072 26.185W 46 22.851N 072 26.182W 46 22.782N 072 26.575W Depth: 9.4 metres In Force Shoals number Q5192/26 refers.
184836,NW-C-3755-26,2026-08-27,Shallow Depth Confirmed,Montréal to Trois-Rivières Port of Sorel-Tracy,Shallow Depth Confirmed,2,-73.11683333333333,46.049166666666665,"[[46.049083333333336, -73.11681666666667, 7.9], [46.04983333333333, -73.117, 7.9]]","Shallow depths confirmed at: 46 02.945N 073 07.009W, 7.9 metres. 46 02.990N 073 07.020W, 7.9 metres."
184852,NW-C-3762-26,2026-08-27,Shallow Depth Confirmed,Montréal to Trois-Rivières Port of Sorel-Tracy Vicinity Sorel-Tracy,Shallow Depth Confirmed,5,-73.11353333333334,46.049616666666665,"[[46.049616666666665, -73.11353333333334, 3.6], [46.05015, -73.11281666666666, 3.9], [46.05113333333333, -73.11033333333333, 4.9], [46.05105, -73.11188333333334, 5.9], [46.049083333333336, -73.11236666666667, 6.9]]","Shallow depths confirmed at: 46 02.977N 073 06.812W, 3.6 metres. 46 03.009N 073 06.769W, 3.9 metres. 46 03.068N 073 06.620W, 4.9 metres. 46 03.063N 073 06.713W, 5.9 metres. 46 02.945N 073 06.742W, 6.9 metres."
184853,NW-M-1215-26,2026-08-27,Waterway information Cancels NW-M-0665-26 Cancels NW-M-0140-26,Grand Manan,Shallow Depth Reported,9,-66.07230273226686,45.26943961205913,[],Shallower depths located in the Saint John main channel. Limiting depth 9.5 metres below chart datum in the buoyed channel. Caution
184866,NW-C-3768-26,2026-08-28,Newly Discovered Dangers Cancels NW-C-3264-26,Trois-Rivières to Donnacona,Shallow Depth Confirmed,4,-71.7713558,46.6533838,[],Shoal located in area bounded by: 46 39.203N 071 46.281W 46 39.206N 071 46.289W 46 39.214N 071 46.283W 46 39.211N 071 46.275W Depth: 10.4 metres In Force Shoals number Q5193/26 refers.
184867,NW-C-3769-26,2026-08-28,Newly Discovered Dangers,Trois-Rivières to Donnacona,Shallow Depth Confirmed,4,-71.7640349,46.6510285,[],Shoal located in area bounded by: 46 39.062N 071 45.842W 46 39.063N 071 45.846W 46 39.066N 071 45.844W 46 39.065N 071 45.840W Depth: 10.6 metres In Force Shoals number Q5194/26 refers.
184868,NW-C-3770-26,2026-08-28,Newly Discovered Dangers Cancels NW-C-3262-26 Cancels NW-C-3263-26,Trois-Rivières to Donnacona,Shallow Depth Confirmed,4,-71.7602979,46.6501724,[],Shoal located in area bounded by: 46 39.010N 071 45.618W 46 39.110N 071 45.901W 46 39.125N 071 45.889W 46 39.026N 071 45.606W Depth: 10.1 metres In Force Shoals number Q5195/26 refers.
184869,NW-C-3771-26,2026-08-28,Newly Discovered Dangers Cancels NW-C-3259-26,Donnacona to Beauport,Shallow Depth Confirmed,4,-71.7343562,46.6389216,[],Shoal located in area bounded by: 46 38.335N 071 44.061W 46 38.435N 071 44.346W 46 38.438N 071 44.344W 46 38.338N 071 44.059W Depth: 10.1 metres In Force Shoals number Q5196/26 refers.
184870,NW-C-3772-26,2026-08-28,Shallower Depth Reported,Port of Trois-Rivieres Vicinity Port of Trois-Rivières,Shallow Depth Reported,1,-72.54012723651768,46.33961005609696,[],"Shallower depths reported: Pier 9, at bollard 9-1 and 9-2: 10.6 metres. Pier 9, from bollard 9-2 to bollard 10-1: 10.7 metres."
184876,NW-P-1181-26,2026-08-28,Submerged Object,Esquimalt Harbour,Submerged Object,1,-123.4492,48.44045,[],Submerged private mooring buoy reported in 48 26.427N 123 26.952W at 281409 UTC Aug 2026.
184885,NW-C-3784-26,2026-08-28,Newly Discovered Dangers Cancels NW-C-3222-26,Trois-Rivières to Donnacona,Shallow Depth Confirmed,4,-71.8018769,46.662613,[],Shoal located in area bounded by: 46 39.757N 071 48.113W 46 39.765N 071 48.135W 46 39.780N 071 48.123W 46 39.773N 071 48.101W Depth: 10.3 metres In Force Shoals number Q5197/26 refers.
184940,NW-C-3816-26,2026-08-31,Shallow Depth Reported,Georgian Bay Trent-Severn Waterway Vicinity Gouette Island,Shallow Depth Reported,1,-79.69368611111112,44.819472222222224,[],Shallow depth reported in the vicinity of 44 49.168N 079 41.621W at 311323 UTC Aug 2026.
184950,NW-C-3819-26,2026-08-31,Newly Discovered Dangers Cancels NW-C-1191-26,Trois-Rivières to Donnacona,Shallow Depth Confirmed,4,-72.4800164,46.3707903,[],Shoal located in area bounded by: 46 22.247N 072 28.801W 46 22.239N 072 28.822W 46 22.243N 072 28.826W 46 22.252N 072 28.805W Depth: 11.0 metres In Force Shoals number Q5198/26 refers.
184951,NW-C-3820-26,2026-08-31,Newly Discovered Dangers Cancels NW-C-1192-26,Trois-Rivières to Donnacona,Shallow Depth Confirmed,4,-72.478837,46.3713865,[],Shoal located in area bounded by: 46 22.283N 072 28.730W 46 22.325N 072 28.617W 46 22.319N 072 28.613W 46 22.277N 072 28.726W Depth: 10.7 metres In Force Shoals number Q5199/26 refers.
184952,NW-C-3821-26,2026-08-31,Newly Discovered Dangers Reference NW-C-1192-26,Trois-Rivières to Donnacona,Shallow Depth Confirmed,4,-72.4789269,46.3712312,[],Shoal located in area bounded by: 46 22.274N 072 28.736W 46 22.319N 072 28.613W 46 22.316N 072 28.610W 46 22.270N 072 28.733W Depth: 10.0 metres In Force Shoals number Q5200/26 refers.
184953,NW-C-3822-26,2026-08-31,Newly Discovered Dangers Cancels NW-C-1190-26,Trois-Rivières to Donnacona,Shallow Depth Confirmed,4,-72.472874,46.3734962,[],Shoal located in area bounded by: 46 22.410N 072 28.372W 46 22.468N 072 28.173W 46 22.460N 072 28.169W 46 22.402N 072 28.368W Depth: 10.7 metres In Force Shoals number Q5201/26 refers.
184954,NW-C-3823-26,2026-08-31,Newly Discovered Dangers Cancels NW-C-2290-26,Trois-Rivières to Donnacona,Shallow Depth Confirmed,4,-72.4685181,46.3747399,[],Shoal located in area bounded by: 46 22.484N 072 28.111W 46 22.517N 072 27.989W 46 22.511N 072 27.985W 46 22.478N 072 28.108W Depth: 11.0 metres In Force Shoals number Q5202/26 refers.
184986,NW-C-3841-26,2026-09-01,Shallow Depth Reported Cancels NW-C-3834-26,Lake Superior Vicinity Mission River,Shallow Depth Reported,0,,,[],"Shallow depth of 8.4 metres within the outlined area of Mission River, except for depths less than 8.4 metres in area bounded by: 48 21.547N 089 13.604W 48 21.542N 089 13.596W 48 21.530N 089 13.633W 48 21.536N 089 13.645W 48 21.541N 089 13.630W 48 21.563N 089 13.667W 48 21.567N 089 13.661W 48 21.541N 089 13.616W 48 21.547N 089 13.604W"
185000,NW-A-0261-26,2026-09-01,Shallow Depth Confirmed Copy NW-NAVAREAXVIII-0094-26,Shipping Safety Control Zone 9,Shallow Depth Confirmed,8,-66.01773333333334,68.26908333333333,[],8 shoals of unknown depth confirmed in the following coordinates: 68 16.145N 066 01.064W 68 15.591N 066 01.092W 68 15.293N 066 01.131W 68 13.734N 065 47.637W 68 12.837N 065 44.466W 68 12.617N 065 42.887W 68 12.932N 065 41.997W 68 12.635N 065 44.177W
185003,NW-C-3843-26,2026-09-01,Shallow Depth Reported Cancels NW-C-3214-26,Port of Trois-Rivieres Vicinity Port of Trois-Rivières,Shallow Depth Reported,3,-72.54329943560973,46.334161733137186,[],"Shallow depths reported: Pier 13: 10.7 metres from 1.5 metres east of bollard 13-9 to bollard 11-11. Pier 17: 10.6 metres. Pier 20, at bollard 20-11: 10.2 metres."
185033,NW-C-3855-26,2026-09-03,Newly Discovered Dangers Cancels NW-C-3107-26,Montréal to Trois-Rivières,Shallow Depth Confirmed,4,-72.7173186,46.2566222,[],Shoal located in area bounded by: 46 15.397N 072 43.039W 46 14.911N 072 44.083W 46 14.914N 072 44.086W 46 15.401N 072 43.042W Depth: 10.4 metres In Force Shoals number Q5207/26 refers.
185034,NW-C-3856-26,2026-09-03,Newly Discovered Dangers Cancels NW-C-3111-26,Montréal to Trois-Rivières,Shallow Depth Confirmed,4,-72.7173546,46.2566819,[],Shoal located in area bounded by: 46 15.401N 072 43.041W 46 14.859N 072 44.205W 46 14.863N 072 44.209W 46 15.405N 072 43.046W Depth: 10.9 metres In Force Shoals number Q5206/26 refers.
185035,NW-C-3857-26,2026-09-03,Newly Discovered Dangers,Montréal to Trois-Rivières,Shallow Depth Confirmed,4,-72.7207738,46.255564,[],Shoal located in area bounded by: 46 15.334N 072 43.246W 46 15.333N 072 43.248W 46 15.335N 072 43.250W 46 15.336N 072 43.248W Depth: 11.2 metres In Force Shoals number Q5203/26 refers.
185036,NW-C-3858-26,2026-09-03,Newly Discovered Dangers,Montréal to Trois-Rivières,Shallow Depth Confirmed,4,-72.7201446,46.2556477,[],Shoal located in area bounded by: 46 15.339N 072 43.209W 46 15.339N 072 43.209W 46 15.340N 072 43.210W 46 15.340N 072 43.210W Depth: 11.2 metres In Force Shoals number Q5204/26 refers.
185037,NW-C-3859-26,2026-09-03,Newly Discovered Dangers,Montréal to Trois-Rivières,Shallow Depth Confirmed,4,-72.7172754,46.2569823,[],Shoal located in area bounded by: 46 15.419N 072 43.037W 46 15.417N 072 43.040W 46 15.422N 072 43.044W 46 15.423N 072 43.041W Depth: 11.2 metres In Force Shoals number Q5205/26 refers.
185064,NW-N-0662-26,2026-09-04,Shallow Depth Reported,Lake Melville,Shallow Depth Reported,6,-60.360644666666666,53.350727633333335,"[[53.35073333333333, -60.36065, 10.0], [53.35111666666667, -60.36063333333333, 5.0], [53.35075, -60.345933333333335, 10.0], [53.353033333333336, -60.34916666666667, 10.0], [53.35103333333333, -60.34668333333333, 10.0], [53.34875, -60.362516666666664, 12.47]]",A sounding survey near Terrington Narrows has identified shallower depths at the following locations: Latitude Longitude Depth 53 21.044N 060 21.639W 10.0M 53 21.067N 060 21.638W 5.0M 53 21.045N 060 20.756W 10.0M 53 21.182N 060 20.950W 10.0M 53 21.062N 060 20.801W 10.0M 53 20.925N 060 21.751W 12.47M Caution.
185111,NW-A-0273-26,2026-09-05,Shallow Depth Reported Cancels NW-A-0272-26,Tulita mile 512 to Fort Good Hope mile 684,Shallow Depth Reported,2,-127.66175,65.5059,[],Shallow depth reported between red buoy Mile 592.8 in 65 30.354N 127 39.705W and green buoy Mile 591.3 in 65 28.942N 127 38.492W. Depth is 1.98m (6.5 ft).
