id,series,date,category,area,lat,lon,depth_m,src,block,hazard_p,hazard_p_500m,shoal_model_m,complete_m,nearest_sounding_km,nearest_sounding_m,survey_year_500m,in_domain,map_safe,pct_hazard,pct_nearest,pct_sigma,n_safe_cells
2578,NW-M-2492-15,2015-12-09,Shallow Depth Reported,Lurcher,43.7165,-66.0749,,json,b0047_0041.npz,1.0,1.0,0.9,-7.0,0.0,-7.0,0,True,False,100.0,100.0,0.0,65803
38572,NW-M-0079-20,2020-01-17,Shallow Depth Reported,Southwestern Shore,44.01873,-64.65942,,json,b0047_0041.npz,1.0,1.0,11.4,2.0,0.0,2.0,1953,True,False,100.0,100.0,0.0,12625
173540,NW-M-1228-25,2025-08-18,Shallow Depth Reported,Grand Manan Vicinity Letete Passage,45.02057,-66.91423,,desc,b0047_0041.npz,1.0,1.0,3.6,-7.9,0.0,-7.9,1986,True,False,99.5,100.0,0.0,59729
173895,NW-M-1278-25,2025-08-29,Shallow Depth Reported,Grand Manan Vicinity Letete Passage,44.976,-66.91983,,desc,b0047_0041.npz,0.987,0.999,-0.8,-18.0,0.0,-18.0,0,True,False,98.2,99.9,0.0,69760
173934,NW-M-1285-25,2025-08-30,Shallow Depth Reported,Grand Manan Vicinity Passamaquoddy Bay,44.955,-66.93767,,desc,b0047_0041.npz,0.97,0.986,-0.1,-4.8,0.0,-4.8,0,True,False,97.5,100.0,0.0,70518
173934,NW-M-1285-25,2025-08-30,Shallow Depth Reported,Grand Manan Vicinity Passamaquoddy Bay,44.95633,-66.93617,,desc,b0047_0041.npz,0.964,0.985,-0.8,1.4,0.0,1.4,0,True,False,97.3,100.0,0.0,70599
173934,NW-M-1285-25,2025-08-30,Shallow Depth Reported,Grand Manan Vicinity Passamaquoddy Bay,44.94283,-66.95233,,desc,b0047_0041.npz,0.971,0.994,1.5,-20.7,0.0,-20.7,0,True,False,97.6,99.8,0.0,69976
173934,NW-M-1285-25,2025-08-30,Shallow Depth Reported,Grand Manan Vicinity Passamaquoddy Bay,44.94933,-66.9495,,desc,b0047_0041.npz,0.997,0.997,2.4,0.1,0.0,0.1,0,True,False,98.9,100.0,0.0,69156
173934,NW-M-1285-25,2025-08-30,Shallow Depth Reported,Grand Manan Vicinity Passamaquoddy Bay,44.95583,-66.9365,,desc,b0047_0041.npz,0.98,0.985,1.0,0.7,0.0,0.7,0,True,False,98.0,100.0,0.0,70805
173934,NW-M-1285-25,2025-08-30,Shallow Depth Reported,Grand Manan Vicinity Passamaquoddy Bay,44.93867,-66.97867,,desc,b0047_0041.npz,0.939,0.993,-0.8,-10.7,0.0,-10.7,0,True,False,96.4,99.9,0.0,65395
173935,NW-M-1286-25,2025-08-30,Shallow Depth Reported,Grand Manan Vicinity Passamaquoddy Bay,45.03,-66.87117,,desc,b0047_0041.npz,0.91,1.0,-6.6,-12.0,0.0,-12.0,0,True,False,95.7,99.9,0.0,66359
173935,NW-M-1286-25,2025-08-30,Shallow Depth Reported,Grand Manan Vicinity Passamaquoddy Bay,45.01517,-66.89483,,desc,b0047_0041.npz,1.0,1.0,6.1,2.3,0.0,2.3,0,True,False,99.3,100.0,0.0,65649
173935,NW-M-1286-25,2025-08-30,Shallow Depth Reported,Grand Manan Vicinity Passamaquoddy Bay,45.035,-66.91667,,desc,b0047_0041.npz,1.0,1.0,6.3,-1.9,0.0,-1.9,2000,True,False,99.5,100.0,0.0,55309
173935,NW-M-1286-25,2025-08-30,Shallow Depth Reported,Grand Manan Vicinity Passamaquoddy Bay,45.03317,-66.90433,,desc,b0047_0041.npz,1.0,1.0,3.1,6.3,0.0,6.3,2000,True,False,99.5,100.0,0.0,58471
173935,NW-M-1286-25,2025-08-30,Shallow Depth Reported,Grand Manan Vicinity Passamaquoddy Bay,45.03783,-66.806,,desc,b0047_0041.npz,1.0,1.0,1.3,-6.5,0.0,-6.5,1986,True,False,99.4,100.0,0.0,77630
173947,NW-M-1290-25,2025-08-31,Shallow Depth Reported,"Grand Manan Vicinity Campobello Island, NB",44.92467,-66.9655,,desc,b0047_0041.npz,0.958,0.999,9.1,-3.2,0.0,-3.2,0,True,False,97.2,100.0,0.0,71029
173947,NW-M-1290-25,2025-08-31,Shallow Depth Reported,"Grand Manan Vicinity Campobello Island, NB",44.99217,-66.933,,desc,b0047_0041.npz,1.0,1.0,3.2,-6.4,0.0,-6.4,0,True,False,99.5,100.0,0.0,62945
173947,NW-M-1290-25,2025-08-31,Shallow Depth Reported,"Grand Manan Vicinity Campobello Island, NB",44.98083,-66.9395,,desc,b0047_0041.npz,0.999,1.0,-0.4,-31.0,0.0,-31.0,0,True,True,99.1,87.9,0.0,64509
173956,NW-M-1292-25,2025-08-31,Shallow Depth Reported,"Grand Manan Vicinity Campobello Island, NB",44.93683,-66.96567,,desc,b0047_0041.npz,0.965,0.986,0.7,-2.3,0.0,-2.3,0,True,False,97.3,100.0,0.0,68607
173956,NW-M-1292-25,2025-08-31,Shallow Depth Reported,"Grand Manan Vicinity Campobello Island, NB",44.934,-66.964,,desc,b0047_0041.npz,0.983,0.995,2.5,-10.0,0.0,-10.0,0,True,False,98.0,99.9,0.0,69458
174007,NW-M-1301-25,2025-09-02,Shallow Depth Reported,"Grand Manan Vicinity Passamaquoddy Bay, NB",45.08133,-66.91767,,desc,b0047_0041.npz,0.987,0.999,9.9,-0.9,0.0,-0.9,1986,True,False,97.4,100.0,0.0,44151
174146,NW-M-1335-25,2025-09-05,Shallow Depth Reported,Grand Manan Vicinity Passamaquoddy Bay,44.9845,-66.95133,,desc,b0047_0041.npz,1.0,1.0,8.5,,0.11,2.8,0,True,False,99.5,100.0,0.0,60979
174146,NW-M-1335-25,2025-09-05,Shallow Depth Reported,Grand Manan Vicinity Passamaquoddy Bay,44.989,-66.94583,,desc,b0047_0041.npz,1.0,1.0,10.2,-5.6,0.0,-5.6,0,True,False,99.5,100.0,0.0,61224
174146,NW-M-1335-25,2025-09-05,Shallow Depth Reported,Grand Manan Vicinity Passamaquoddy Bay,44.99267,-66.94367,,desc,b0047_0041.npz,1.0,1.0,5.7,2.1,0.0,2.1,0,True,False,99.5,100.0,0.0,60859
174146,NW-M-1335-25,2025-09-05,Shallow Depth Reported,Grand Manan Vicinity Passamaquoddy Bay,45.00667,-66.93767,,desc,b0047_0041.npz,1.0,1.0,6.2,-4.4,0.0,-4.4,0,True,False,99.5,100.0,0.0,58207
175021,NW-M-1535-25,2025-10-07,Shallow Depth Reported,"Fundy Vicinity Digby, N.S.",44.63705,-65.74902,,desc,b0047_0041.npz,0.997,1.0,8.3,-7.2,0.0,-7.2,0,True,False,100.0,100.0,0.0,54808
175021,NW-M-1535-25,2025-10-07,Shallow Depth Reported,"Fundy Vicinity Digby, N.S.",44.62758,-65.74947,,desc,b0047_0041.npz,0.997,1.0,13.4,2.8,0.0,2.8,0,True,False,100.0,100.0,0.0,51567
175021,NW-M-1535-25,2025-10-07,Shallow Depth Reported,"Fundy Vicinity Digby, N.S.",44.62483,-65.7509,,desc,b0047_0041.npz,0.996,0.999,20.0,-0.0,0.0,-0.0,0,True,False,100.0,100.0,0.0,50786
175021,NW-M-1535-25,2025-10-07,Shallow Depth Reported,"Fundy Vicinity Digby, N.S.",44.62977,-65.75027,,desc,b0047_0041.npz,0.999,1.0,14.4,0.2,0.0,0.2,0,True,False,100.0,100.0,0.0,52267
175021,NW-M-1535-25,2025-10-07,Shallow Depth Reported,"Fundy Vicinity Digby, N.S.",44.63032,-65.7504,,desc,b0047_0041.npz,0.999,1.0,15.3,-0.5,0.0,-0.5,0,True,False,100.0,100.0,0.0,52618
175021,NW-M-1535-25,2025-10-07,Shallow Depth Reported,"Fundy Vicinity Digby, N.S.",44.63168,-65.75,,desc,b0047_0041.npz,0.998,1.0,14.3,-1.3,0.0,-1.3,0,True,False,100.0,100.0,0.0,52968
175876,NW-M-1690-25,2025-11-09,Submerged Object,Grand Manan Vicinity Meteghan,44.19389,-66.16583,0.5,json,b0047_0041.npz,0.984,0.998,5.0,1.8,0.0,1.8,1992,True,False,99.4,100.0,0.0,62402
178786,NW-M-0245-26,2026-03-16,Shallow Depth Confirmed,Lurcher,43.82373,-66.13558,0.8,desc,b0047_0041.npz,1.0,1.0,10.3,2.1,0.0,2.1,2010,True,False,100.0,100.0,0.0,65939
178786,NW-M-0245-26,2026-03-16,Shallow Depth Confirmed,Lurcher,43.82817,-66.13182,2.3,desc,b0047_0041.npz,1.0,1.0,9.5,2.3,0.0,2.3,2010,True,False,100.0,100.0,0.0,64081
178786,NW-M-0245-26,2026-03-16,Shallow Depth Confirmed,Lurcher,43.83262,-66.1245,3.3,desc,b0047_0041.npz,1.0,1.0,9.1,-3.2,0.0,-3.2,2010,True,False,100.0,100.0,0.0,61528
178786,NW-M-0245-26,2026-03-16,Shallow Depth Confirmed,Lurcher,43.8378,-66.12237,2.9,desc,b0047_0041.npz,1.0,1.0,11.5,-1.5,0.0,-1.5,2010,True,False,100.0,100.0,0.0,60168
178786,NW-M-0245-26,2026-03-16,Shallow Depth Confirmed,Lurcher,43.84818,-66.12637,5.0,desc,b0047_0041.npz,1.0,1.0,10.3,,0.11,7.4,0,True,False,100.0,100.0,0.0,60456
184166,NW-M-1084-26,2026-08-08,Buoys Aids Laurier Rock light buoy KK61 LL 371,Southwestern Shore Vicinity Lockeport,43.675,-65.09583,,desc,b0047_0041.npz,0.958,0.99,-2.2,-13.4,0.0,-13.4,1988,True,False,99.9,100.0,0.0,78674
184853,NW-M-1215-26,2026-08-27,Shallow Depth Reported,Grand Manan,45.26944,-66.0723,9.5,json,b0047_0041.npz,1.0,1.0,11.5,0.7,0.0,0.7,2008,True,False,99.7,100.0,0.0,44881
7456,NW-A-0149-18,2018-09-26,Shallow Depth Reported,Ungava,58.96213,-66.42973,15.7,desc,b0038_0041.npz,0.03,0.187,-15.8,-17.1,0.0,-17.1,0,True,False,94.4,99.8,0.0,221080
7456,NW-A-0149-18,2018-09-26,Shallow Depth Reported,Ungava,58.97532,-67.06443,42.0,desc,b0038_0041.npz,0.0,0.0,-45.6,-54.1,0.0,-54.1,0,True,True,0.0,77.6,0.0,289205
7456,NW-A-0149-18,2018-09-26,Shallow Depth Reported,Ungava,58.97815,-67.31708,45.0,desc,b0038_0041.npz,0.0,0.0,-52.2,-60.2,0.0,-60.2,0,True,True,0.0,74.5,0.0,187810
7477,NW-A-0166-18,2018-10-06,Shoal,Shipping Safety Control Zone 15 Vicinity Forbes Sound,60.3811,-64.81998,6.4,desc,b0037_0041.npz,0.619,0.862,-7.2,-1.3,0.0,-1.3,0,True,False,99.0,100.0,0.0,158684
7477,NW-A-0166-18,2018-10-06,Shoal,Shipping Safety Control Zone 15 Vicinity Forbes Sound,60.38052,-64.82937,17.8,desc,b0037_0041.npz,0.237,0.855,-17.5,-28.6,0.0,-28.6,0,True,True,92.9,98.7,0.0,162433
7489,NW-A-0181-18,2018-10-14,Shoal,Shipping Safety Control Zone 15 Vicinity Negus Bay,64.27032,-76.33585,5.4864,desc,b0034_0037.npz,0.609,0.835,-1.4,-10.8,0.0,-10.8,0,True,False,92.8,97.3,0.0,125745
7489,NW-A-0181-18,2018-10-14,Shoal,Shipping Safety Control Zone 15 Vicinity Negus Bay,64.2623,-76.35283,2.4384,desc,b0034_0037.npz,0.781,0.908,2.7,-13.1,0.0,-13.1,0,True,False,98.3,97.0,0.0,132941
7489,NW-A-0181-18,2018-10-14,Shoal,Shipping Safety Control Zone 15 Vicinity Negus Bay,64.26242,-76.34732,8.2296,desc,b0034_0037.npz,0.707,0.908,4.0,-13.9,0.0,-13.9,0,True,False,96.0,96.9,0.0,133221
7489,NW-A-0181-18,2018-10-14,Shoal,Shipping Safety Control Zone 15 Vicinity Negus Bay,64.24677,-76.37427,9.144,desc,b0034_0037.npz,0.404,0.652,-12.9,-15.3,0.0,-15.3,0,True,False,90.4,97.1,0.0,147443
7489,NW-A-0181-18,2018-10-14,Shoal,Shipping Safety Control Zone 15 Vicinity Negus Bay,64.2391,-76.3784,21.640800000000002,desc,b0034_0037.npz,0.526,0.655,-9.7,-27.4,0.0,-27.4,0,True,True,92.7,94.2,0.0,155278
25276,NW-M-1673-19,2019-08-19,Shallow Depth Reported,"Cabot Strait - south Vicinity Mira Gut, N.S.",46.03582,-59.96774,,json,b0046_0043.npz,0.97,0.996,20.8,,0.3,-1.1,1938,True,False,98.6,100.0,0.0,53330
157553,NW-M-0280-24,2024-02-27,Shallow Depth Reported,Fourchu,45.35987,-61.14667,6.9,desc,b0046_0043.npz,0.183,0.791,-17.7,-21.1,0.0,-21.1,1954,True,True,92.6,99.8,0.0,47999
157553,NW-M-0280-24,2024-02-27,Shallow Depth Reported,Fourchu,45.35905,-61.13987,6.1,desc,b0046_0043.npz,0.287,0.894,-13.6,-18.3,0.0,-18.3,1954,True,False,93.6,100.0,0.0,48774
157622,NW-M-0290-24,2024-02-29,Shallow Depth Reported,Fourchu,45.35348,-61.25693,6.2,desc,b0046_0043.npz,0.743,0.951,-7.0,-41.7,0.0,-41.7,1954,True,True,96.8,54.8,0.0,36904
157622,NW-M-0290-24,2024-02-29,Shallow Depth Reported,Fourchu,45.35625,-61.1882,7.4,desc,b0046_0043.npz,0.504,0.954,-10.4,-10.1,0.0,-10.1,1954,True,False,95.4,100.0,0.0,43260
157622,NW-M-0290-24,2024-02-29,Shallow Depth Reported,Fourchu,45.35142,-61.27087,12.6,desc,b0046_0043.npz,0.499,0.883,-10.5,-28.9,0.0,-28.9,1954,True,True,94.8,83.0,0.0,35654
157741,NW-M-0313-24,2024-03-08,Shallow Depth Reported,Fourchu,45.42972,-60.99645,,desc,b0046_0043.npz,0.0,0.002,-26.1,-30.9,0.0,-30.9,1954,True,True,78.3,85.8,0.0,71837
157741,NW-M-0313-24,2024-03-08,Shallow Depth Reported,Fourchu,45.42972,-60.99645,,desc,b0046_0043.npz,0.0,0.002,-26.1,-30.9,0.0,-30.9,1954,True,True,78.3,85.8,0.0,71837
157784,NW-M-0317-24,2024-03-11,Shallow Depth Reported,Fourchu,45.42822,-61.05403,,desc,b0046_0043.npz,0.0,0.0,-22.0,-26.2,0.0,-26.2,1954,True,True,73.1,92.1,0.0,65203
157784,NW-M-0317-24,2024-03-11,Shallow Depth Reported,Fourchu,45.4352,-61.0425,,desc,b0046_0043.npz,0.0,0.0,-23.1,-28.6,0.0,-28.6,1954,True,True,0.0,88.5,0.0,66793
157784,NW-M-0317-24,2024-03-11,Shallow Depth Reported,Fourchu,45.43445,-61.01418,,desc,b0046_0043.npz,0.0,0.0,-21.7,-23.1,0.0,-23.1,1954,True,True,74.3,96.9,0.0,69983
157784,NW-M-0317-24,2024-03-11,Shallow Depth Reported,Fourchu,45.42558,-61.05485,,desc,b0046_0043.npz,0.0,0.0,-21.5,-22.1,0.0,-22.1,1954,True,True,72.6,98.2,0.0,65066
157784,NW-M-0317-24,2024-03-11,Shallow Depth Reported,Fourchu,45.42797,-61.02018,,desc,b0046_0043.npz,0.0,0.0,-22.5,-28.8,0.0,-28.8,1954,True,True,72.8,88.6,0.0,69197
157856,NW-M-0338-24,2024-03-14,Shallow Depth Reported,"Fourchu Vicinity Canso, NS",45.43955,-61.00337,,desc,b0046_0043.npz,0.0,0.0,-24.0,-32.8,0.0,-32.8,1954,True,True,74.3,83.1,0.0,71246
157856,NW-M-0338-24,2024-03-14,Shallow Depth Reported,"Fourchu Vicinity Canso, NS",45.43233,-60.99623,,desc,b0046_0043.npz,0.0,0.002,-25.5,-30.3,0.0,-30.3,1954,True,True,80.5,86.7,0.0,71891
157856,NW-M-0338-24,2024-03-14,Shallow Depth Reported,"Fourchu Vicinity Canso, NS",45.43867,-60.98245,,desc,b0046_0043.npz,0.0,0.0,-45.1,-61.9,0.0,-61.9,1954,True,True,0.0,54.1,0.0,73366
157908,NW-M-0356-24,2024-03-16,Shallow Depth Reported,"Fourchu Vicinity Canso, NS",45.3513,-60.8804,,desc,b0046_0043.npz,0.433,0.777,-11.5,-14.5,0.0,-14.5,1954,True,False,97.8,100.0,0.0,71779
157908,NW-M-0356-24,2024-03-16,Shallow Depth Reported,"Fourchu Vicinity Canso, NS",45.35172,-60.88878,,desc,b0046_0043.npz,0.519,0.777,-10.2,-22.1,0.0,-22.1,1954,True,True,98.1,99.1,0.0,71440
157908,NW-M-0356-24,2024-03-16,Shallow Depth Reported,"Fourchu Vicinity Canso, NS",45.35143,-60.87507,,desc,b0046_0043.npz,0.5,0.752,-10.5,-13.7,0.0,-13.7,1954,True,False,98.1,100.0,0.0,72042
157909,NW-M-0355-24,2024-03-16,Shallow Depth Reported,Fourchu,45.42488,-61.10992,,desc,b0046_0043.npz,0.0,0.0,-55.9,-68.3,0.0,-68.3,0,True,True,0.0,39.2,0.0,56855
158112,NW-M-0425-24,2024-03-28,Shallow Depth Reported,Fourchu,45.46475,-61.16773,,desc,b0046_0043.npz,0.0,0.0,-25.7,-28.6,0.0,-28.6,0,True,True,0.0,85.7,0.0,49712
158296,NW-M-0462-24,2024-04-07,Shoal,Fourchu,45.42238,-61.2638,,desc,b0046_0043.npz,0.973,0.995,-5.2,-10.3,0.0,-10.3,1954,True,False,98.7,100.0,0.0,38198
158317,NW-M-0465-24,2024-04-08,Shoal,Fourchu Vicinity Chedabucto Bay,45.46542,-61.08752,,desc,b0046_0043.npz,0.016,0.193,-17.6,-22.7,0.0,-22.7,1954,True,True,86.0,97.2,0.0,61253
158444,NW-M-0485-24,2024-04-12,Shallow Depth Reported,Fourchu,45.4285,-61.265,,desc,b0046_0043.npz,0.986,0.994,-4.7,-9.0,0.0,-9.0,1954,True,False,98.9,100.0,0.0,38211
158469,NW-M-0492-24,2024-04-13,Shallow Depth Reported,Fourchu,45.42683,-61.28617,,desc,b0046_0043.npz,0.893,1.0,-7.2,-10.1,0.11,-8.8,1954,True,False,97.2,100.0,98.9,36224
158684,NW-M-0546-24,2024-04-20,Shallow Depth Reported,Fourchu Vicinity Isle Madame,45.47965,-60.86935,,desc,b0046_0043.npz,0.372,0.813,-12.4,-12.0,0.0,-12.0,1954,True,False,97.3,100.0,0.0,82801
158684,NW-M-0546-24,2024-04-20,Shallow Depth Reported,Fourchu Vicinity Isle Madame,45.4778,-60.86833,,desc,b0046_0043.npz,0.614,0.813,-9.1,-12.6,0.0,-12.6,1954,True,False,98.3,100.0,0.0,82897
158684,NW-M-0546-24,2024-04-20,Shallow Depth Reported,Fourchu Vicinity Isle Madame,45.4813,-60.89827,,desc,b0046_0043.npz,0.965,0.998,-4.0,-12.6,0.0,-12.6,0,True,False,99.5,100.0,0.0,80634
158684,NW-M-0546-24,2024-04-20,Shallow Depth Reported,Fourchu Vicinity Isle Madame,45.47712,-60.88923,,desc,b0046_0043.npz,0.799,0.998,-7.3,-15.4,0.0,-15.4,0,True,False,98.9,100.0,0.0,81468
158684,NW-M-0546-24,2024-04-20,Shallow Depth Reported,Fourchu Vicinity Isle Madame,45.4748,-60.9089,,desc,b0046_0043.npz,0.841,0.998,-7.7,-14.9,0.0,-14.9,0,True,False,98.9,100.0,0.0,80061
158684,NW-M-0546-24,2024-04-20,Shallow Depth Reported,Fourchu Vicinity Isle Madame,45.46557,-61.03058,,desc,b0046_0043.npz,0.789,0.999,-8.0,-21.9,0.0,-21.9,1954,True,True,98.0,98.5,0.0,67847
158684,NW-M-0546-24,2024-04-20,Shallow Depth Reported,Fourchu Vicinity Isle Madame,45.46542,-61.0435,,desc,b0046_0043.npz,0.049,0.743,-13.9,-17.8,0.0,-17.8,1954,True,False,90.4,99.9,0.0,66509
160005,NW-M-0795-24,2024-05-28,Shallow Depth Reported,Fourchu,45.90342,-59.9706,,json,b0046_0043.npz,0.998,0.999,3.8,-8.5,0.0,-8.5,2010,True,False,99.7,100.0,0.0,80997
164585,NW-M-1960-24,2024-09-26,Shallow Depth Reported,"Fourchu Vicinity Louisbourg, NS",45.89827,-59.95773,,desc,b0046_0043.npz,0.956,0.998,4.9,-1.4,0.0,-1.4,0,True,False,99.0,100.0,0.0,85611
164585,NW-M-1960-24,2024-09-26,Shallow Depth Reported,"Fourchu Vicinity Louisbourg, NS",45.89783,-59.96482,,desc,b0046_0043.npz,0.956,0.999,3.5,1.0,0.0,1.0,2010,True,False,99.0,100.0,0.0,83839
164585,NW-M-1960-24,2024-09-26,Shallow Depth Reported,"Fourchu Vicinity Louisbourg, NS",45.89505,-59.95812,,desc,b0046_0043.npz,0.98,0.999,6.4,-5.5,0.0,-5.5,0,True,False,99.3,100.0,0.0,86463
164585,NW-M-1960-24,2024-09-26,Shallow Depth Reported,"Fourchu Vicinity Louisbourg, NS",45.89482,-59.98417,,desc,b0046_0043.npz,1.0,1.0,6.5,-5.6,0.0,-5.6,2010,True,False,99.9,100.0,0.0,79823
164585,NW-M-1960-24,2024-09-26,Shallow Depth Reported,"Fourchu Vicinity Louisbourg, NS",45.89153,-59.96903,,desc,b0046_0043.npz,1.0,1.0,6.7,-3.9,0.0,-3.9,0,True,False,99.8,100.0,0.0,84794
164585,NW-M-1960-24,2024-09-26,Shallow Depth Reported,"Fourchu Vicinity Louisbourg, NS",45.89302,-59.9667,,desc,b0046_0043.npz,0.997,1.0,9.0,-8.2,0.0,-8.2,0,True,False,99.7,100.0,0.0,84923
170158,NW-M-0709-25,2025-05-12,Shoal,Cabot Strait - south Vicinity Sydney Harbour,46.20387,-60.21922,1.86,desc,b0046_0043.npz,0.995,1.0,-0.2,-15.1,0.0,-15.1,0,True,False,100.0,99.4,0.0,44195
173957,NW-M-1293-25,2025-08-31,Shoal,Cabot Strait - south,46.11952,-59.4819,,desc,b0046_0043.npz,0.0,0.0,-45.6,-49.9,0.44,-48.0,1957,True,True,0.0,80.0,77.9,170562
180336,NW-C-1341-26,2026-05-08,Shallow Depth Confirmed,Magdalen Islands Vicinity Havre-Aubert,47.23517,-61.82678,,desc,b0046_0043.npz,1.0,1.0,5.6,1.1,0.0,1.1,2009,True,False,100.0,100.0,0.0,54269
180336,NW-C-1341-26,2026-05-08,Shallow Depth Confirmed,Magdalen Islands Vicinity Havre-Aubert,47.23693,-61.82502,3.0,desc,b0046_0043.npz,1.0,1.0,5.4,-0.1,0.0,-0.1,2009,True,False,100.0,100.0,0.0,54456
184326,NW-M-1117-26,2026-08-12,Buoys Aids Dixon Rock light buoy C28 LL 699,Northumberland Strait,45.64202,-61.40323,,json,b0046_0043.npz,0.935,0.995,14.6,-3.7,0.0,-3.7,0,True,False,93.5,100.0,0.0,15245
29464,NW-A-0183-19,2019-09-29,Shoal,Shipping Safety Control Zone 15,63.43333,-72.3,,desc,b0035_0039.npz,,,,,11.55,-250.5,,False,False,,0.1,0.0,3184
29467,NW-A-0184-19,2019-09-29,Shoal,Shipping Safety Control Zone 15,63.425,-72.21667,,desc,b0035_0039.npz,,,,,11.58,-250.5,,False,False,,0.1,0.0,1848
29470,NW-A-0185-19,2019-09-29,Shoal,Shipping Safety Control Zone 15,63.5,-72.2,,desc,b0035_0039.npz,,,,,19.69,-250.5,,False,False,,,,0
29476,NW-A-0186-19,2019-09-29,Shoal,Shipping Safety Control Zone 15,63.61667,-72.125,,desc,b0035_0039.npz,,,,,33.04,-250.5,,False,False,,,,0
29482,NW-A-0187-19,2019-09-29,Shoal,Shipping Safety Control Zone 15,63.63833,-72.18333,,desc,b0035_0039.npz,,,,,34.74,-250.5,,False,False,,,,0
38488,NW-M-0071-20,2020-01-16,Shallow Depth Reported,Southwestern Shore Vicinity Pollock Point,44.14151,-64.48832,,json,b0047_0042.npz,0.997,1.0,7.1,0.2,0.0,0.2,1953,True,False,99.9,100.0,0.0,68963
38551,NW-M-0076-20,2020-01-17,Shallow Depth Reported,Southwestern Shore,44.11797,-64.54557,,json,b0047_0042.npz,1.0,1.0,7.1,2.4,0.0,2.4,1953,True,False,100.0,100.0,0.0,62715
38554,NW-M-0077-20,2020-01-17,Shallow Depth Reported,Southwestern Shore,44.1443,-64.6039,,json,b0047_0042.npz,1.0,1.0,6.9,1.2,0.0,1.2,1953,True,False,100.0,100.0,0.0,41955
140695,NW-M-0914-23,2023-07-10,Submerged Object,Fundy Vicinity Walton River,45.23235,-64.01761,,json,b0047_0042.npz,1.0,1.0,31.5,,0.96,3.3,,True,False,100.0,100.0,0.0,6325
144127,NW-M-1110-23,2023-08-12,Submerged Object,Halifax Harbour and Approaches Vicinity Halifax Harbour,44.62768,-63.54958,,desc,b0047_0042.npz,0.973,1.0,-1.0,-27.5,0.0,-27.5,1995,True,True,97.7,86.6,0.0,33646
174549,NW-M-1426-25,2025-09-21,Submerged Object,"Southwestern Shore Vicinity Head of St. Margarets Bay, NS",44.68463,-63.90797,,desc,b0047_0042.npz,0.993,1.0,25.8,2.3,0.0,2.3,0,True,False,95.0,100.0,0.0,12730
174754,NW-M-1476-25,2025-09-29,Shallow Depth Reported,Southwestern Shore Vicinity LaHave River,44.31822,-64.40603,,desc,b0047_0042.npz,0.997,1.0,4.0,-4.3,0.0,-4.3,1996,True,False,99.2,100.0,0.0,36507
174754,NW-M-1476-25,2025-09-29,Shallow Depth Reported,Southwestern Shore Vicinity LaHave River,44.3203,-64.39978,,desc,b0047_0042.npz,0.993,0.998,8.9,-0.9,0.0,-0.9,1996,True,False,98.8,100.0,0.0,37612
174754,NW-M-1476-25,2025-09-29,Shallow Depth Reported,Southwestern Shore Vicinity LaHave River,44.30685,-64.36735,,desc,b0047_0042.npz,1.0,1.0,6.1,2.3,0.0,2.3,1996,True,False,99.8,100.0,0.0,49212
174754,NW-M-1476-25,2025-09-29,Shallow Depth Reported,Southwestern Shore Vicinity LaHave River,44.30297,-64.36762,,desc,b0047_0042.npz,1.0,1.0,2.8,-6.2,0.0,-6.2,1996,True,False,99.7,100.0,0.0,49875
174754,NW-M-1476-25,2025-09-29,Shallow Depth Reported,Southwestern Shore Vicinity LaHave River,44.30467,-64.37987,,desc,b0047_0042.npz,0.993,1.0,2.8,-5.6,0.0,-5.6,1996,True,False,99.1,100.0,0.0,46176
174754,NW-M-1476-25,2025-09-29,Shallow Depth Reported,Southwestern Shore Vicinity LaHave River,44.30932,-64.3891,,desc,b0047_0042.npz,0.996,1.0,1.3,-4.3,0.0,-4.3,1996,True,False,99.2,100.0,0.0,42906
174754,NW-M-1476-25,2025-09-29,Shallow Depth Reported,Southwestern Shore Vicinity LaHave River,44.31508,-64.39688,,desc,b0047_0042.npz,0.993,0.999,3.3,-5.6,0.0,-5.6,1996,True,False,98.9,100.0,0.0,39721
175039,NW-M-1539-25,2025-10-07,Shallow Depth Reported,Southwestern Shore Vicinity LaHave River,44.24367,-64.36938,,desc,b0047_0042.npz,1.0,1.0,5.0,-1.7,0.0,-1.7,2006,True,False,99.9,100.0,0.0,64761
175039,NW-M-1539-25,2025-10-07,Shallow Depth Reported,Southwestern Shore Vicinity LaHave River,44.17255,-64.32373,7.1,desc,b0047_0042.npz,0.842,0.978,3.0,-6.7,0.0,-6.7,1950,True,False,99.2,100.0,0.0,96183
175039,NW-M-1539-25,2025-10-07,Shallow Depth Reported,Southwestern Shore Vicinity LaHave River,44.1729,-64.32532,7.1,desc,b0047_0042.npz,0.825,0.978,2.8,-7.3,0.0,-7.3,1950,True,False,99.2,100.0,0.0,95878
175039,NW-M-1539-25,2025-10-07,Shallow Depth Reported,Southwestern Shore Vicinity LaHave River,44.17683,-64.32732,8.0,desc,b0047_0042.npz,0.775,0.909,0.7,-6.1,0.0,-6.1,1950,True,False,98.9,100.0,0.0,94290
175039,NW-M-1539-25,2025-10-07,Shallow Depth Reported,Southwestern Shore Vicinity LaHave River,44.23025,-64.37628,,desc,b0047_0042.npz,1.0,1.0,6.7,1.8,0.0,1.8,2006,True,False,99.9,100.0,0.0,66807
178575,NW-M-0209-26,2026-03-03,Submerged Object,Halifax Harbour and Approaches Vicinity Georges Island,44.64378,-63.55712,5.0,desc,b0047_0042.npz,0.874,0.991,-3.7,-16.5,0.0,-16.5,1992,True,False,95.0,100.0,0.0,27140
178575,NW-M-0209-26,2026-03-03,Submerged Object,Halifax Harbour and Approaches Vicinity Georges Island,44.64295,-63.55612,,desc,b0047_0042.npz,0.916,0.985,-2.2,-4.1,0.0,-4.1,1992,True,False,95.8,100.0,0.0,27437
178575,NW-M-0209-26,2026-03-03,Submerged Object,Halifax Harbour and Approaches Vicinity Georges Island,44.64208,-63.55555,,desc,b0047_0042.npz,0.913,0.985,-3.5,-11.0,0.0,-11.0,1992,True,False,95.7,100.0,0.0,27939
178948,NW-M-0269-26,2026-03-25,Shallow Depth Confirmed,Southwestern Shore Vicinity LaHave,44.2608,-64.34672,5.5,desc,b0047_0042.npz,1.0,1.0,0.7,-6.1,0.0,-6.1,2006,True,False,99.8,100.0,0.0,66149
178948,NW-M-0269-26,2026-03-25,Shallow Depth Confirmed,Southwestern Shore Vicinity LaHave,44.2604,-64.34438,5.5,desc,b0047_0042.npz,0.999,1.0,-0.3,-5.8,0.0,-5.8,2006,True,False,99.8,100.0,0.0,66504
178948,NW-M-0269-26,2026-03-25,Shallow Depth Confirmed,Southwestern Shore Vicinity LaHave,44.2622,-64.36203,5.5,desc,b0047_0042.npz,1.0,1.0,3.8,-5.4,0.0,-5.4,2006,True,False,99.9,100.0,0.0,61371
178948,NW-M-0269-26,2026-03-25,Shallow Depth Confirmed,Southwestern Shore Vicinity LaHave,44.26522,-64.3613,5.5,desc,b0047_0042.npz,1.0,1.0,3.5,-5.0,0.0,-5.0,2006,True,False,99.9,100.0,0.0,60955
183920,NW-M-1052-26,2026-08-02,Submerged Object,Southwestern Shore,44.48952,-63.85878,,desc,b0047_0042.npz,1.0,1.0,5.2,-3.8,0.0,-3.8,0,True,False,99.6,100.0,0.0,73778
184399,NW-M-1145-26,2026-08-13,Buoys Aids Frenchman Rock light buoy VV8 LL 610.5,Eastern Shore,44.93236,-62.11764,,json,b0047_0042.npz,1.0,1.0,0.9,-23.3,0.0,-23.3,0,True,True,99.6,97.2,0.0,57082
41623,NW-M-0349-20,2020-03-12,Shallow Depth Reported,"Gulf - Magdalen - south Vicinity North Rustico, PEI",46.43233,-63.23517,,desc,b0046_0042.npz,1.0,1.0,3.5,1.5,0.0,1.5,1956,True,False,100.0,100.0,0.0,58759
41623,NW-M-0349-20,2020-03-12,Shallow Depth Reported,"Gulf - Magdalen - south Vicinity North Rustico, PEI",46.42983,-63.254,,desc,b0046_0042.npz,1.0,1.0,4.1,-1.0,0.0,-1.0,1956,True,False,100.0,100.0,0.0,55970
41623,NW-M-0349-20,2020-03-12,Shallow Depth Reported,"Gulf - Magdalen - south Vicinity North Rustico, PEI",46.43083,-63.25683,,desc,b0046_0042.npz,1.0,1.0,4.6,-1.9,0.0,-1.9,1956,True,False,100.0,100.0,0.0,56183
41623,NW-M-0349-20,2020-03-12,Shallow Depth Reported,"Gulf - Magdalen - south Vicinity North Rustico, PEI",46.43333,-63.26567,,desc,b0046_0042.npz,1.0,1.0,4.2,-0.8,0.0,-0.8,1956,True,False,100.0,100.0,0.0,56800
41623,NW-M-0349-20,2020-03-12,Shallow Depth Reported,"Gulf - Magdalen - south Vicinity North Rustico, PEI",46.44667,-63.305,,desc,b0046_0042.npz,1.0,1.0,6.4,2.0,0.0,2.0,1956,True,False,100.0,100.0,0.0,59009
41623,NW-M-0349-20,2020-03-12,Shallow Depth Reported,"Gulf - Magdalen - south Vicinity North Rustico, PEI",46.45,-63.30317,,desc,b0046_0042.npz,1.0,1.0,5.6,2.2,0.0,2.2,2006,True,False,100.0,100.0,0.0,60858
41623,NW-M-0349-20,2020-03-12,Shallow Depth Reported,"Gulf - Magdalen - south Vicinity North Rustico, PEI",46.45467,-63.28983,,desc,b0046_0042.npz,1.0,1.0,5.5,2.2,0.0,2.2,2006,True,False,100.0,100.0,0.0,64373
41623,NW-M-0349-20,2020-03-12,Shallow Depth Reported,"Gulf - Magdalen - south Vicinity North Rustico, PEI",46.4565,-63.28933,,desc,b0046_0042.npz,1.0,1.0,4.7,2.1,0.0,2.1,2006,True,False,100.0,100.0,0.0,64944
41623,NW-M-0349-20,2020-03-12,Shallow Depth Reported,"Gulf - Magdalen - south Vicinity North Rustico, PEI",46.4565,-63.28833,,desc,b0046_0042.npz,1.0,1.0,4.7,2.1,0.0,2.1,2006,True,False,100.0,100.0,0.0,64944
145951,NW-M-1272-23,2023-08-31,Submerged Object,Northumberland Strait Vicinity Rocky Point,46.20667,-63.13833,,desc,b0046_0042.npz,1.0,1.0,6.6,1.2,0.0,1.2,2008,True,False,98.9,100.0,0.0,2245
161081,NW-M-1027-24,2024-06-26,Submerged Object,Northumberland Strait Vicinity Munns Point,46.26347,-63.06175,,desc,b0046_0042.npz,1.0,1.0,6.7,0.8,0.0,0.8,0,True,False,99.5,100.0,0.0,5251
166060,NW-M-2390-24,2024-11-14,Submerged Object,Northumberland Strait,46.099,-63.46167,,desc,b0046_0042.npz,0.016,0.169,-13.3,-16.2,0.0,-16.2,0,True,False,98.4,100.0,0.0,13715
170740,NW-M-0776-25,2025-05-28,Shallow Depth Reported,"Gulf - Magdalen - south Vicinity Alberton, Prince Edward Island",46.79453,-64.0589,,json,b0046_0042.npz,1.0,1.0,1.6,-0.9,0.0,-0.9,2009,True,False,100.0,100.0,0.0,37266
171187,NW-M-0833-25,2025-06-10,Shallow Depth Reported,Gulf - Magdalen - south,46.79518,-64.05983,,desc,b0046_0042.npz,1.0,1.0,1.8,,0.1,-1.0,2009,True,False,100.0,100.0,0.0,37394
171187,NW-M-0833-25,2025-06-10,Shallow Depth Reported,Gulf - Magdalen - south,46.79488,-64.05483,,desc,b0046_0042.npz,1.0,1.0,3.2,-4.8,0.0,-4.8,2009,True,False,100.0,100.0,0.0,38018
171187,NW-M-0833-25,2025-06-10,Shallow Depth Reported,Gulf - Magdalen - south,46.80065,-64.0423,,desc,b0046_0042.npz,1.0,1.0,2.7,-3.9,0.0,-3.9,2009,True,False,100.0,100.0,0.0,41882
171187,NW-M-0833-25,2025-06-10,Shallow Depth Reported,Gulf - Magdalen - south,46.80197,-64.03685,,desc,b0046_0042.npz,1.0,1.0,2.6,-3.3,0.0,-3.3,2009,True,False,100.0,100.0,0.0,42871
171187,NW-M-0833-25,2025-06-10,Shallow Depth Reported,Gulf - Magdalen - south,46.80325,-64.01523,,desc,b0046_0042.npz,1.0,1.0,1.0,-2.4,0.0,-2.4,2009,True,False,100.0,100.0,0.0,46764
171187,NW-M-0833-25,2025-06-10,Shallow Depth Reported,Gulf - Magdalen - south,46.8021,-64.01455,,desc,b0046_0042.npz,1.0,1.0,1.2,-3.5,0.0,-3.5,2009,True,False,100.0,100.0,0.0,46505
171187,NW-M-0833-25,2025-06-10,Shallow Depth Reported,Gulf - Magdalen - south,46.80205,-64.0132,,desc,b0046_0042.npz,1.0,1.0,0.3,-2.8,0.0,-2.8,2009,True,False,100.0,100.0,0.0,46492
171187,NW-M-0833-25,2025-06-10,Shallow Depth Reported,Gulf - Magdalen - south,46.80397,-64.01198,,desc,b0046_0042.npz,1.0,1.0,-0.2,-2.4,0.0,-2.4,2009,True,False,100.0,100.0,0.0,47506
171187,NW-M-0833-25,2025-06-10,Shallow Depth Reported,Gulf - Magdalen - south,46.80362,-64.01067,,desc,b0046_0042.npz,1.0,1.0,-0.1,-3.0,0.0,-3.0,2009,True,False,100.0,100.0,0.0,47500
171188,NW-M-0834-25,2025-06-10,Shallow Depth Reported,"Gulf - Magdalen - south Vicinity Alberton, PE",46.7947,-64.0577,,desc,b0046_0042.npz,1.0,1.0,2.0,-1.2,0.0,-1.2,2009,True,False,100.0,100.0,0.0,37700
171188,NW-M-0834-25,2025-06-10,Shallow Depth Reported,"Gulf - Magdalen - south Vicinity Alberton, PE",46.79472,-64.05822,,desc,b0046_0042.npz,1.0,1.0,2.0,-1.2,0.0,-1.2,2009,True,False,100.0,100.0,0.0,37700
171188,NW-M-0834-25,2025-06-10,Shallow Depth Reported,"Gulf - Magdalen - south Vicinity Alberton, PE",46.79595,-64.0579,,desc,b0046_0042.npz,1.0,1.0,3.2,-1.1,0.0,-1.1,2009,True,False,100.0,100.0,0.0,37977
171188,NW-M-0834-25,2025-06-10,Shallow Depth Reported,"Gulf - Magdalen - south Vicinity Alberton, PE",46.79592,-64.05743,,desc,b0046_0042.npz,1.0,1.0,3.2,-1.1,0.0,-1.1,2009,True,False,100.0,100.0,0.0,37977
171188,NW-M-0834-25,2025-06-10,Shallow Depth Reported,"Gulf - Magdalen - south Vicinity Alberton, PE",46.79708,-64.05575,,desc,b0046_0042.npz,1.0,1.0,3.2,,0.1,-1.1,2009,True,False,100.0,100.0,0.0,38412
171188,NW-M-0834-25,2025-06-10,Shallow Depth Reported,"Gulf - Magdalen - south Vicinity Alberton, PE",46.79732,-64.05512,,desc,b0046_0042.npz,1.0,1.0,2.3,-0.7,0.0,-0.7,2009,True,False,100.0,100.0,0.0,38570
171188,NW-M-0834-25,2025-06-10,Shallow Depth Reported,"Gulf - Magdalen - south Vicinity Alberton, PE",46.7972,-64.05475,,desc,b0046_0042.npz,1.0,1.0,2.3,-0.7,0.0,-0.7,2009,True,False,100.0,100.0,0.0,38570
171188,NW-M-0834-25,2025-06-10,Shallow Depth Reported,"Gulf - Magdalen - south Vicinity Alberton, PE",46.79572,-64.05647,,desc,b0046_0042.npz,1.0,1.0,2.2,-1.1,0.0,-1.1,2009,True,False,100.0,100.0,0.0,38135
171188,NW-M-0834-25,2025-06-10,Shallow Depth Reported,"Gulf - Magdalen - south Vicinity Alberton, PE",46.79545,-64.05773,,desc,b0046_0042.npz,1.0,1.0,2.0,-1.2,0.0,-1.2,2009,True,False,100.0,100.0,0.0,37700
171188,NW-M-0834-25,2025-06-10,Shallow Depth Reported,"Gulf - Magdalen - south Vicinity Alberton, PE",46.79773,-64.04618,1.7,desc,b0046_0042.npz,1.0,1.0,1.8,-4.1,0.0,-4.1,2009,True,False,100.0,100.0,0.0,39853
171188,NW-M-0834-25,2025-06-10,Shallow Depth Reported,"Gulf - Magdalen - south Vicinity Alberton, PE",46.79777,-64.04795,,desc,b0046_0042.npz,1.0,1.0,2.0,-4.1,0.0,-4.1,2009,True,False,100.0,100.0,0.0,39680
171188,NW-M-0834-25,2025-06-10,Shallow Depth Reported,"Gulf - Magdalen - south Vicinity Alberton, PE",46.79868,-64.04757,,desc,b0046_0042.npz,1.0,1.0,1.6,-2.2,0.0,-2.2,2009,True,False,100.0,100.0,0.0,39961
171188,NW-M-0834-25,2025-06-10,Shallow Depth Reported,"Gulf - Magdalen - south Vicinity Alberton, PE",46.79922,-64.04657,,desc,b0046_0042.npz,1.0,1.0,2.7,-3.5,0.0,-3.5,2009,True,False,100.0,100.0,0.0,40133
181594,NW-M-0712-26,2026-06-04,Shallow Depth Confirmed,Northumberland Strait Vicinity Souris,46.34952,-62.25168,,desc,b0046_0042.npz,1.0,1.0,12.4,-1.7,0.0,-1.7,1995,True,False,99.8,100.0,0.0,78335
181594,NW-M-0712-26,2026-06-04,Shallow Depth Confirmed,Northumberland Strait Vicinity Souris,46.34952,-62.25168,,desc,b0046_0042.npz,1.0,1.0,12.4,-1.7,0.0,-1.7,1995,True,False,99.8,100.0,0.0,78335
182166,NW-M-0812-26,2026-06-17,Submerged Object,Northumberland Strait Vicinity Cap Bimet,46.23867,-64.45892,,desc,b0046_0042.npz,1.0,1.0,4.3,-1.2,0.0,-1.2,0,True,False,100.0,100.0,0.0,694
51772,NW-A-0035-20,2020-07-10,Shallow Depth Reported,Shipping Safety Control Zone 14,62.38233,-78.23367,43.8912,desc,b0036_0037.npz,0.0,0.0,-50.3,-47.2,0.0,-47.2,1962,True,True,0.0,71.0,0.0,153200
51772,NW-A-0035-20,2020-07-10,Shallow Depth Reported,Shipping Safety Control Zone 14,62.3795,-78.25817,45.72,desc,b0036_0037.npz,0.0,0.0,-38.6,-47.8,0.0,-47.8,1962,True,True,0.0,69.6,0.0,149651
52249,NW-N-0828-20,2020-07-15,Submerged Object,Northeast Coast,49.73355,-54.16538,,desc,b0044_0045.npz,0.999,1.0,6.6,-2.1,0.0,-2.1,2010,True,False,100.0,100.0,0.0,152070
169527,NW-N-0248-25,2025-04-24,Buoys Aids 9 Feet Rock light buoy D2 LL 358.16,Northeast Coast,49.68375,-54.73556,,json,b0044_0045.npz,0.91,0.968,9.3,-7.9,0.0,-7.9,1988,True,False,99.8,99.6,0.0,149034
184139,NW-N-0586-26,2026-08-07,Shallow Depth Confirmed,Northeast Coast,49.56647,-54.90193,,desc,b0044_0045.npz,0.467,0.658,-13.7,-8.5,0.0,-8.5,0,True,False,95.8,98.0,0.0,130370
184772,NW-N-0641-26,2026-08-25,Shallow Depth Reported,Northeast Coast,49.96207,-55.60615,0.305,desc,b0044_0045.npz,0.958,0.984,24.7,-6.9,0.0,-6.9,2009,True,False,100.0,100.0,0.0,155496
184772,NW-N-0641-26,2026-08-25,Shallow Depth Reported,Northeast Coast,49.9639,-55.60435,1.219,desc,b0044_0045.npz,0.956,0.984,18.4,-5.1,0.0,-5.1,2009,True,False,100.0,100.0,0.0,155921
184772,NW-N-0641-26,2026-08-25,Shallow Depth Reported,Northeast Coast,49.96213,-55.6071,2.743,desc,b0044_0045.npz,0.962,0.984,25.6,-8.8,0.1,-4.2,2009,True,False,100.0,100.0,27.7,155220
184772,NW-N-0641-26,2026-08-25,Shallow Depth Reported,Northeast Coast,49.96432,-55.60533,3.353,desc,b0044_0045.npz,0.956,0.984,18.4,-5.1,0.0,-5.1,2009,True,False,100.0,100.0,0.0,155921
184772,NW-N-0641-26,2026-08-25,Shallow Depth Reported,Northeast Coast,49.96233,-55.60565,4.572,desc,b0044_0045.npz,0.958,0.984,24.7,-6.9,0.0,-6.9,2009,True,False,100.0,100.0,0.0,155496
73447,NW-M-0481-21,2021-04-13,Shallow Depth Reported,"Northumberland Strait Vicinity Saint-Édouard, N.B.",46.54048,-64.69863,1.46,json,b0046_0041.npz,1.0,1.0,9.0,,0.33,-2.7,0,True,False,,,,0
73450,NW-M-0482-21,2021-04-13,Shallow Depth Reported,"Northumberland Strait Vicinity Cap Lumière, N.B.",46.67313,-64.71035,,json,b0046_0041.npz,1.0,1.0,3.2,,0.15,-1.2,1956,True,False,100.0,100.0,0.0,164
117637,NW-M-1650-22,2022-09-14,Submerged Object,Chaleur - Miscou - south Vicinity Northwest Miramichi River,46.94498,-65.82042,,json,b0046_0041.npz,,0.998,,,17.39,1.6,,False,False,,,,0
138940,NW-M-0811-23,2023-06-22,Shoal,Chaleur - Miscou - south Vicinity Escuminac Harbour,47.08142,-64.88675,,desc,b0046_0041.npz,1.0,1.0,3.0,-0.7,0.0,-0.7,0,True,False,100.0,100.0,0.0,13942
138940,NW-M-0811-23,2023-06-22,Shoal,Chaleur - Miscou - south Vicinity Escuminac Harbour,47.08265,-64.8879,,desc,b0046_0041.npz,1.0,1.0,1.9,-1.5,0.0,-1.5,0,True,False,100.0,100.0,0.0,13942
138940,NW-M-0811-23,2023-06-22,Shoal,Chaleur - Miscou - south Vicinity Escuminac Harbour,47.08283,-64.88702,,desc,b0046_0041.npz,1.0,1.0,1.4,-1.2,0.0,-1.2,0,True,False,100.0,100.0,0.0,13957
175021,NW-M-1535-25,2025-10-07,Shallow Depth Reported,"Fundy Vicinity Digby, N.S.",45.63715,-65.75198,,desc,b0046_0041.npz,0.938,0.974,127.0,,7.11,0.6,,False,False,96.3,100.0,0.0,382
184661,NW-M-1188-26,2026-08-22,Uncharted Rock,Fundy Vicinity Grand Lake,45.95397,-66.05742,,desc,b0046_0041.npz,1.0,1.0,7.1,-1.5,0.0,-1.5,0,True,False,84.3,100.0,0.0,575
75443,NW-P-0619-21,2021-05-05,Submerged Object,Fraser River Vancouver Harbour,49.27417,-123.10383,,desc,b0044_0020.npz,0.986,1.0,10.9,-0.2,0.0,-0.2,2008,True,False,98.3,99.9,0.0,38721
116795,NW-P-1168-22,2022-09-04,Submerged Object,Strait of Georgia,49.46402,-123.78535,,desc,b0044_0020.npz,0.986,1.0,19.8,-5.2,0.0,-5.2,2003,True,False,99.8,99.9,0.0,109120
163765,NW-P-1411-24,2024-09-03,Submerged Object,Fraser River,49.24908,-122.72605,,desc,b0044_0020.npz,0.976,1.0,5.1,-5.3,0.0,-5.3,2010,True,False,94.7,89.5,0.0,4526
179084,NW-P-0475-26,2026-04-01,Submerged Object,Fraser River - North Arm,49.2104,-123.1565,,desc,b0044_0020.npz,0.992,1.0,13.5,-0.5,0.0,-0.5,2009,True,False,99.1,99.9,0.0,48526
184619,NW-P-1160-26,2026-08-20,Submerged Object,Strait of Georgia,49.3985,-124.59925,,desc,b0044_0020.npz,0.985,0.999,33.1,,0.1,-4.9,1969,True,False,99.9,100.0,0.0,69680
115214,NW-P-1035-22,2022-08-15,Submerged Object,Strait of Georgia,49.07082,-123.68547,,desc,b0045_0020.npz,0.993,0.999,18.8,-22.2,0.0,-22.2,1962,True,True,99.8,99.0,0.0,40323
168524,NW-P-0373-25,2025-03-17,Lights Aids Boundary Pass Shoal isolated danger light and bell buoy DB (U.S.) LL 264.5,Washington State - San Juan Islands,48.76483,-123.01463,,json,b0045_0020.npz,0.671,0.689,-3.8,-19.6,0.0,-19.6,2009,True,False,94.7,97.7,0.0,96788
172785,NW-P-1019-25,2025-07-27,Lights Aids Race Rocks light LL 189,Juan de Fuca Strait,48.29803,-123.53142,,json,b0045_0020.npz,0.973,0.988,7.3,,0.1,-2.0,1999,True,False,99.3,100.0,0.0,92584
183934,NW-P-1057-26,2026-08-03,Buoys Aids Lee Rock green spar buoy V25,Haro Strait,48.41842,-123.28825,,json,b0045_0020.npz,0.999,1.0,0.7,-13.6,0.0,-13.6,1965,True,False,99.7,98.6,0.0,106908
184876,NW-P-1181-26,2026-08-28,Submerged Object,Esquimalt Harbour,48.44045,-123.4492,,desc,b0045_0020.npz,1.0,1.0,14.0,4.0,0.0,4.0,2011,True,False,99.8,100.0,0.0,88237
121093,NW-A-0156-22,2022-10-18,Submerged Object,Arctic Vicinity Chesterfield Narrows,63.99333,-94.315,4.8,json,b0034_0031.npz,1.0,1.0,-2.3,-9.1,0.0,-9.1,0,True,False,92.7,98.4,0.0,18160
122152,NW-A-0170-22,2022-10-28,Shallow Depth Reported,Belcher,57.48627,-76.92218,19.1,json,b0039_0037.npz,0.363,0.629,-12.6,-19.7,0.0,-19.7,1977,True,False,93.9,100.0,0.0,181721
139516,NW-N-0796-23,2023-06-28,Sandspit or Sandbar Change,Southwest Coast,47.4466,-55.55201,,json,b0045_0045.npz,0.433,0.56,-17.0,-15.2,0.56,-0.8,,True,False,95.8,97.7,66.3,104027
164767,NW-N-1042-24,2024-10-01,Shallow Depth Reported,South Coast,47.2975,-53.97567,,desc,b0045_0045.npz,0.998,0.999,7.8,-21.3,0.0,-21.3,2008,True,True,100.0,99.3,0.0,56348
179415,NW-N-0215-26,2026-04-15,Buoys Aids Big Shoal light buoy PFH2 LL 37.7,South Coast,47.52333,-53.93917,,json,b0045_0045.npz,0.596,0.716,-4.2,-44.8,0.0,-44.8,2004,True,True,87.1,76.8,0.0,72971
182576,NW-N-0428-26,2026-06-27,Buoys Aids Ducie Rock light and bell buoy VD1 LL 116.5,Southwest Coast,47.59952,-55.38003,,json,b0045_0045.npz,0.001,0.018,-214.2,-197.5,0.33,-170.9,2006,True,True,41.1,48.0,85.6,65874
183193,NW-N-0503-26,2026-07-14,Buoys Aids Net Rocks light buoy V23 LL 130.31,Southwest Coast,47.47643,-56.0395,,json,b0045_0045.npz,0.988,0.998,3.4,-7.0,0.0,-7.0,0,True,False,100.0,99.1,0.0,137838
139619,NW-P-0832-23,2023-06-29,Submerged Object,Douglas Channel & Gardner Canal,53.99388,-128.68667,,desc,b0042_0018.npz,0.904,0.987,25.8,-15.1,0.0,-15.1,1985,True,False,96.1,91.5,0.0,21316
177480,NW-P-0060-26,2026-01-12,Lights Aids Blackrock Point sector light LL 665.41,North Coast,53.20846,-129.34423,,json,b0042_0018.npz,0.191,0.415,-66.1,-97.5,0.0,-97.5,2007,True,True,78.8,80.7,0.0,107982
139741,NW-C-1108-23,2023-06-30,RACON Aids Southeast Shoal light LL 597,Lake Erie Vicinity Point Pelee,41.82634,-82.46279,,json,b0048_0035.npz,0.995,1.0,148.4,,0.34,0.5,0,True,False,90.8,18.0,0.0,1297
179438,NW-C-0880-26,2026-04-16,Submerged Object,Lake Huron Vicinity Lake Huron,43.18704,-82.02252,,json,b0048_0035.npz,0.97,0.978,24.0,-2.3,0.0,-2.3,0,True,False,95.7,93.5,0.0,14286
180707,NW-C-1564-26,2026-05-17,Lights Aids Southeast Shoal light LL 597,Lake Erie Vicinity Leamington,41.82634,-82.46279,,json,b0048_0035.npz,0.995,1.0,148.4,,0.34,0.5,0,True,False,90.8,18.0,0.0,1297
180799,NW-C-1641-26,2026-05-19,Shallow Depth Confirmed,Detroit River Lake Erie,42.06915,-83.13162,,desc,b0048_0035.npz,0.938,0.984,122.6,-1.9,0.0,-1.9,2016,True,False,42.5,77.4,0.0,146
180799,NW-C-1641-26,2026-05-19,Shallow Depth Confirmed,Detroit River Lake Erie,42.07047,-83.13145,,desc,b0048_0035.npz,0.925,0.979,114.5,-7.7,0.0,-7.7,2016,True,False,26.7,0.0,0.0,146
180799,NW-C-1641-26,2026-05-19,Shallow Depth Confirmed,Detroit River Lake Erie,42.07045,-83.13135,,desc,b0048_0035.npz,0.925,0.979,114.5,-7.7,0.0,-7.7,2016,True,False,26.7,0.0,0.0,146
180799,NW-C-1641-26,2026-05-19,Shallow Depth Confirmed,Detroit River Lake Erie,42.06915,-83.13152,7.8,desc,b0048_0035.npz,0.91,0.971,105.6,-6.2,0.0,-6.2,2016,True,False,19.9,4.1,0.0,146
180803,NW-C-1642-26,2026-05-19,Shallow Depth Confirmed,Detroit River Lake Erie,42.07702,-83.13058,,desc,b0048_0035.npz,0.95,0.999,132.6,-1.0,0.0,-1.0,2016,True,False,81.0,95.2,0.0,147
180803,NW-C-1642-26,2026-05-19,Shallow Depth Confirmed,Detroit River Lake Erie,42.07705,-83.13057,,desc,b0048_0035.npz,0.95,0.999,132.6,-1.0,0.0,-1.0,2016,True,False,81.0,95.2,0.0,147
180803,NW-C-1642-26,2026-05-19,Shallow Depth Confirmed,Detroit River Lake Erie,42.07705,-83.13053,,desc,b0048_0035.npz,0.95,0.999,132.6,-1.0,0.0,-1.0,2016,True,False,81.0,95.2,0.0,147
180803,NW-C-1642-26,2026-05-19,Shallow Depth Confirmed,Detroit River Lake Erie,42.07702,-83.13055,8.3,desc,b0048_0035.npz,0.95,0.999,132.6,-1.0,0.0,-1.0,2016,True,False,81.0,95.2,0.0,147
180804,NW-C-1643-26,2026-05-19,Shallow Depth Confirmed,Detroit River Lake Erie,42.0778,-83.1314,,desc,b0048_0035.npz,0.956,0.999,137.4,-0.8,0.0,-0.8,2016,True,False,93.2,98.6,0.0,148
180804,NW-C-1643-26,2026-05-19,Shallow Depth Confirmed,Detroit River Lake Erie,42.07782,-83.13138,,desc,b0048_0035.npz,0.956,0.999,137.4,-0.8,0.0,-0.8,2016,True,False,93.2,98.6,0.0,148
180804,NW-C-1643-26,2026-05-19,Shallow Depth Confirmed,Detroit River Lake Erie,42.07782,-83.13137,,desc,b0048_0035.npz,0.956,0.999,137.4,-0.8,0.0,-0.8,2016,True,False,93.2,98.6,0.0,148
180804,NW-C-1643-26,2026-05-19,Shallow Depth Confirmed,Detroit River Lake Erie,42.0778,-83.13137,8.2,desc,b0048_0035.npz,0.956,0.999,137.4,-0.8,0.0,-0.8,2016,True,False,93.2,98.6,0.0,148
180805,NW-C-1644-26,2026-05-19,Shallow Depth Confirmed,Detroit River,42.08242,-83.12987,,desc,b0048_0035.npz,0.958,0.996,140.4,-1.3,0.0,-1.3,2016,True,False,96.0,86.6,0.0,149
180805,NW-C-1644-26,2026-05-19,Shallow Depth Confirmed,Detroit River,42.08422,-83.12963,,desc,b0048_0035.npz,0.954,1.0,136.5,-2.4,0.0,-2.4,2016,True,False,91.9,68.5,0.0,149
180805,NW-C-1644-26,2026-05-19,Shallow Depth Confirmed,Detroit River,42.08422,-83.12952,,desc,b0048_0035.npz,0.954,1.0,136.5,-2.4,0.0,-2.4,2016,True,False,91.9,68.5,0.0,149
180805,NW-C-1644-26,2026-05-19,Shallow Depth Confirmed,Detroit River,42.0824,-83.12975,8.3,desc,b0048_0035.npz,0.958,0.996,140.4,-1.3,0.0,-1.3,2016,True,False,96.0,86.6,0.0,149
180806,NW-C-1645-26,2026-05-19,Shallow Depth Confirmed,Detroit River,42.09097,-83.12872,,desc,b0048_0035.npz,0.949,1.0,132.5,-4.6,0.0,-4.6,2016,True,False,75.2,30.2,0.0,149
180806,NW-C-1645-26,2026-05-19,Shallow Depth Confirmed,Detroit River,42.09098,-83.12872,,desc,b0048_0035.npz,0.949,1.0,132.5,-4.6,0.0,-4.6,2016,True,False,75.2,30.2,0.0,149
180806,NW-C-1645-26,2026-05-19,Shallow Depth Confirmed,Detroit River,42.09098,-83.12868,,desc,b0048_0035.npz,0.949,1.0,132.5,-4.6,0.0,-4.6,2016,True,False,75.2,30.2,0.0,149
180806,NW-C-1645-26,2026-05-19,Shallow Depth Confirmed,Detroit River,42.09097,-83.12868,8.3,desc,b0048_0035.npz,0.949,1.0,132.5,-4.6,0.0,-4.6,2016,True,False,75.2,30.2,0.0,149
180807,NW-C-1646-26,2026-05-19,Shallow Depth Confirmed,Detroit River,42.09,-83.1304,,desc,b0048_0035.npz,0.963,1.0,145.4,,0.11,-1.2,2016,True,False,97.3,87.9,0.0,149
180807,NW-C-1646-26,2026-05-19,Shallow Depth Confirmed,Detroit River,42.09173,-83.13017,,desc,b0048_0035.npz,0.963,1.0,145.0,,0.11,-5.7,2016,True,False,97.3,8.7,0.0,149
180807,NW-C-1646-26,2026-05-19,Shallow Depth Confirmed,Detroit River,42.09173,-83.13007,,desc,b0048_0035.npz,0.963,1.0,145.0,,0.11,-5.7,2016,True,False,97.3,8.7,0.0,149
180807,NW-C-1646-26,2026-05-19,Shallow Depth Confirmed,Detroit River,42.09,-83.1303,7.8,desc,b0048_0035.npz,0.963,1.0,145.4,,0.11,-1.2,2016,True,False,97.3,87.9,0.0,149
180876,NW-C-1670-26,2026-05-20,Shallow Depth Confirmed,Detroit River,42.13625,-83.12263,,desc,b0048_0035.npz,0.92,0.964,111.0,-5.8,0.0,-5.8,2016,True,False,14.0,58.5,0.0,328
180876,NW-C-1670-26,2026-05-20,Shallow Depth Confirmed,Detroit River,42.13628,-83.12263,,desc,b0048_0035.npz,0.92,0.964,111.0,-5.8,0.0,-5.8,2016,True,False,14.0,58.5,0.0,328
180876,NW-C-1670-26,2026-05-20,Shallow Depth Confirmed,Detroit River,42.13627,-83.1226,,desc,b0048_0035.npz,0.92,0.964,111.0,-5.8,0.0,-5.8,2016,True,False,14.0,58.5,0.0,328
180876,NW-C-1670-26,2026-05-20,Shallow Depth Confirmed,Detroit River,42.13625,-83.1226,8.3,desc,b0048_0035.npz,0.92,0.964,111.0,-5.8,0.0,-5.8,2016,True,False,14.0,58.5,0.0,328
180877,NW-C-1671-26,2026-05-20,Shallow Depth Confirmed,Detroit River,42.13913,-83.1245,,desc,b0048_0035.npz,0.935,0.97,119.6,-4.2,0.0,-4.2,2016,True,False,39.8,72.0,0.0,339
180877,NW-C-1671-26,2026-05-20,Shallow Depth Confirmed,Detroit River,42.13977,-83.1245,,desc,b0048_0035.npz,0.937,0.97,121.4,-4.0,0.0,-4.0,2016,True,False,46.1,78.0,0.0,345
180877,NW-C-1671-26,2026-05-20,Shallow Depth Confirmed,Detroit River,42.13977,-83.1244,,desc,b0048_0035.npz,0.937,0.97,121.4,-4.0,0.0,-4.0,2016,True,False,46.1,78.0,0.0,345
180877,NW-C-1671-26,2026-05-20,Shallow Depth Confirmed,Detroit River,42.13913,-83.12442,8.2,desc,b0048_0035.npz,0.935,0.97,119.6,-4.2,0.0,-4.2,2016,True,False,39.8,72.0,0.0,339
180881,NW-C-1677-26,2026-05-20,Shallow Depth Confirmed,Detroit River Vicinity Detroit River,42.13817,-83.12098,,desc,b0048_0035.npz,0.906,0.965,103.4,-8.7,0.0,-8.7,2016,True,False,7.4,54.0,0.0,339
180881,NW-C-1677-26,2026-05-20,Shallow Depth Confirmed,Detroit River Vicinity Detroit River,42.13833,-83.12105,,desc,b0048_0035.npz,0.906,0.965,103.4,-8.7,0.0,-8.7,2016,True,False,7.4,54.0,0.0,339
180881,NW-C-1677-26,2026-05-20,Shallow Depth Confirmed,Detroit River Vicinity Detroit River,42.13835,-83.12098,,desc,b0048_0035.npz,0.906,0.965,103.4,-8.7,0.0,-8.7,2016,True,False,7.4,54.0,0.0,339
180881,NW-C-1677-26,2026-05-20,Shallow Depth Confirmed,Detroit River Vicinity Detroit River,42.13818,-83.12092,7.8,desc,b0048_0035.npz,0.906,0.965,103.4,-8.7,0.0,-8.7,2016,True,False,7.4,54.0,0.0,339
180882,NW-C-1676-26,2026-05-20,Shallow Depth Confirmed,Detroit River Vicinity Detroit River,42.1372,-83.12068,,desc,b0048_0035.npz,0.908,0.959,104.4,-8.7,0.0,-8.7,2016,True,False,7.8,53.7,0.0,335
180882,NW-C-1676-26,2026-05-20,Shallow Depth Confirmed,Detroit River Vicinity Detroit River,42.13722,-83.12068,,desc,b0048_0035.npz,0.908,0.959,104.4,-8.7,0.0,-8.7,2016,True,False,7.8,53.7,0.0,335
180882,NW-C-1676-26,2026-05-20,Shallow Depth Confirmed,Detroit River Vicinity Detroit River,42.13722,-83.12067,,desc,b0048_0035.npz,0.908,0.959,104.4,-8.7,0.0,-8.7,2016,True,False,7.8,53.7,0.0,335
180882,NW-C-1676-26,2026-05-20,Shallow Depth Confirmed,Detroit River Vicinity Detroit River,42.1372,-83.12065,8.2,desc,b0048_0035.npz,0.908,0.959,104.4,-8.7,0.0,-8.7,2016,True,False,7.8,53.7,0.0,335
180883,NW-C-1675-26,2026-05-20,Shallow Depth Confirmed,Detroit River Vicinity Amherstburg,42.12763,-83.11653,,desc,b0048_0035.npz,0.927,0.97,116.3,-5.0,0.0,-5.0,2016,True,False,17.2,60.5,0.0,296
180883,NW-C-1675-26,2026-05-20,Shallow Depth Confirmed,Detroit River Vicinity Amherstburg,42.1284,-83.11685,,desc,b0048_0035.npz,0.931,0.973,118.9,-5.3,0.0,-5.3,2016,True,False,24.8,56.1,0.0,303
180883,NW-C-1675-26,2026-05-20,Shallow Depth Confirmed,Detroit River Vicinity Amherstburg,42.12842,-83.11678,,desc,b0048_0035.npz,0.931,0.973,118.9,-5.3,0.0,-5.3,2016,True,False,24.8,56.1,0.0,303
180883,NW-C-1675-26,2026-05-20,Shallow Depth Confirmed,Detroit River Vicinity Amherstburg,42.12765,-83.11647,7.5,desc,b0048_0035.npz,0.927,0.97,116.3,-5.0,0.0,-5.0,2016,True,False,17.2,60.5,0.0,296
180884,NW-C-1674-26,2026-05-20,Shallow Depth Confirmed,Detroit River Vicinity Detroit River,42.12667,-83.11613,,desc,b0048_0035.npz,0.936,0.977,122.5,-7.6,0.0,-7.6,2016,True,False,38.7,50.0,0.0,292
180884,NW-C-1674-26,2026-05-20,Shallow Depth Confirmed,Detroit River Vicinity Detroit River,42.127,-83.11627,,desc,b0048_0035.npz,0.936,0.977,122.5,-7.6,0.0,-7.6,2016,True,False,38.7,50.0,0.0,292
180884,NW-C-1674-26,2026-05-20,Shallow Depth Confirmed,Detroit River Vicinity Detroit River,42.12702,-83.1162,,desc,b0048_0035.npz,0.936,0.977,122.5,-7.6,0.0,-7.6,2016,True,False,38.7,50.0,0.0,292
180884,NW-C-1674-26,2026-05-20,Shallow Depth Confirmed,Detroit River Vicinity Detroit River,42.12668,-83.11607,7.2,desc,b0048_0035.npz,0.936,0.977,122.5,-7.6,0.0,-7.6,2016,True,False,38.7,50.0,0.0,292
180985,NW-C-1762-26,2026-05-22,Shallow Depth Confirmed,Detroit River Lake Erie,42.06678,-83.13252,,desc,b0048_0035.npz,0.927,0.984,115.3,-2.9,0.0,-2.9,2016,True,False,27.4,63.0,0.0,146
180985,NW-C-1762-26,2026-05-22,Shallow Depth Confirmed,Detroit River Lake Erie,42.06702,-83.13248,,desc,b0048_0035.npz,0.927,0.984,115.3,-2.9,0.0,-2.9,2016,True,False,27.4,63.0,0.0,146
180985,NW-C-1762-26,2026-05-22,Shallow Depth Confirmed,Detroit River Lake Erie,42.067,-83.13232,,desc,b0048_0035.npz,0.927,0.984,115.3,-2.9,0.0,-2.9,2016,True,False,27.4,63.0,0.0,146
180985,NW-C-1762-26,2026-05-22,Shallow Depth Confirmed,Detroit River Lake Erie,42.06677,-83.13235,8.7,desc,b0048_0035.npz,0.927,0.984,115.3,-2.9,0.0,-2.9,2016,True,False,27.4,63.0,0.0,146
180987,NW-C-1761-26,2026-05-22,Shallow Depth Confirmed,Detroit River Lake Erie,42.06667,-83.13192,,desc,b0048_0035.npz,0.927,0.984,115.3,-2.9,0.0,-2.9,2016,True,False,27.4,63.0,0.0,146
180987,NW-C-1761-26,2026-05-22,Shallow Depth Confirmed,Detroit River Lake Erie,42.0667,-83.1319,,desc,b0048_0035.npz,0.927,0.984,115.3,-2.9,0.0,-2.9,2016,True,False,27.4,63.0,0.0,146
180987,NW-C-1761-26,2026-05-22,Shallow Depth Confirmed,Detroit River Lake Erie,42.0667,-83.13185,,desc,b0048_0035.npz,0.927,0.984,115.3,-2.9,0.0,-2.9,2016,True,False,27.4,63.0,0.0,146
180987,NW-C-1761-26,2026-05-22,Shallow Depth Confirmed,Detroit River Lake Erie,42.06665,-83.13185,8.7,desc,b0048_0035.npz,0.927,0.984,115.3,-2.9,0.0,-2.9,2016,True,False,27.4,63.0,0.0,146
180989,NW-C-1760-26,2026-05-22,Shallow Depth Confirmed,Detroit River Lake Erie,42.06655,-83.13353,,desc,b0048_0035.npz,0.937,0.984,121.2,-2.6,0.0,-2.6,2016,True,False,40.4,67.1,0.0,146
180989,NW-C-1760-26,2026-05-22,Shallow Depth Confirmed,Detroit River Lake Erie,42.06807,-83.13333,,desc,b0048_0035.npz,0.938,0.984,122.0,,0.11,-2.6,2016,True,False,40.4,67.1,0.0,146
180989,NW-C-1760-26,2026-05-22,Shallow Depth Confirmed,Detroit River Lake Erie,42.06807,-83.13312,,desc,b0048_0035.npz,0.938,0.984,122.0,,0.11,-2.6,2016,True,False,40.4,67.1,0.0,146
180989,NW-C-1760-26,2026-05-22,Shallow Depth Confirmed,Detroit River Lake Erie,42.06653,-83.13332,8.3,desc,b0048_0035.npz,0.937,0.984,121.2,-2.6,0.0,-2.6,2016,True,False,40.4,67.1,0.0,146
180990,NW-C-1763-26,2026-05-22,Shallow Depth Confirmed,Detroit River Lake Erie,42.06605,-83.13253,,desc,b0048_0035.npz,0.931,0.971,117.6,-5.5,0.0,-5.5,2016,True,False,32.9,6.8,0.0,146
180990,NW-C-1763-26,2026-05-22,Shallow Depth Confirmed,Detroit River Lake Erie,42.0662,-83.1325,,desc,b0048_0035.npz,0.927,0.984,115.3,-2.9,0.0,-2.9,2016,True,False,27.4,63.0,0.0,146
180990,NW-C-1763-26,2026-05-22,Shallow Depth Confirmed,Detroit River Lake Erie,42.06617,-83.13212,,desc,b0048_0035.npz,0.927,0.984,115.3,-2.9,0.0,-2.9,2016,True,False,27.4,63.0,0.0,146
180990,NW-C-1763-26,2026-05-22,Shallow Depth Confirmed,Detroit River Lake Erie,42.06602,-83.13213,8.7,desc,b0048_0035.npz,0.931,0.971,117.6,-5.5,0.0,-5.5,2016,True,False,32.9,6.8,0.0,146
180992,NW-C-1770-26,2026-05-22,Shallow Depth Confirmed,Detroit River Lake Erie,42.0653,-83.13218,,desc,b0048_0035.npz,0.931,0.971,117.6,-5.5,0.0,-5.5,2016,True,False,32.9,6.8,0.0,146
180992,NW-C-1770-26,2026-05-22,Shallow Depth Confirmed,Detroit River Lake Erie,42.06543,-83.13217,,desc,b0048_0035.npz,0.931,0.971,117.6,-5.5,0.0,-5.5,2016,True,False,32.9,6.8,0.0,146
180992,NW-C-1770-26,2026-05-22,Shallow Depth Confirmed,Detroit River Lake Erie,42.06542,-83.13202,,desc,b0048_0035.npz,0.931,0.971,117.6,-5.5,0.0,-5.5,2016,True,False,32.9,6.8,0.0,146
180992,NW-C-1770-26,2026-05-22,Shallow Depth Confirmed,Detroit River Lake Erie,42.06528,-83.13203,8.7,desc,b0048_0035.npz,0.931,0.971,117.6,-5.5,0.0,-5.5,2016,True,False,32.9,6.8,0.0,146
180993,NW-C-1775-26,2026-05-22,Shallow Depth Confirmed,Detroit River Lake Erie,42.06503,-83.13218,,desc,b0048_0035.npz,0.927,0.969,114.8,-6.3,0.0,-6.3,2016,True,False,27.4,4.1,0.0,146
180993,NW-C-1775-26,2026-05-22,Shallow Depth Confirmed,Detroit River Lake Erie,42.06507,-83.13218,,desc,b0048_0035.npz,0.927,0.969,114.8,-6.3,0.0,-6.3,2016,True,False,27.4,4.1,0.0,146
180993,NW-C-1775-26,2026-05-22,Shallow Depth Confirmed,Detroit River Lake Erie,42.06507,-83.13215,,desc,b0048_0035.npz,0.927,0.969,114.8,-6.3,0.0,-6.3,2016,True,False,27.4,4.1,0.0,146
180993,NW-C-1775-26,2026-05-22,Shallow Depth Confirmed,Detroit River Lake Erie,42.06503,-83.13215,8.7,desc,b0048_0035.npz,0.927,0.969,114.8,-6.3,0.0,-6.3,2016,True,False,27.4,4.1,0.0,146
180994,NW-C-1777-26,2026-05-22,Shallow Depth Confirmed,Detroit River Lake Erie,42.06443,-83.13233,,desc,b0048_0035.npz,0.927,0.969,114.8,-6.3,0.0,-6.3,2016,True,False,27.4,4.1,0.0,146
180994,NW-C-1777-26,2026-05-22,Shallow Depth Confirmed,Detroit River Lake Erie,42.06463,-83.1323,,desc,b0048_0035.npz,0.927,0.969,114.8,-6.3,0.0,-6.3,2016,True,False,27.4,4.1,0.0,146
180994,NW-C-1777-26,2026-05-22,Shallow Depth Confirmed,Detroit River Lake Erie,42.06462,-83.1322,,desc,b0048_0035.npz,0.927,0.969,114.8,-6.3,0.0,-6.3,2016,True,False,27.4,4.1,0.0,146
180994,NW-C-1777-26,2026-05-22,Shallow Depth Confirmed,Detroit River Lake Erie,42.06443,-83.13223,8.7,desc,b0048_0035.npz,0.927,0.969,114.8,-6.3,0.0,-6.3,2016,True,False,27.4,4.1,0.0,146
180995,NW-C-1778-26,2026-05-22,Shallow Depth Confirmed,Detroit River Lake Erie,42.0644,-83.1337,,desc,b0048_0035.npz,0.932,0.972,117.8,-3.0,0.0,-3.0,2016,True,False,33.6,60.3,0.0,146
180995,NW-C-1778-26,2026-05-22,Shallow Depth Confirmed,Detroit River Lake Erie,42.06452,-83.13368,,desc,b0048_0035.npz,0.932,0.972,117.8,-3.0,0.0,-3.0,2016,True,False,33.6,60.3,0.0,146
180995,NW-C-1778-26,2026-05-22,Shallow Depth Confirmed,Detroit River Lake Erie,42.0645,-83.13363,,desc,b0048_0035.npz,0.932,0.972,117.8,-3.0,0.0,-3.0,2016,True,False,33.6,60.3,0.0,146
180995,NW-C-1778-26,2026-05-22,Shallow Depth Confirmed,Detroit River Lake Erie,42.0644,-83.13365,8.7,desc,b0048_0035.npz,0.932,0.972,117.8,-3.0,0.0,-3.0,2016,True,False,33.6,60.3,0.0,146
180996,NW-C-1776-26,2026-05-22,Shallow Depth Confirmed,Detroit River Lake Erie,42.06317,-83.13345,,desc,b0048_0035.npz,0.928,0.971,115.6,-2.9,0.0,-2.9,2016,True,False,28.8,61.0,0.0,146
180996,NW-C-1776-26,2026-05-22,Shallow Depth Confirmed,Detroit River Lake Erie,42.06347,-83.13342,,desc,b0048_0035.npz,0.928,0.971,115.6,-2.9,0.0,-2.9,2016,True,False,28.8,61.0,0.0,146
180996,NW-C-1776-26,2026-05-22,Shallow Depth Confirmed,Detroit River Lake Erie,42.06343,-83.13305,,desc,b0048_0035.npz,0.928,0.971,115.6,-2.9,0.0,-2.9,2016,True,False,28.8,61.0,0.0,146
180996,NW-C-1776-26,2026-05-22,Shallow Depth Confirmed,Detroit River Lake Erie,42.06313,-83.13308,8.7,desc,b0048_0035.npz,0.928,0.971,115.6,-2.9,0.0,-2.9,2016,True,False,28.8,61.0,0.0,146
180998,NW-C-1779-26,2026-05-22,Shallow Depth Confirmed,Detroit River Lake Erie,42.06217,-83.13258,,desc,b0048_0035.npz,0.916,0.968,108.1,-6.4,0.0,-6.4,2016,True,False,21.9,4.1,0.0,146
180998,NW-C-1779-26,2026-05-22,Shallow Depth Confirmed,Detroit River Lake Erie,42.06293,-83.13248,,desc,b0048_0035.npz,0.916,0.968,108.1,-6.4,0.0,-6.4,2016,True,False,21.9,4.1,0.0,146
180998,NW-C-1779-26,2026-05-22,Shallow Depth Confirmed,Detroit River Lake Erie,42.06292,-83.13235,,desc,b0048_0035.npz,0.916,0.968,108.1,-6.4,0.0,-6.4,2016,True,False,21.9,4.1,0.0,146
180998,NW-C-1779-26,2026-05-22,Shallow Depth Confirmed,Detroit River Lake Erie,42.06215,-83.13245,8.7,desc,b0048_0035.npz,0.916,0.968,108.1,-6.4,0.0,-6.4,2016,True,False,21.9,4.1,0.0,146
180999,NW-C-1774-26,2026-05-22,Shallow Depth Confirmed,Detroit River Lake Erie,42.06187,-83.13415,,desc,b0048_0035.npz,0.917,0.969,108.6,-3.1,0.0,-3.1,2016,True,False,21.9,58.9,0.0,146
180999,NW-C-1774-26,2026-05-22,Shallow Depth Confirmed,Detroit River Lake Erie,42.06293,-83.13402,,desc,b0048_0035.npz,0.929,0.971,116.2,-2.5,0.0,-2.5,2016,True,False,30.1,67.1,0.0,146
180999,NW-C-1774-26,2026-05-22,Shallow Depth Confirmed,Detroit River Lake Erie,42.06292,-83.13388,,desc,b0048_0035.npz,0.929,0.971,116.2,-2.5,0.0,-2.5,2016,True,False,30.1,67.1,0.0,146
180999,NW-C-1774-26,2026-05-22,Shallow Depth Confirmed,Detroit River Lake Erie,42.06187,-83.13403,8.5,desc,b0048_0035.npz,0.917,0.969,108.6,-3.1,0.0,-3.1,2016,True,False,21.9,58.9,0.0,146
181000,NW-C-1771-26,2026-05-22,Shallow Depth Confirmed,Detroit River Lake Erie,42.06057,-83.1331,,desc,b0048_0035.npz,0.917,0.969,108.4,-3.1,0.0,-3.1,2016,True,False,21.9,56.2,0.0,146
181000,NW-C-1771-26,2026-05-22,Shallow Depth Confirmed,Detroit River Lake Erie,42.06185,-83.13292,,desc,b0048_0035.npz,0.9,0.967,100.0,-5.9,0.0,-5.9,2016,True,False,15.1,5.5,0.0,146
181000,NW-C-1771-26,2026-05-22,Shallow Depth Confirmed,Detroit River Lake Erie,42.06183,-83.1325,,desc,b0048_0035.npz,0.9,0.967,100.0,-5.9,0.0,-5.9,2016,True,False,15.1,5.5,0.0,146
181000,NW-C-1771-26,2026-05-22,Shallow Depth Confirmed,Detroit River Lake Erie,42.06053,-83.13267,8.5,desc,b0048_0035.npz,0.878,0.968,89.8,-4.0,0.0,-4.0,2016,True,False,10.3,47.3,0.0,146
181001,NW-C-1773-26,2026-05-22,Shallow Depth Confirmed,Detroit River Lake Erie,42.06,-83.13348,,desc,b0048_0035.npz,0.917,0.969,108.4,-3.1,0.0,-3.1,2016,True,False,21.9,56.2,0.0,146
181001,NW-C-1773-26,2026-05-22,Shallow Depth Confirmed,Detroit River Lake Erie,42.06007,-83.13348,,desc,b0048_0035.npz,0.917,0.969,108.4,-3.1,0.0,-3.1,2016,True,False,21.9,56.2,0.0,146
181001,NW-C-1773-26,2026-05-22,Shallow Depth Confirmed,Detroit River Lake Erie,42.06005,-83.1333,,desc,b0048_0035.npz,0.917,0.969,108.4,-3.1,0.0,-3.1,2016,True,False,21.9,56.2,0.0,146
181001,NW-C-1773-26,2026-05-22,Shallow Depth Confirmed,Detroit River Lake Erie,42.05998,-83.1333,8.6,desc,b0048_0035.npz,0.917,0.969,108.4,-3.1,0.0,-3.1,2016,True,False,21.9,56.2,0.0,146
181002,NW-C-1782-26,2026-05-22,Shallow Depth Confirmed,Detroit River Lake Erie,42.05782,-83.1347,,desc,b0048_0035.npz,0.927,0.971,114.5,-4.0,0.0,-4.0,2016,True,False,27.4,47.9,0.0,146
181002,NW-C-1782-26,2026-05-22,Shallow Depth Confirmed,Detroit River Lake Erie,42.05995,-83.13442,,desc,b0048_0035.npz,0.928,0.972,114.8,-3.6,0.0,-3.6,2016,True,False,28.1,51.4,0.0,146
181002,NW-C-1782-26,2026-05-22,Shallow Depth Confirmed,Detroit River Lake Erie,42.05995,-83.13423,,desc,b0048_0035.npz,0.908,0.968,103.9,-3.7,0.0,-3.7,2016,True,False,17.8,50.7,0.0,146
181002,NW-C-1782-26,2026-05-22,Shallow Depth Confirmed,Detroit River Lake Erie,42.0578,-83.13452,8.6,desc,b0048_0035.npz,0.927,0.971,114.5,-4.0,0.0,-4.0,2016,True,False,27.4,47.9,0.0,146
181003,NW-C-1772-26,2026-05-22,Shallow Depth Confirmed,Detroit River Lake Erie,42.0591,-83.13423,,desc,b0048_0035.npz,0.908,0.968,103.9,-3.7,0.0,-3.7,2016,True,False,17.8,50.7,0.0,146
181003,NW-C-1772-26,2026-05-22,Shallow Depth Confirmed,Detroit River Lake Erie,42.05913,-83.13423,,desc,b0048_0035.npz,0.908,0.968,103.9,-3.7,0.0,-3.7,2016,True,False,17.8,50.7,0.0,146
181003,NW-C-1772-26,2026-05-22,Shallow Depth Confirmed,Detroit River Lake Erie,42.05913,-83.13418,,desc,b0048_0035.npz,0.908,0.968,103.9,-3.7,0.0,-3.7,2016,True,False,17.8,50.7,0.0,146
181003,NW-C-1772-26,2026-05-22,Shallow Depth Confirmed,Detroit River Lake Erie,42.0591,-83.13418,8.7,desc,b0048_0035.npz,0.908,0.968,103.9,-3.7,0.0,-3.7,2016,True,False,17.8,50.7,0.0,146
181004,NW-C-1769-26,2026-05-22,Shallow Depth Confirmed,Detroit River Lake Erie,42.05903,-83.1335,,desc,b0048_0035.npz,0.908,0.968,103.9,-3.7,0.0,-3.7,2016,True,False,17.8,50.7,0.0,146
181004,NW-C-1769-26,2026-05-22,Shallow Depth Confirmed,Detroit River Lake Erie,42.05907,-83.1335,,desc,b0048_0035.npz,0.908,0.968,103.9,-3.7,0.0,-3.7,2016,True,False,17.8,50.7,0.0,146
181004,NW-C-1769-26,2026-05-22,Shallow Depth Confirmed,Detroit River Lake Erie,42.05905,-83.13347,,desc,b0048_0035.npz,0.908,0.968,103.9,-3.7,0.0,-3.7,2016,True,False,17.8,50.7,0.0,146
181004,NW-C-1769-26,2026-05-22,Shallow Depth Confirmed,Detroit River Lake Erie,42.05903,-83.13347,8.7,desc,b0048_0035.npz,0.908,0.968,103.9,-3.7,0.0,-3.7,2016,True,False,17.8,50.7,0.0,146
181005,NW-C-1768-26,2026-05-22,Shallow Depth Confirmed,Detroit River Lake Erie,42.0588,-83.13322,,desc,b0048_0035.npz,0.905,0.969,101.9,-3.4,0.0,-3.4,2016,True,False,17.1,53.4,0.0,146
181005,NW-C-1768-26,2026-05-22,Shallow Depth Confirmed,Detroit River Lake Erie,42.05928,-83.13315,,desc,b0048_0035.npz,0.908,0.968,103.9,-3.7,0.0,-3.7,2016,True,False,17.8,50.7,0.0,146
181005,NW-C-1768-26,2026-05-22,Shallow Depth Confirmed,Detroit River Lake Erie,42.05927,-83.13283,,desc,b0048_0035.npz,0.877,0.966,89.2,-3.6,0.0,-3.6,2016,True,False,10.3,50.7,0.0,146
181005,NW-C-1768-26,2026-05-22,Shallow Depth Confirmed,Detroit River Lake Erie,42.05877,-83.1329,8.5,desc,b0048_0035.npz,0.873,0.964,87.6,-5.4,0.0,-5.4,2016,True,False,8.9,6.8,0.0,146
181006,NW-C-1767-26,2026-05-22,Shallow Depth Confirmed,Detroit River Lake Erie,42.05822,-83.13325,,desc,b0048_0035.npz,0.905,0.969,101.9,-3.4,0.0,-3.4,2016,True,False,17.1,53.4,0.0,146
181006,NW-C-1767-26,2026-05-22,Shallow Depth Confirmed,Detroit River Lake Erie,42.05855,-83.13322,,desc,b0048_0035.npz,0.905,0.969,101.9,-3.4,0.0,-3.4,2016,True,False,17.1,53.4,0.0,146
181006,NW-C-1767-26,2026-05-22,Shallow Depth Confirmed,Detroit River Lake Erie,42.05853,-83.13293,,desc,b0048_0035.npz,0.873,0.964,87.6,-5.4,0.0,-5.4,2016,True,False,8.9,6.8,0.0,146
181006,NW-C-1767-26,2026-05-22,Shallow Depth Confirmed,Detroit River Lake Erie,42.0582,-83.13298,8.7,desc,b0048_0035.npz,0.905,0.969,101.9,-3.4,0.0,-3.4,2016,True,False,17.1,53.4,0.0,146
181007,NW-C-1765-26,2026-05-22,Shallow Depth Confirmed,Detroit River Lake Erie,42.05767,-83.13433,,desc,b0048_0035.npz,0.927,0.971,114.5,-4.0,0.0,-4.0,2016,True,False,27.4,47.9,0.0,146
181007,NW-C-1765-26,2026-05-22,Shallow Depth Confirmed,Detroit River Lake Erie,42.05795,-83.13428,,desc,b0048_0035.npz,0.905,0.969,101.9,-3.4,0.0,-3.4,2016,True,False,17.1,53.4,0.0,146
181007,NW-C-1765-26,2026-05-22,Shallow Depth Confirmed,Detroit River Lake Erie,42.05792,-83.13377,,desc,b0048_0035.npz,0.903,0.968,100.8,-4.9,0.0,-4.9,2016,True,False,16.4,22.6,0.0,146
181007,NW-C-1765-26,2026-05-22,Shallow Depth Confirmed,Detroit River Lake Erie,42.05763,-83.1338,8.7,desc,b0048_0035.npz,0.903,0.968,100.8,-4.9,0.0,-4.9,2016,True,False,16.4,22.6,0.0,146
181008,NW-C-1766-26,2026-05-22,Shallow Depth Confirmed,Detroit River Lake Erie,42.05788,-83.13317,,desc,b0048_0035.npz,0.903,0.968,100.8,-4.9,0.0,-4.9,2016,True,False,16.4,22.6,0.0,146
181008,NW-C-1766-26,2026-05-22,Shallow Depth Confirmed,Detroit River Lake Erie,42.05792,-83.13317,,desc,b0048_0035.npz,0.903,0.968,100.8,-4.9,0.0,-4.9,2016,True,False,16.4,22.6,0.0,146
181008,NW-C-1766-26,2026-05-22,Shallow Depth Confirmed,Detroit River Lake Erie,42.05792,-83.13313,,desc,b0048_0035.npz,0.903,0.968,100.8,-4.9,0.0,-4.9,2016,True,False,16.4,22.6,0.0,146
181008,NW-C-1766-26,2026-05-22,Shallow Depth Confirmed,Detroit River Lake Erie,42.05788,-83.13313,8.7,desc,b0048_0035.npz,0.903,0.968,100.8,-4.9,0.0,-4.9,2016,True,False,16.4,22.6,0.0,146
181009,NW-C-1764-26,2026-05-22,Shallow Depth Confirmed,Detroit River Lake Erie,42.05755,-83.13318,,desc,b0048_0035.npz,0.903,0.968,100.8,-4.9,0.0,-4.9,2016,True,False,16.4,22.6,0.0,146
181009,NW-C-1764-26,2026-05-22,Shallow Depth Confirmed,Detroit River Lake Erie,42.0577,-83.13317,,desc,b0048_0035.npz,0.903,0.968,100.8,-4.9,0.0,-4.9,2016,True,False,16.4,22.6,0.0,146
181009,NW-C-1764-26,2026-05-22,Shallow Depth Confirmed,Detroit River Lake Erie,42.0577,-83.13303,,desc,b0048_0035.npz,0.903,0.968,100.8,-4.9,0.0,-4.9,2016,True,False,16.4,22.6,0.0,146
181009,NW-C-1764-26,2026-05-22,Shallow Depth Confirmed,Detroit River Lake Erie,42.05755,-83.13305,8.5,desc,b0048_0035.npz,0.903,0.968,100.8,-4.9,0.0,-4.9,2016,True,False,16.4,22.6,0.0,146
181010,NW-C-1759-26,2026-05-22,Shallow Depth Confirmed,Detroit River Lake Erie,42.05437,-83.13517,,desc,b0048_0035.npz,0.918,0.971,109.0,-3.8,0.0,-3.8,2016,True,False,22.6,49.3,0.0,146
181010,NW-C-1759-26,2026-05-22,Shallow Depth Confirmed,Detroit River Lake Erie,42.05725,-83.13478,,desc,b0048_0035.npz,0.927,0.971,114.5,-4.0,0.0,-4.0,2016,True,False,27.4,47.9,0.0,146
181010,NW-C-1759-26,2026-05-22,Shallow Depth Confirmed,Detroit River Lake Erie,42.05723,-83.13452,,desc,b0048_0035.npz,0.927,0.971,114.5,-4.0,0.0,-4.0,2016,True,False,27.4,47.9,0.0,146
181010,NW-C-1759-26,2026-05-22,Shallow Depth Confirmed,Detroit River Lake Erie,42.05435,-83.1349,8.4,desc,b0048_0035.npz,0.918,0.971,109.0,-3.8,0.0,-3.8,2016,True,False,22.6,49.3,0.0,146
181011,NW-C-1758-26,2026-05-22,Shallow Depth Confirmed,Detroit River Lake Erie,42.05647,-83.13332,,desc,b0048_0035.npz,0.896,0.968,97.6,-5.1,0.0,-5.1,2016,True,False,15.1,15.8,0.0,146
181011,NW-C-1758-26,2026-05-22,Shallow Depth Confirmed,Detroit River Lake Erie,42.05672,-83.13328,,desc,b0048_0035.npz,0.896,0.968,97.6,-5.1,0.0,-5.1,2016,True,False,15.1,15.8,0.0,146
181011,NW-C-1758-26,2026-05-22,Shallow Depth Confirmed,Detroit River Lake Erie,42.05672,-83.13313,,desc,b0048_0035.npz,0.896,0.968,97.6,-5.1,0.0,-5.1,2016,True,False,15.1,15.8,0.0,146
181011,NW-C-1758-26,2026-05-22,Shallow Depth Confirmed,Detroit River Lake Erie,42.05645,-83.13317,8.7,desc,b0048_0035.npz,0.896,0.968,97.6,-5.1,0.0,-5.1,2016,True,False,15.1,15.8,0.0,146
181012,NW-C-1781-26,2026-05-22,Shallow Depth Confirmed,Detroit River Lake Erie,42.05503,-83.13332,,desc,b0048_0035.npz,0.898,0.967,98.7,-4.8,0.0,-4.8,2016,True,False,15.1,23.3,0.0,146
181012,NW-C-1781-26,2026-05-22,Shallow Depth Confirmed,Detroit River Lake Erie,42.05622,-83.13337,,desc,b0048_0035.npz,0.896,0.968,97.6,-5.1,0.0,-5.1,2016,True,False,15.1,15.8,0.0,146
181012,NW-C-1781-26,2026-05-22,Shallow Depth Confirmed,Detroit River Lake Erie,42.05622,-83.13302,,desc,b0048_0035.npz,0.896,0.968,97.6,-5.1,0.0,-5.1,2016,True,False,15.1,15.8,0.0,146
181012,NW-C-1781-26,2026-05-22,Shallow Depth Confirmed,Detroit River Lake Erie,42.05503,-83.13297,8.6,desc,b0048_0035.npz,0.898,0.967,98.7,-4.8,0.0,-4.8,2016,True,False,15.1,23.3,0.0,146
181013,NW-C-1757-26,2026-05-22,Shallow Depth Confirmed,Detroit River Lake Erie,42.05352,-83.13305,,desc,b0048_0035.npz,0.896,0.967,97.4,-5.9,0.0,-5.9,2016,True,False,15.1,5.5,0.0,146
181013,NW-C-1757-26,2026-05-22,Shallow Depth Confirmed,Detroit River Lake Erie,42.05475,-83.13308,,desc,b0048_0035.npz,0.895,0.967,96.8,-5.7,0.0,-5.7,2016,True,False,14.4,6.8,0.0,146
181013,NW-C-1757-26,2026-05-22,Shallow Depth Confirmed,Detroit River Lake Erie,42.05475,-83.13297,,desc,b0048_0035.npz,0.895,0.967,96.8,-5.7,0.0,-5.7,2016,True,False,14.4,6.8,0.0,146
181013,NW-C-1757-26,2026-05-22,Shallow Depth Confirmed,Detroit River Lake Erie,42.05352,-83.13292,8.4,desc,b0048_0035.npz,0.849,0.959,78.1,-7.1,0.0,-7.1,2016,True,False,5.5,0.0,0.0,146
181014,NW-C-1756-26,2026-05-22,Shallow Depth Confirmed,Detroit River Lake Erie,42.05298,-83.13433,,desc,b0048_0035.npz,0.922,0.97,110.9,-3.7,0.0,-3.7,2016,True,False,24.7,50.7,0.0,146
181014,NW-C-1756-26,2026-05-22,Shallow Depth Confirmed,Detroit River Lake Erie,42.0556,-83.13398,,desc,b0048_0035.npz,0.898,0.967,98.7,-4.8,0.0,-4.8,2016,True,False,15.1,23.3,0.0,146
181014,NW-C-1756-26,2026-05-22,Shallow Depth Confirmed,Detroit River Lake Erie,42.0556,-83.13392,,desc,b0048_0035.npz,0.898,0.967,98.7,-4.8,0.0,-4.8,2016,True,False,15.1,23.3,0.0,146
181014,NW-C-1756-26,2026-05-22,Shallow Depth Confirmed,Detroit River Lake Erie,42.05297,-83.13427,8.7,desc,b0048_0035.npz,0.896,0.967,97.4,-5.9,0.0,-5.9,2016,True,False,15.1,5.5,0.0,146
181015,NW-C-1755-26,2026-05-22,Shallow Depth Confirmed,Detroit River Lake Erie,42.05225,-83.13582,,desc,b0048_0035.npz,0.927,0.977,113.7,-13.0,0.11,-3.7,2016,True,False,27.4,50.7,22.6,146
181015,NW-C-1755-26,2026-05-22,Shallow Depth Confirmed,Detroit River Lake Erie,42.05438,-83.13517,,desc,b0048_0035.npz,0.918,0.971,109.0,-3.8,0.0,-3.8,2016,True,False,22.6,49.3,0.0,146
181015,NW-C-1755-26,2026-05-22,Shallow Depth Confirmed,Detroit River Lake Erie,42.05437,-83.13503,,desc,b0048_0035.npz,0.918,0.971,109.0,-3.8,0.0,-3.8,2016,True,False,22.6,49.3,0.0,146
181015,NW-C-1755-26,2026-05-22,Shallow Depth Confirmed,Detroit River Lake Erie,42.05223,-83.13568,8.3,desc,b0048_0035.npz,0.912,0.972,104.9,-3.7,0.0,-3.7,2016,True,False,19.9,50.7,0.0,146
181016,NW-C-1754-26,2026-05-22,Shallow Depth Confirmed,Detroit River Lake Erie,42.0515,-83.13582,,desc,b0048_0035.npz,0.92,0.976,109.3,-16.0,0.11,-4.0,2016,True,False,23.3,47.9,21.9,146
181016,NW-C-1754-26,2026-05-22,Shallow Depth Confirmed,Detroit River Lake Erie,42.05158,-83.1358,,desc,b0048_0035.npz,0.92,0.976,109.3,-16.0,0.11,-4.0,2016,True,False,23.3,47.9,21.9,146
181016,NW-C-1754-26,2026-05-22,Shallow Depth Confirmed,Detroit River Lake Erie,42.05158,-83.13577,,desc,b0048_0035.npz,0.92,0.976,109.3,-16.0,0.11,-4.0,2016,True,False,23.3,47.9,21.9,146
181016,NW-C-1754-26,2026-05-22,Shallow Depth Confirmed,Detroit River Lake Erie,42.0515,-83.13577,8.7,desc,b0048_0035.npz,0.92,0.976,109.3,-16.0,0.11,-4.0,2016,True,False,23.3,47.9,21.9,146
181017,NW-C-1753-26,2026-05-22,Shallow Depth Confirmed,Detroit River Lake Erie,42.04628,-83.13415,,desc,b0048_0035.npz,0.867,0.964,84.1,-8.8,0.0,-8.8,2016,True,False,6.8,0.0,0.0,146
181017,NW-C-1753-26,2026-05-22,Shallow Depth Confirmed,Detroit River Lake Erie,42.0463,-83.13413,,desc,b0048_0035.npz,0.867,0.964,84.1,-8.8,0.0,-8.8,2016,True,False,6.8,0.0,0.0,146
181017,NW-C-1753-26,2026-05-22,Shallow Depth Confirmed,Detroit River Lake Erie,42.0463,-83.1341,,desc,b0048_0035.npz,0.867,0.964,84.1,-8.8,0.0,-8.8,2016,True,False,6.8,0.0,0.0,146
181017,NW-C-1753-26,2026-05-22,Shallow Depth Confirmed,Detroit River Lake Erie,42.04627,-83.1341,8.6,desc,b0048_0035.npz,0.867,0.964,84.1,-8.8,0.0,-8.8,2016,True,False,6.8,0.0,0.0,146
181018,NW-C-1752-26,2026-05-22,Shallow Depth Confirmed,Detroit River Lake Erie,42.04458,-83.1344,,desc,b0048_0035.npz,0.892,0.964,94.4,-8.1,0.0,-8.1,2016,True,False,13.7,0.0,0.0,146
181018,NW-C-1752-26,2026-05-22,Shallow Depth Confirmed,Detroit River Lake Erie,42.04533,-83.1343,,desc,b0048_0035.npz,0.87,0.963,85.3,-8.6,0.0,-8.6,2016,True,False,8.9,0.0,0.0,146
181018,NW-C-1752-26,2026-05-22,Shallow Depth Confirmed,Detroit River Lake Erie,42.04532,-83.1341,,desc,b0048_0035.npz,0.87,0.963,85.3,-8.6,0.0,-8.6,2016,True,False,8.9,0.0,0.0,146
181018,NW-C-1752-26,2026-05-22,Shallow Depth Confirmed,Detroit River Lake Erie,42.04457,-83.1342,8.6,desc,b0048_0035.npz,0.859,0.958,80.9,-8.5,0.0,-8.5,2016,True,False,6.8,0.0,0.0,146
181019,NW-C-1751-26,2026-05-22,Shallow Depth Confirmed,Detroit River Lake Erie,42.04417,-83.134,,desc,b0048_0035.npz,0.859,0.958,80.9,-8.5,0.0,-8.5,2016,True,False,6.8,0.0,0.0,146
181019,NW-C-1751-26,2026-05-22,Shallow Depth Confirmed,Detroit River Lake Erie,42.04615,-83.13373,,desc,b0048_0035.npz,0.867,0.964,84.1,-8.8,0.0,-8.8,2016,True,False,6.8,0.0,0.0,146
181019,NW-C-1751-26,2026-05-22,Shallow Depth Confirmed,Detroit River Lake Erie,42.04613,-83.13367,,desc,b0048_0035.npz,0.867,0.964,84.1,-8.8,0.0,-8.8,2016,True,False,6.8,0.0,0.0,146
181019,NW-C-1751-26,2026-05-22,Shallow Depth Confirmed,Detroit River Lake Erie,42.04417,-83.13392,8.7,desc,b0048_0035.npz,0.859,0.958,80.9,-8.5,0.0,-8.5,2016,True,False,6.8,0.0,0.0,146
181020,NW-C-1750-26,2026-05-22,Shallow Depth Confirmed,Detroit River Lake Erie,42.0432,-83.13493,,desc,b0048_0035.npz,0.888,0.964,92.6,-8.0,0.0,-8.0,2016,True,False,13.0,0.0,0.0,146
181020,NW-C-1750-26,2026-05-22,Shallow Depth Confirmed,Detroit River Lake Erie,42.04338,-83.1349,,desc,b0048_0035.npz,0.888,0.964,92.6,-8.0,0.0,-8.0,2016,True,False,13.0,0.0,0.0,146
181020,NW-C-1750-26,2026-05-22,Shallow Depth Confirmed,Detroit River Lake Erie,42.04337,-83.13485,,desc,b0048_0035.npz,0.888,0.964,92.6,-8.0,0.0,-8.0,2016,True,False,13.0,0.0,0.0,146
181020,NW-C-1750-26,2026-05-22,Shallow Depth Confirmed,Detroit River Lake Erie,42.0432,-83.13487,8.7,desc,b0048_0035.npz,0.888,0.964,92.6,-8.0,0.0,-8.0,2016,True,False,13.0,0.0,0.0,146
181021,NW-C-1780-26,2026-05-22,Shallow Depth Confirmed,Detroit River Lake Erie,42.04195,-83.13507,,desc,b0048_0035.npz,0.889,0.963,93.1,-8.0,0.0,-8.0,2016,True,False,13.0,0.0,0.0,146
181021,NW-C-1780-26,2026-05-22,Shallow Depth Confirmed,Detroit River Lake Erie,42.0429,-83.13493,,desc,b0048_0035.npz,0.888,0.964,92.6,-8.0,0.0,-8.0,2016,True,False,13.0,0.0,0.0,146
181021,NW-C-1780-26,2026-05-22,Shallow Depth Confirmed,Detroit River Lake Erie,42.04287,-83.13448,,desc,b0048_0035.npz,0.888,0.964,92.6,-8.0,0.0,-8.0,2016,True,False,13.0,0.0,0.0,146
181021,NW-C-1780-26,2026-05-22,Shallow Depth Confirmed,Detroit River Lake Erie,42.04192,-83.1346,8.7,desc,b0048_0035.npz,0.889,0.963,93.1,-8.0,0.0,-8.0,2016,True,False,13.0,0.0,0.0,146
181022,NW-C-1749-26,2026-05-22,Shallow Depth Confirmed,Detroit River Lake Erie,42.04132,-83.13522,,desc,b0048_0035.npz,0.881,0.961,89.4,-8.1,0.0,-8.1,2016,True,False,11.0,0.0,0.0,146
181022,NW-C-1749-26,2026-05-22,Shallow Depth Confirmed,Detroit River Lake Erie,42.04175,-83.13517,,desc,b0048_0035.npz,0.889,0.963,93.1,-8.0,0.0,-8.0,2016,True,False,13.0,0.0,0.0,146
181022,NW-C-1749-26,2026-05-22,Shallow Depth Confirmed,Detroit River Lake Erie,42.04173,-83.13487,,desc,b0048_0035.npz,0.889,0.963,93.1,-8.0,0.0,-8.0,2016,True,False,13.0,0.0,0.0,146
181022,NW-C-1749-26,2026-05-22,Shallow Depth Confirmed,Detroit River Lake Erie,42.0413,-83.13492,8.6,desc,b0048_0035.npz,0.881,0.961,89.4,-8.1,0.0,-8.1,2016,True,False,11.0,0.0,0.0,146
181023,NW-C-1748-26,2026-05-22,Shallow Depth Confirmed,Detroit River Lake Erie,42.04063,-83.13547,,desc,b0048_0035.npz,0.881,0.961,89.4,-8.1,0.0,-8.1,2016,True,False,11.0,0.0,0.0,146
181023,NW-C-1748-26,2026-05-22,Shallow Depth Confirmed,Detroit River Lake Erie,42.04067,-83.13547,,desc,b0048_0035.npz,0.881,0.961,89.4,-8.1,0.0,-8.1,2016,True,False,11.0,0.0,0.0,146
181023,NW-C-1748-26,2026-05-22,Shallow Depth Confirmed,Detroit River Lake Erie,42.04067,-83.13542,,desc,b0048_0035.npz,0.881,0.961,89.4,-8.1,0.0,-8.1,2016,True,False,11.0,0.0,0.0,146
181023,NW-C-1748-26,2026-05-22,Shallow Depth Confirmed,Detroit River Lake Erie,42.04063,-83.13543,8.7,desc,b0048_0035.npz,0.881,0.961,89.4,-8.1,0.0,-8.1,2016,True,False,11.0,0.0,0.0,146
181024,NW-C-1747-26,2026-05-22,Shallow Depth Confirmed,Detroit River Lake Erie,42.03948,-83.13462,,desc,b0048_0035.npz,0.868,0.96,84.0,-8.2,0.0,-8.2,2016,True,False,8.9,0.0,0.0,146
181024,NW-C-1747-26,2026-05-22,Shallow Depth Confirmed,Detroit River Lake Erie,42.04037,-83.1345,,desc,b0048_0035.npz,0.868,0.965,84.0,-8.1,0.0,-8.1,2016,True,False,8.9,0.0,0.0,146
181024,NW-C-1747-26,2026-05-22,Shallow Depth Confirmed,Detroit River Lake Erie,42.04037,-83.13443,,desc,b0048_0035.npz,0.868,0.965,84.0,-8.1,0.0,-8.1,2016,True,False,8.9,0.0,0.0,146
181024,NW-C-1747-26,2026-05-22,Shallow Depth Confirmed,Detroit River Lake Erie,42.03947,-83.13455,8.7,desc,b0048_0035.npz,0.868,0.96,84.0,-8.2,0.0,-8.2,2016,True,False,8.9,0.0,0.0,146
181025,NW-C-1746-26,2026-05-22,Shallow Depth Confirmed,Detroit River Lake Erie,42.02718,-83.13623,,desc,b0048_0035.npz,0.912,0.959,102.6,-8.4,0.0,-8.4,2016,True,False,19.9,0.0,0.0,146
181025,NW-C-1746-26,2026-05-22,Shallow Depth Confirmed,Detroit River Lake Erie,42.0272,-83.13623,,desc,b0048_0035.npz,0.912,0.959,102.6,-8.4,0.0,-8.4,2016,True,False,19.9,0.0,0.0,146
181025,NW-C-1746-26,2026-05-22,Shallow Depth Confirmed,Detroit River Lake Erie,42.0272,-83.1362,,desc,b0048_0035.npz,0.912,0.959,102.6,-8.4,0.0,-8.4,2016,True,False,19.9,0.0,0.0,146
181025,NW-C-1746-26,2026-05-22,Shallow Depth Confirmed,Detroit River Lake Erie,42.02718,-83.1362,8.4,desc,b0048_0035.npz,0.912,0.959,102.6,-8.4,0.0,-8.4,2016,True,False,19.9,0.0,0.0,146
181026,NW-C-1745-26,2026-05-22,Shallow Depth Confirmed,Detroit River Lake Erie,42.01855,-83.13957,,desc,b0048_0035.npz,0.928,0.968,110.4,-4.6,0.0,-4.6,2016,True,False,28.8,28.8,0.0,146
181026,NW-C-1745-26,2026-05-22,Shallow Depth Confirmed,Detroit River Lake Erie,42.03412,-83.13748,,desc,b0048_0035.npz,0.907,0.968,100.6,-2.9,0.0,-2.9,2016,True,False,17.1,63.0,0.0,146
181026,NW-C-1745-26,2026-05-22,Shallow Depth Confirmed,Detroit River Lake Erie,42.0341,-83.13725,,desc,b0048_0035.npz,0.907,0.968,100.6,-2.9,0.0,-2.9,2016,True,False,17.1,63.0,0.0,146
181026,NW-C-1745-26,2026-05-22,Shallow Depth Confirmed,Detroit River Lake Erie,42.01853,-83.13932,8.2,desc,b0048_0035.npz,0.928,0.968,110.4,-4.6,0.0,-4.6,2016,True,False,28.8,28.8,0.0,146
181027,NW-C-1744-26,2026-05-22,Shallow Depth Confirmed,Detroit River Lake Erie,42.01873,-83.1399,,desc,b0048_0035.npz,0.928,0.974,110.2,-4.2,0.0,-4.2,2016,True,False,28.1,36.3,0.0,146
181027,NW-C-1744-26,2026-05-22,Shallow Depth Confirmed,Detroit River Lake Erie,42.03958,-83.13713,,desc,b0048_0035.npz,0.909,0.973,102.2,-3.5,0.0,-3.5,2016,True,False,18.5,52.1,0.0,146
181027,NW-C-1744-26,2026-05-22,Shallow Depth Confirmed,Detroit River Lake Erie,42.03955,-83.13675,,desc,b0048_0035.npz,0.906,0.965,100.7,-4.4,0.0,-4.4,2016,True,False,17.1,32.9,0.0,146
181027,NW-C-1744-26,2026-05-22,Shallow Depth Confirmed,Detroit River Lake Erie,42.01872,-83.13952,7.4,desc,b0048_0035.npz,0.928,0.968,110.4,-4.6,0.0,-4.6,2016,True,False,28.8,28.8,0.0,146
181028,NW-C-1743-26,2026-05-22,Shallow Depth Confirmed,Detroit River Lake Erie,42.01937,-83.14018,,desc,b0048_0035.npz,0.922,0.975,107.2,-4.8,0.0,-4.8,2016,True,False,24.7,27.4,0.0,146
181028,NW-C-1743-26,2026-05-22,Shallow Depth Confirmed,Detroit River Lake Erie,42.04433,-83.13687,,desc,b0048_0035.npz,0.902,0.971,99.2,-4.0,0.0,-4.0,2016,True,False,15.8,44.5,0.0,146
181028,NW-C-1743-26,2026-05-22,Shallow Depth Confirmed,Detroit River Lake Erie,42.0443,-83.13648,,desc,b0048_0035.npz,0.902,0.971,99.2,-4.0,0.0,-4.0,2016,True,False,15.8,44.5,0.0,146
181028,NW-C-1743-26,2026-05-22,Shallow Depth Confirmed,Detroit River Lake Erie,42.01933,-83.13982,6.0,desc,b0048_0035.npz,0.922,0.975,107.2,-4.8,0.0,-4.8,2016,True,False,24.7,27.4,0.0,146
181030,NW-C-1742-26,2026-05-22,Shallow Depth Confirmed,Detroit River Lake Erie,42.01248,-83.137,,desc,b0048_0035.npz,0.934,0.969,113.3,-8.5,0.0,-8.5,2016,True,False,37.0,0.0,0.0,146
181030,NW-C-1742-26,2026-05-22,Shallow Depth Confirmed,Detroit River Lake Erie,42.02658,-83.13512,,desc,b0048_0035.npz,0.907,0.961,100.1,-8.7,0.0,-8.7,2016,True,False,17.1,0.0,0.0,146
181030,NW-C-1742-26,2026-05-22,Shallow Depth Confirmed,Detroit River Lake Erie,42.02657,-83.13478,,desc,b0048_0035.npz,0.907,0.961,100.1,-8.7,0.0,-8.7,2016,True,False,17.1,0.0,0.0,146
181030,NW-C-1742-26,2026-05-22,Shallow Depth Confirmed,Detroit River Lake Erie,42.01247,-83.13667,7.8,desc,b0048_0035.npz,0.934,0.969,113.3,-8.5,0.0,-8.5,2016,True,False,37.0,0.0,0.0,146
181031,NW-C-1741-26,2026-05-22,Shallow Depth Confirmed,Detroit River Lake Erie,42.01302,-83.1375,,desc,b0048_0035.npz,0.928,0.965,110.2,-9.2,0.0,-9.2,2016,True,False,28.8,0.0,0.0,146
181031,NW-C-1741-26,2026-05-22,Shallow Depth Confirmed,Detroit River Lake Erie,42.01952,-83.13665,,desc,b0048_0035.npz,0.905,0.962,98.2,-9.1,0.0,-9.1,2016,True,False,17.1,0.0,0.0,146
181031,NW-C-1741-26,2026-05-22,Shallow Depth Confirmed,Detroit River Lake Erie,42.01947,-83.13605,,desc,b0048_0035.npz,0.905,0.962,98.2,-9.1,0.0,-9.1,2016,True,False,17.1,0.0,0.0,146
181031,NW-C-1741-26,2026-05-22,Shallow Depth Confirmed,Detroit River Lake Erie,42.01298,-83.13692,8.3,desc,b0048_0035.npz,0.934,0.969,113.3,-8.5,0.0,-8.5,2016,True,False,37.0,0.0,0.0,146
181032,NW-C-1740-26,2026-05-22,Shallow Depth Confirmed,Detroit River Lake Erie,42.02088,-83.1362,,desc,b0048_0035.npz,0.911,0.958,101.4,-9.3,0.0,-9.3,2016,True,False,19.9,0.0,0.0,146
181032,NW-C-1740-26,2026-05-22,Shallow Depth Confirmed,Detroit River Lake Erie,42.0211,-83.13617,,desc,b0048_0035.npz,0.911,0.958,101.4,-9.3,0.0,-9.3,2016,True,False,19.9,0.0,0.0,146
181032,NW-C-1740-26,2026-05-22,Shallow Depth Confirmed,Detroit River Lake Erie,42.0211,-83.13612,,desc,b0048_0035.npz,0.911,0.958,101.4,-9.3,0.0,-9.3,2016,True,False,19.9,0.0,0.0,146
181032,NW-C-1740-26,2026-05-22,Shallow Depth Confirmed,Detroit River Lake Erie,42.02088,-83.13615,8.7,desc,b0048_0035.npz,0.911,0.958,101.4,-9.3,0.0,-9.3,2016,True,False,19.9,0.0,0.0,146
181033,NW-C-1739-26,2026-05-22,Shallow Depth Confirmed,Detroit River Lake Erie,42.02353,-83.13612,,desc,b0048_0035.npz,0.909,0.956,100.6,-9.0,0.0,-9.0,2016,True,False,17.8,0.0,0.0,146
181033,NW-C-1739-26,2026-05-22,Shallow Depth Confirmed,Detroit River Lake Erie,42.02665,-83.1357,,desc,b0048_0035.npz,0.912,0.959,102.6,-8.4,0.0,-8.4,2016,True,False,19.9,0.0,0.0,146
181033,NW-C-1739-26,2026-05-22,Shallow Depth Confirmed,Detroit River Lake Erie,42.02662,-83.13508,,desc,b0048_0035.npz,0.907,0.961,100.1,-8.7,0.0,-8.7,2016,True,False,17.1,0.0,0.0,146
181033,NW-C-1739-26,2026-05-22,Shallow Depth Confirmed,Detroit River Lake Erie,42.0235,-83.1355,8.0,desc,b0048_0035.npz,0.912,0.964,102.4,-8.2,0.0,-8.2,2016,True,False,19.9,0.0,0.0,146
181048,NW-C-1794-26,2026-05-22,Shallow Depth Confirmed,Detroit River,42.12265,-83.11538,,desc,b0048_0035.npz,0.951,0.993,134.5,-0.6,0.0,-0.6,2016,True,False,74.5,100.0,0.0,274
181048,NW-C-1794-26,2026-05-22,Shallow Depth Confirmed,Detroit River,42.12265,-83.11538,,desc,b0048_0035.npz,0.951,0.993,134.5,-0.6,0.0,-0.6,2016,True,False,74.5,100.0,0.0,274
181048,NW-C-1794-26,2026-05-22,Shallow Depth Confirmed,Detroit River,42.12265,-83.11535,,desc,b0048_0035.npz,0.951,0.993,134.5,-0.6,0.0,-0.6,2016,True,False,74.5,100.0,0.0,274
181048,NW-C-1794-26,2026-05-22,Shallow Depth Confirmed,Detroit River,42.12265,-83.11535,6.2,desc,b0048_0035.npz,0.951,0.993,134.5,-0.6,0.0,-0.6,2016,True,False,74.5,100.0,0.0,274
181049,NW-C-1795-26,2026-05-22,Shallow Depth Confirmed,Detroit River,42.11447,-83.1156,,desc,b0048_0035.npz,0.948,0.989,132.0,-1.0,0.0,-1.0,2016,True,False,61.5,97.0,0.0,234
181049,NW-C-1795-26,2026-05-22,Shallow Depth Confirmed,Detroit River,42.11448,-83.1156,,desc,b0048_0035.npz,0.948,0.989,132.0,-1.0,0.0,-1.0,2016,True,False,61.5,97.0,0.0,234
181049,NW-C-1795-26,2026-05-22,Shallow Depth Confirmed,Detroit River,42.11448,-83.11557,,desc,b0048_0035.npz,0.948,0.989,132.0,-1.0,0.0,-1.0,2016,True,False,61.5,97.0,0.0,234
181049,NW-C-1795-26,2026-05-22,Shallow Depth Confirmed,Detroit River,42.11447,-83.11557,6.3,desc,b0048_0035.npz,0.948,0.989,132.0,-1.0,0.0,-1.0,2016,True,False,61.5,97.0,0.0,234
181050,NW-C-1802-26,2026-05-22,Shallow Depth Confirmed,Detroit River,42.11412,-83.1161,,desc,b0048_0035.npz,0.948,0.989,132.0,-1.0,0.0,-1.0,2016,True,False,61.5,97.0,0.0,234
181050,NW-C-1802-26,2026-05-22,Shallow Depth Confirmed,Detroit River,42.11415,-83.1161,,desc,b0048_0035.npz,0.948,0.989,132.0,-1.0,0.0,-1.0,2016,True,False,61.5,97.0,0.0,234
181050,NW-C-1802-26,2026-05-22,Shallow Depth Confirmed,Detroit River,42.11415,-83.11607,,desc,b0048_0035.npz,0.948,0.989,132.0,-1.0,0.0,-1.0,2016,True,False,61.5,97.0,0.0,234
181050,NW-C-1802-26,2026-05-22,Shallow Depth Confirmed,Detroit River,42.11412,-83.11607,6.2,desc,b0048_0035.npz,0.948,0.989,132.0,-1.0,0.0,-1.0,2016,True,False,61.5,97.0,0.0,234
181051,NW-C-1796-26,2026-05-22,Shallow Depth Confirmed,Detroit River,42.11405,-83.11517,,desc,b0048_0035.npz,0.942,0.989,127.5,-1.5,0.0,-1.5,2016,True,False,49.3,88.1,0.0,227
181051,NW-C-1796-26,2026-05-22,Shallow Depth Confirmed,Detroit River,42.11407,-83.11515,,desc,b0048_0035.npz,0.948,0.989,132.0,-1.0,0.0,-1.0,2016,True,False,61.5,97.0,0.0,234
181051,NW-C-1796-26,2026-05-22,Shallow Depth Confirmed,Detroit River,42.11407,-83.11512,,desc,b0048_0035.npz,0.948,0.989,132.0,-1.0,0.0,-1.0,2016,True,False,61.5,97.0,0.0,234
181051,NW-C-1796-26,2026-05-22,Shallow Depth Confirmed,Detroit River,42.11405,-83.11512,6.2,desc,b0048_0035.npz,0.942,0.989,127.5,-1.5,0.0,-1.5,2016,True,False,49.3,88.1,0.0,227
181052,NW-C-1799-26,2026-05-22,Shallow Depth Confirmed,Detroit River,42.11263,-83.11523,,desc,b0048_0035.npz,0.952,0.989,135.8,-2.7,0.0,-2.7,2016,True,False,76.4,78.2,0.0,220
181052,NW-C-1799-26,2026-05-22,Shallow Depth Confirmed,Detroit River,42.11265,-83.11523,,desc,b0048_0035.npz,0.952,0.989,135.8,-2.7,0.0,-2.7,2016,True,False,76.4,78.2,0.0,220
181052,NW-C-1799-26,2026-05-22,Shallow Depth Confirmed,Detroit River,42.11265,-83.11518,,desc,b0048_0035.npz,0.952,0.989,135.8,-2.7,0.0,-2.7,2016,True,False,76.4,78.2,0.0,220
181052,NW-C-1799-26,2026-05-22,Shallow Depth Confirmed,Detroit River,42.11263,-83.1152,6.2,desc,b0048_0035.npz,0.952,0.989,135.8,-2.7,0.0,-2.7,2016,True,False,76.4,78.2,0.0,220
181054,NW-C-1806-26,2026-05-22,Shallow Depth Confirmed,Detroit River,42.09362,-83.11507,,desc,b0048_0035.npz,0.946,0.969,131.2,-6.3,0.0,-6.3,2016,True,False,62.5,7.9,0.0,152
181054,NW-C-1806-26,2026-05-22,Shallow Depth Confirmed,Detroit River,42.09365,-83.11507,,desc,b0048_0035.npz,0.946,0.969,131.2,-6.3,0.0,-6.3,2016,True,False,62.5,7.9,0.0,152
181054,NW-C-1806-26,2026-05-22,Shallow Depth Confirmed,Detroit River,42.09365,-83.11503,,desc,b0048_0035.npz,0.946,0.969,131.2,-6.3,0.0,-6.3,2016,True,False,62.5,7.9,0.0,152
181054,NW-C-1806-26,2026-05-22,Shallow Depth Confirmed,Detroit River,42.09362,-83.11503,6.3,desc,b0048_0035.npz,0.946,0.969,131.2,-6.3,0.0,-6.3,2016,True,False,62.5,7.9,0.0,152
181055,NW-C-1805-26,2026-05-22,Shallow Depth Confirmed,Detroit River,42.09232,-83.11447,,desc,b0048_0035.npz,0.949,0.972,133.8,-4.9,0.0,-4.9,2016,True,False,74.2,25.2,0.0,151
181055,NW-C-1805-26,2026-05-22,Shallow Depth Confirmed,Detroit River,42.09235,-83.11447,,desc,b0048_0035.npz,0.949,0.972,133.8,-4.9,0.0,-4.9,2016,True,False,74.2,25.2,0.0,151
181055,NW-C-1805-26,2026-05-22,Shallow Depth Confirmed,Detroit River,42.09235,-83.11442,,desc,b0048_0035.npz,0.949,0.972,133.8,-4.9,0.0,-4.9,2016,True,False,74.2,25.2,0.0,151
181055,NW-C-1805-26,2026-05-22,Shallow Depth Confirmed,Detroit River,42.09233,-83.11442,6.3,desc,b0048_0035.npz,0.949,0.972,133.8,-4.9,0.0,-4.9,2016,True,False,74.2,25.2,0.0,151
181058,NW-C-1804-26,2026-05-22,Shallow Depth Confirmed,Detroit River,42.08952,-83.11475,,desc,b0048_0035.npz,0.948,0.978,133.2,-7.7,0.0,-7.7,2016,True,False,72.5,2.0,0.0,149
181058,NW-C-1804-26,2026-05-22,Shallow Depth Confirmed,Detroit River,42.08953,-83.11473,,desc,b0048_0035.npz,0.948,0.978,133.2,-7.7,0.0,-7.7,2016,True,False,72.5,2.0,0.0,149
181058,NW-C-1804-26,2026-05-22,Shallow Depth Confirmed,Detroit River,42.08953,-83.1147,,desc,b0048_0035.npz,0.948,0.978,133.2,-7.7,0.0,-7.7,2016,True,False,72.5,2.0,0.0,149
181058,NW-C-1804-26,2026-05-22,Shallow Depth Confirmed,Detroit River,42.0895,-83.11472,6.3,desc,b0048_0035.npz,0.948,0.978,133.2,-7.7,0.0,-7.7,2016,True,False,72.5,2.0,0.0,149
181059,NW-C-1800-26,2026-05-22,Shallow Depth Confirmed,Detroit River Lake Erie,42.07455,-83.12062,,desc,b0048_0035.npz,0.942,0.965,127.0,,0.11,-4.5,2016,True,False,54.1,30.8,0.0,146
181059,NW-C-1800-26,2026-05-22,Shallow Depth Confirmed,Detroit River Lake Erie,42.07457,-83.12062,,desc,b0048_0035.npz,0.942,0.965,127.0,,0.11,-4.5,2016,True,False,54.1,30.8,0.0,146
181059,NW-C-1800-26,2026-05-22,Shallow Depth Confirmed,Detroit River Lake Erie,42.07457,-83.12058,,desc,b0048_0035.npz,0.942,0.965,127.0,,0.11,-4.5,2016,True,False,54.1,30.8,0.0,146
181059,NW-C-1800-26,2026-05-22,Shallow Depth Confirmed,Detroit River Lake Erie,42.07453,-83.12058,6.3,desc,b0048_0035.npz,0.942,0.965,127.0,,0.11,-4.5,2016,True,False,54.1,30.8,0.0,146
181060,NW-C-1798-26,2026-05-22,Shallow Depth Confirmed,Detroit River Lake Erie,42.07178,-83.12095,,desc,b0048_0035.npz,0.934,0.972,121.1,-3.0,0.0,-3.0,2016,True,False,38.4,60.3,0.0,146
181060,NW-C-1798-26,2026-05-22,Shallow Depth Confirmed,Detroit River Lake Erie,42.0718,-83.12093,,desc,b0048_0035.npz,0.934,0.972,121.1,-3.0,0.0,-3.0,2016,True,False,38.4,60.3,0.0,146
181060,NW-C-1798-26,2026-05-22,Shallow Depth Confirmed,Detroit River Lake Erie,42.0718,-83.1209,,desc,b0048_0035.npz,0.934,0.972,121.1,-3.0,0.0,-3.0,2016,True,False,38.4,60.3,0.0,146
181060,NW-C-1798-26,2026-05-22,Shallow Depth Confirmed,Detroit River Lake Erie,42.07177,-83.12092,6.2,desc,b0048_0035.npz,0.934,0.972,121.1,-3.0,0.0,-3.0,2016,True,False,38.4,60.3,0.0,146
181061,NW-C-1801-26,2026-05-22,Shallow Depth Confirmed,Detroit River Lake Erie,42.04457,-83.1311,,desc,b0048_0035.npz,0.874,0.95,87.1,-6.7,0.0,-6.7,2016,True,False,9.6,2.7,0.0,146
181061,NW-C-1801-26,2026-05-22,Shallow Depth Confirmed,Detroit River Lake Erie,42.04627,-83.13062,,desc,b0048_0035.npz,0.871,0.949,85.9,-5.8,0.0,-5.8,2016,True,False,8.9,6.8,0.0,146
181061,NW-C-1801-26,2026-05-22,Shallow Depth Confirmed,Detroit River Lake Erie,42.04622,-83.13035,,desc,b0048_0035.npz,0.871,0.949,85.9,-5.8,0.0,-5.8,2016,True,False,8.9,6.8,0.0,146
181061,NW-C-1801-26,2026-05-22,Shallow Depth Confirmed,Detroit River Lake Erie,42.04452,-83.13082,6.1,desc,b0048_0035.npz,0.874,0.95,87.1,-6.7,0.0,-6.7,2016,True,False,9.6,2.7,0.0,146
181062,NW-C-1797-26,2026-05-22,Shallow Depth Confirmed,Detroit River Lake Erie,42.04293,-83.13122,,desc,b0048_0035.npz,0.878,0.956,88.7,-8.2,0.0,-8.2,2016,True,False,10.3,0.0,0.0,146
181062,NW-C-1797-26,2026-05-22,Shallow Depth Confirmed,Detroit River Lake Erie,42.04325,-83.13113,,desc,b0048_0035.npz,0.878,0.956,88.7,-8.2,0.0,-8.2,2016,True,False,10.3,0.0,0.0,146
181062,NW-C-1797-26,2026-05-22,Shallow Depth Confirmed,Detroit River Lake Erie,42.0432,-83.1308,,desc,b0048_0035.npz,0.878,0.956,88.7,-8.2,0.0,-8.2,2016,True,False,10.3,0.0,0.0,146
181062,NW-C-1797-26,2026-05-22,Shallow Depth Confirmed,Detroit River Lake Erie,42.04288,-83.1309,6.2,desc,b0048_0035.npz,0.878,0.956,88.7,-8.2,0.0,-8.2,2016,True,False,10.3,0.0,0.0,146
181063,NW-C-1803-26,2026-05-22,Shallow Depth Confirmed,Detroit River Lake Erie,42.03635,-83.13265,,desc,b0048_0035.npz,0.884,0.963,90.4,-7.8,0.0,-7.8,2016,True,False,11.6,0.0,0.0,146
181063,NW-C-1803-26,2026-05-22,Shallow Depth Confirmed,Detroit River Lake Erie,42.03638,-83.13265,,desc,b0048_0035.npz,0.884,0.963,90.4,-7.8,0.0,-7.8,2016,True,False,11.6,0.0,0.0,146
181063,NW-C-1803-26,2026-05-22,Shallow Depth Confirmed,Detroit River Lake Erie,42.03637,-83.1326,,desc,b0048_0035.npz,0.884,0.963,90.4,-7.8,0.0,-7.8,2016,True,False,11.6,0.0,0.0,146
181063,NW-C-1803-26,2026-05-22,Shallow Depth Confirmed,Detroit River Lake Erie,42.03633,-83.13262,6.3,desc,b0048_0035.npz,0.884,0.963,90.4,-7.8,0.0,-7.8,2016,True,False,11.6,0.0,0.0,146
181064,NW-C-1792-26,2026-05-22,Shallow Depth Confirmed,Detroit River Lake Erie,42.03172,-83.13365,,desc,b0048_0035.npz,0.896,0.961,95.1,-8.5,0.0,-8.5,2016,True,False,14.4,0.0,0.0,146
181064,NW-C-1792-26,2026-05-22,Shallow Depth Confirmed,Detroit River Lake Erie,42.03173,-83.13363,,desc,b0048_0035.npz,0.896,0.961,95.1,-8.5,0.0,-8.5,2016,True,False,14.4,0.0,0.0,146
181064,NW-C-1792-26,2026-05-22,Shallow Depth Confirmed,Detroit River Lake Erie,42.03173,-83.1336,,desc,b0048_0035.npz,0.896,0.961,95.1,-8.5,0.0,-8.5,2016,True,False,14.4,0.0,0.0,146
181064,NW-C-1792-26,2026-05-22,Shallow Depth Confirmed,Detroit River Lake Erie,42.03172,-83.13362,6.0,desc,b0048_0035.npz,0.896,0.961,95.1,-8.5,0.0,-8.5,2016,True,False,14.4,0.0,0.0,146
181066,NW-C-1793-26,2026-05-22,Shallow Depth Confirmed,Detroit River,42.10695,-83.11562,,desc,b0048_0035.npz,0.935,0.982,122.6,-7.9,0.0,-7.9,2016,True,False,33.3,21.5,0.0,186
181066,NW-C-1793-26,2026-05-22,Shallow Depth Confirmed,Detroit River,42.1097,-83.11542,,desc,b0048_0035.npz,0.945,0.974,129.8,-8.4,0.0,-8.4,2016,True,False,54.0,27.0,0.0,200
181066,NW-C-1793-26,2026-05-22,Shallow Depth Confirmed,Detroit River,42.1097,-83.11535,,desc,b0048_0035.npz,0.945,0.974,129.8,-8.4,0.0,-8.4,2016,True,False,54.0,27.0,0.0,200
181066,NW-C-1793-26,2026-05-22,Shallow Depth Confirmed,Detroit River,42.10695,-83.11553,5.7,desc,b0048_0035.npz,0.935,0.982,122.6,-7.9,0.0,-7.9,2016,True,False,33.3,21.5,0.0,186
181068,NW-C-1808-26,2026-05-22,Shallow Depth Confirmed,Detroit River,42.09927,-83.11717,,desc,b0048_0035.npz,0.946,0.966,131.1,-19.0,0.0,-19.0,2016,True,False,62.6,0.0,0.0,155
181068,NW-C-1808-26,2026-05-22,Shallow Depth Confirmed,Detroit River,42.10367,-83.1176,,desc,b0048_0035.npz,0.938,0.964,124.8,-3.4,0.0,-3.4,2016,True,False,39.1,57.8,0.0,161
181068,NW-C-1808-26,2026-05-22,Shallow Depth Confirmed,Detroit River,42.10367,-83.1175,,desc,b0048_0035.npz,0.938,0.964,124.8,-3.4,0.0,-3.4,2016,True,False,39.1,57.8,0.0,161
181068,NW-C-1808-26,2026-05-22,Shallow Depth Confirmed,Detroit River,42.09927,-83.11708,6.9,desc,b0048_0035.npz,0.946,0.966,131.1,-19.0,0.0,-19.0,2016,True,False,62.6,0.0,0.0,155
181069,NW-C-1809-26,2026-05-22,Shallow Depth Confirmed,Detroit River,42.09222,-83.11647,,desc,b0048_0035.npz,0.939,0.962,125.5,,0.11,-2.7,2016,True,False,43.0,68.2,0.0,151
181069,NW-C-1809-26,2026-05-22,Shallow Depth Confirmed,Detroit River,42.09263,-83.11652,,desc,b0048_0035.npz,0.939,0.962,125.5,,0.11,-2.7,2016,True,False,43.0,68.2,0.0,151
181069,NW-C-1809-26,2026-05-22,Shallow Depth Confirmed,Detroit River,42.09263,-83.11642,,desc,b0048_0035.npz,0.94,0.964,126.5,-2.7,0.0,-2.7,2016,True,False,46.4,68.2,0.0,151
181069,NW-C-1809-26,2026-05-22,Shallow Depth Confirmed,Detroit River,42.09222,-83.11638,8.0,desc,b0048_0035.npz,0.94,0.964,126.5,-2.7,0.0,-2.7,2016,True,False,46.4,68.2,0.0,151
181170,NW-C-1866-26,2026-05-25,Shallow Depth Confirmed,Detroit River Lake Erie,42.05187,-83.12942,,desc,b0048_0035.npz,0.851,0.95,78.8,-4.1,0.0,-4.1,2016,True,False,6.2,42.5,0.0,146
181170,NW-C-1866-26,2026-05-25,Shallow Depth Confirmed,Detroit River Lake Erie,42.06548,-83.12455,,desc,b0048_0035.npz,0.905,0.959,103.6,-3.5,0.0,-3.5,2016,True,False,17.1,51.4,0.0,146
181170,NW-C-1866-26,2026-05-25,Shallow Depth Confirmed,Detroit River Lake Erie,42.06543,-83.12433,,desc,b0048_0035.npz,0.905,0.959,103.6,-3.5,0.0,-3.5,2016,True,False,17.1,51.4,0.0,146
181170,NW-C-1866-26,2026-05-25,Shallow Depth Confirmed,Detroit River Lake Erie,42.05183,-83.1292,8.3,desc,b0048_0035.npz,0.851,0.95,78.8,-4.1,0.0,-4.1,2016,True,False,6.2,42.5,0.0,146
181171,NW-C-1867-26,2026-05-25,Shallow Depth Confirmed,Detroit River Lake Erie,42.0317,-83.13417,,desc,b0048_0035.npz,0.896,0.961,95.1,-8.5,0.0,-8.5,2016,True,False,14.4,0.0,0.0,146
181171,NW-C-1867-26,2026-05-25,Shallow Depth Confirmed,Detroit River Lake Erie,42.03173,-83.13415,,desc,b0048_0035.npz,0.896,0.961,95.1,-8.5,0.0,-8.5,2016,True,False,14.4,0.0,0.0,146
181171,NW-C-1867-26,2026-05-25,Shallow Depth Confirmed,Detroit River Lake Erie,42.03173,-83.13412,,desc,b0048_0035.npz,0.896,0.961,95.1,-8.5,0.0,-8.5,2016,True,False,14.4,0.0,0.0,146
181171,NW-C-1867-26,2026-05-25,Shallow Depth Confirmed,Detroit River Lake Erie,42.0317,-83.13413,8.5,desc,b0048_0035.npz,0.896,0.961,95.1,-8.5,0.0,-8.5,2016,True,False,14.4,0.0,0.0,146
181172,NW-C-1868-26,2026-05-25,Shallow Depth Confirmed,Detroit River Lake Erie,42.04612,-83.13193,,desc,b0048_0035.npz,0.859,0.946,81.1,-6.1,0.0,-6.1,2016,True,False,6.8,4.1,0.0,146
181172,NW-C-1868-26,2026-05-25,Shallow Depth Confirmed,Detroit River Lake Erie,42.04613,-83.13192,,desc,b0048_0035.npz,0.859,0.946,81.1,-6.1,0.0,-6.1,2016,True,False,6.8,4.1,0.0,146
181172,NW-C-1868-26,2026-05-25,Shallow Depth Confirmed,Detroit River Lake Erie,42.04613,-83.1319,,desc,b0048_0035.npz,0.859,0.946,81.1,-6.1,0.0,-6.1,2016,True,False,6.8,4.1,0.0,146
181172,NW-C-1868-26,2026-05-25,Shallow Depth Confirmed,Detroit River Lake Erie,42.04612,-83.1319,8.3,desc,b0048_0035.npz,0.859,0.946,81.1,-6.1,0.0,-6.1,2016,True,False,6.8,4.1,0.0,146
181173,NW-C-1869-26,2026-05-25,Shallow Depth Confirmed,Detroit River Lake Erie,42.05177,-83.12988,,desc,b0048_0035.npz,0.858,0.948,81.6,-4.8,0.0,-4.8,2016,True,False,6.8,24.7,0.0,146
181173,NW-C-1869-26,2026-05-25,Shallow Depth Confirmed,Detroit River Lake Erie,42.05178,-83.12988,,desc,b0048_0035.npz,0.858,0.948,81.6,-4.8,0.0,-4.8,2016,True,False,6.8,24.7,0.0,146
181173,NW-C-1869-26,2026-05-25,Shallow Depth Confirmed,Detroit River Lake Erie,42.05178,-83.12985,,desc,b0048_0035.npz,0.858,0.948,81.6,-4.8,0.0,-4.8,2016,True,False,6.8,24.7,0.0,146
181173,NW-C-1869-26,2026-05-25,Shallow Depth Confirmed,Detroit River Lake Erie,42.05175,-83.12985,8.5,desc,b0048_0035.npz,0.858,0.948,81.6,-4.8,0.0,-4.8,2016,True,False,6.8,24.7,0.0,146
181174,NW-C-1870-26,2026-05-25,Shallow Depth Confirmed,Detroit River Lake Erie,42.02665,-83.13553,,desc,b0048_0035.npz,0.907,0.961,100.1,-8.7,0.0,-8.7,2016,True,False,17.1,0.0,0.0,146
181174,NW-C-1870-26,2026-05-25,Shallow Depth Confirmed,Detroit River Lake Erie,42.0289,-83.13513,,desc,b0048_0035.npz,0.903,0.952,98.4,-9.1,0.0,-9.1,2016,True,False,16.4,0.0,0.0,146
181174,NW-C-1870-26,2026-05-25,Shallow Depth Confirmed,Detroit River Lake Erie,42.02888,-83.13503,,desc,b0048_0035.npz,0.903,0.952,98.4,-9.1,0.0,-9.1,2016,True,False,16.4,0.0,0.0,146
181174,NW-C-1870-26,2026-05-25,Shallow Depth Confirmed,Detroit River Lake Erie,42.02663,-83.13543,8.4,desc,b0048_0035.npz,0.907,0.961,100.1,-8.7,0.0,-8.7,2016,True,False,17.1,0.0,0.0,146
181175,NW-C-1871-26,2026-05-25,Shallow Depth Confirmed,Detroit River Lake Erie,42.02662,-83.13543,,desc,b0048_0035.npz,0.907,0.961,100.1,-8.7,0.0,-8.7,2016,True,False,17.1,0.0,0.0,146
181175,NW-C-1871-26,2026-05-25,Shallow Depth Confirmed,Detroit River Lake Erie,42.03088,-83.13468,,desc,b0048_0035.npz,0.897,0.953,95.6,-9.2,0.0,-9.2,2016,True,False,15.1,0.0,0.0,146
181175,NW-C-1871-26,2026-05-25,Shallow Depth Confirmed,Detroit River Lake Erie,42.03083,-83.13412,,desc,b0048_0035.npz,0.906,0.959,100.1,-8.2,0.0,-8.2,2016,True,False,17.1,0.0,0.0,146
181175,NW-C-1871-26,2026-05-25,Shallow Depth Confirmed,Detroit River Lake Erie,42.02657,-83.13488,8.2,desc,b0048_0035.npz,0.907,0.961,100.1,-8.7,0.0,-8.7,2016,True,False,17.1,0.0,0.0,146
181177,NW-C-1872-26,2026-05-25,Shallow Depth Confirmed,Detroit River Lake Erie,42.0585,-83.12758,,desc,b0048_0035.npz,0.831,0.941,72.0,-52.6,0.11,-3.1,2016,True,True,0.0,58.9,33.6,146
181177,NW-C-1872-26,2026-05-25,Shallow Depth Confirmed,Detroit River Lake Erie,42.05868,-83.12752,,desc,b0048_0035.npz,0.831,0.941,72.0,-52.6,0.11,-3.1,2016,True,True,0.0,58.9,33.6,146
181177,NW-C-1872-26,2026-05-25,Shallow Depth Confirmed,Detroit River Lake Erie,42.05867,-83.1274,,desc,b0048_0035.npz,0.875,0.957,88.8,-3.0,0.0,-3.0,2016,True,False,10.3,60.3,0.0,146
181177,NW-C-1872-26,2026-05-25,Shallow Depth Confirmed,Detroit River Lake Erie,42.05848,-83.12747,8.1,desc,b0048_0035.npz,0.831,0.941,72.0,-52.6,0.11,-3.1,2016,True,True,0.0,58.9,33.6,146
181179,NW-C-1874-26,2026-05-25,Shallow Depth Confirmed,Detroit River Lake Erie,42.05977,-83.12707,,desc,b0048_0035.npz,0.868,0.954,85.9,-2.9,0.0,-2.9,2016,True,False,8.9,62.3,0.0,146
181179,NW-C-1874-26,2026-05-25,Shallow Depth Confirmed,Detroit River Lake Erie,42.05978,-83.12705,,desc,b0048_0035.npz,0.868,0.954,85.9,-2.9,0.0,-2.9,2016,True,False,8.9,62.3,0.0,146
181179,NW-C-1874-26,2026-05-25,Shallow Depth Confirmed,Detroit River Lake Erie,42.05978,-83.12702,,desc,b0048_0035.npz,0.868,0.954,85.9,-2.9,0.0,-2.9,2016,True,False,8.9,62.3,0.0,146
181179,NW-C-1874-26,2026-05-25,Shallow Depth Confirmed,Detroit River Lake Erie,42.05975,-83.12703,8.5,desc,b0048_0035.npz,0.868,0.954,85.9,-2.9,0.0,-2.9,2016,True,False,8.9,62.3,0.0,146
181180,NW-C-1875-26,2026-05-25,Shallow Depth Confirmed,Detroit River Lake Erie,42.03938,-83.13273,,desc,b0048_0035.npz,0.877,0.957,87.9,-7.6,0.0,-7.6,2016,True,False,10.3,0.0,0.0,146
181180,NW-C-1875-26,2026-05-25,Shallow Depth Confirmed,Detroit River Lake Erie,42.03967,-83.13265,,desc,b0048_0035.npz,0.876,0.949,87.4,-7.6,0.0,-7.6,2016,True,False,10.3,0.0,0.0,146
181180,NW-C-1875-26,2026-05-25,Shallow Depth Confirmed,Detroit River Lake Erie,42.03965,-83.13253,,desc,b0048_0035.npz,0.876,0.949,87.4,-7.6,0.0,-7.6,2016,True,False,10.3,0.0,0.0,146
181180,NW-C-1875-26,2026-05-25,Shallow Depth Confirmed,Detroit River Lake Erie,42.03937,-83.13262,8.5,desc,b0048_0035.npz,0.877,0.957,87.9,-7.6,0.0,-7.6,2016,True,False,10.3,0.0,0.0,146
181181,NW-C-1876-26,2026-05-25,Shallow Depth Confirmed,Detroit River Lake Erie,42.02657,-83.13488,,desc,b0048_0035.npz,0.907,0.961,100.1,-8.7,0.0,-8.7,2016,True,False,17.1,0.0,0.0,146
181181,NW-C-1876-26,2026-05-25,Shallow Depth Confirmed,Detroit River Lake Erie,42.03122,-83.13405,,desc,b0048_0035.npz,0.906,0.959,100.1,-8.2,0.0,-8.2,2016,True,False,17.1,0.0,0.0,146
181181,NW-C-1876-26,2026-05-25,Shallow Depth Confirmed,Detroit River Lake Erie,42.0312,-83.1339,,desc,b0048_0035.npz,0.906,0.959,100.1,-8.2,0.0,-8.2,2016,True,False,17.1,0.0,0.0,146
181181,NW-C-1876-26,2026-05-25,Shallow Depth Confirmed,Detroit River Lake Erie,42.02655,-83.13473,7.7,desc,b0048_0035.npz,0.907,0.961,100.1,-8.7,0.0,-8.7,2016,True,False,17.1,0.0,0.0,146
181182,NW-C-1877-26,2026-05-25,Shallow Depth Confirmed,Detroit River Lake Erie,42.05967,-83.1261,,desc,b0048_0035.npz,0.868,0.954,85.9,-2.9,0.0,-2.9,2016,True,False,8.9,62.3,0.0,146
181182,NW-C-1877-26,2026-05-25,Shallow Depth Confirmed,Detroit River Lake Erie,42.06043,-83.12582,,desc,b0048_0035.npz,0.886,0.96,93.9,-4.2,0.0,-4.2,2016,True,False,13.0,35.6,0.0,146
181182,NW-C-1877-26,2026-05-25,Shallow Depth Confirmed,Detroit River Lake Erie,42.06042,-83.12575,,desc,b0048_0035.npz,0.886,0.96,93.9,-4.2,0.0,-4.2,2016,True,False,13.0,35.6,0.0,146
181182,NW-C-1877-26,2026-05-25,Shallow Depth Confirmed,Detroit River Lake Erie,42.05965,-83.12602,7.3,desc,b0048_0035.npz,0.897,0.958,99.0,-5.1,0.0,-5.1,2016,True,False,15.1,13.7,0.0,146
181183,NW-C-1878-26,2026-05-25,Shallow Depth Confirmed,Detroit River Lake Erie,42.06248,-83.1251,,desc,b0048_0035.npz,0.894,0.955,97.4,-3.8,0.0,-3.8,2016,True,False,13.7,50.0,0.0,146
181183,NW-C-1878-26,2026-05-25,Shallow Depth Confirmed,Detroit River Lake Erie,42.06313,-83.12487,,desc,b0048_0035.npz,0.896,0.955,98.7,-3.1,0.0,-3.1,2016,True,False,15.1,56.8,0.0,146
181183,NW-C-1878-26,2026-05-25,Shallow Depth Confirmed,Detroit River Lake Erie,42.06312,-83.12478,,desc,b0048_0035.npz,0.896,0.955,98.7,-3.1,0.0,-3.1,2016,True,False,15.1,56.8,0.0,146
181183,NW-C-1878-26,2026-05-25,Shallow Depth Confirmed,Detroit River Lake Erie,42.06247,-83.12502,7.0,desc,b0048_0035.npz,0.894,0.955,97.4,-3.8,0.0,-3.8,2016,True,False,13.7,50.0,0.0,146
181225,NW-C-1913-26,2026-05-26,Shallow Depth Confirmed,Detroit River,42.34587,-82.94688,,desc,b0048_0035.npz,0.957,1.0,162.1,-8.7,0.0,-8.7,2011,True,False,41.8,34.4,0.0,622
181225,NW-C-1913-26,2026-05-26,Shallow Depth Confirmed,Detroit River,42.34718,-82.94512,,desc,b0048_0035.npz,0.959,1.0,164.5,-6.4,0.0,-6.4,2011,True,False,43.6,41.2,0.0,626
181225,NW-C-1913-26,2026-05-26,Shallow Depth Confirmed,Detroit River,42.34708,-82.94497,,desc,b0048_0035.npz,0.959,1.0,164.5,-6.4,0.0,-6.4,2011,True,False,43.6,41.2,0.0,626
181225,NW-C-1913-26,2026-05-26,Shallow Depth Confirmed,Detroit River,42.34577,-82.94673,7.5,desc,b0048_0035.npz,0.957,1.0,162.1,-8.7,0.0,-8.7,2011,True,False,41.8,34.4,0.0,622
181226,NW-C-1915-26,2026-05-26,Shallow Depth Confirmed,Detroit River,42.34475,-82.9482,,desc,b0048_0035.npz,0.959,0.99,164.1,-9.1,0.0,-9.1,2011,True,False,43.9,31.7,0.0,619
181226,NW-C-1915-26,2026-05-26,Shallow Depth Confirmed,Detroit River,42.34477,-82.94818,,desc,b0048_0035.npz,0.959,0.99,164.1,-9.1,0.0,-9.1,2011,True,False,43.9,31.7,0.0,619
181226,NW-C-1915-26,2026-05-26,Shallow Depth Confirmed,Detroit River,42.34475,-82.94815,,desc,b0048_0035.npz,0.959,0.99,164.1,-9.1,0.0,-9.1,2011,True,False,43.9,31.7,0.0,619
181226,NW-C-1915-26,2026-05-26,Shallow Depth Confirmed,Detroit River,42.34473,-82.94818,8.5,desc,b0048_0035.npz,0.959,0.99,164.1,-9.1,0.0,-9.1,2011,True,False,43.9,31.7,0.0,619
181227,NW-C-1916-26,2026-05-26,Shallow Depth Confirmed,Detroit River,42.33783,-82.9642,,desc,b0048_0035.npz,0.925,1.0,134.6,-4.9,0.0,-4.9,2011,True,False,6.6,45.8,0.0,589
181227,NW-C-1916-26,2026-05-26,Shallow Depth Confirmed,Detroit River,42.33887,-82.96138,,desc,b0048_0035.npz,0.929,1.0,137.9,-2.2,0.0,-2.2,2011,True,False,11.7,89.7,0.0,590
181227,NW-C-1916-26,2026-05-26,Shallow Depth Confirmed,Detroit River,42.33877,-82.96132,,desc,b0048_0035.npz,0.929,1.0,137.9,-2.2,0.0,-2.2,2011,True,False,11.7,89.7,0.0,590
181227,NW-C-1916-26,2026-05-26,Shallow Depth Confirmed,Detroit River,42.33773,-82.96413,8.5,desc,b0048_0035.npz,0.925,1.0,134.6,-4.9,0.0,-4.9,2011,True,False,6.6,45.8,0.0,589
181228,NW-C-1917-26,2026-05-26,Shallow Depth Confirmed,Detroit River,42.13903,-83.12263,,desc,b0048_0035.npz,0.939,0.964,122.9,-5.5,0.0,-5.5,2016,True,False,51.2,60.2,0.0,342
181228,NW-C-1917-26,2026-05-26,Shallow Depth Confirmed,Detroit River,42.13905,-83.12263,,desc,b0048_0035.npz,0.939,0.964,122.9,-5.5,0.0,-5.5,2016,True,False,51.2,60.2,0.0,342
181228,NW-C-1917-26,2026-05-26,Shallow Depth Confirmed,Detroit River,42.13907,-83.12255,,desc,b0048_0035.npz,0.939,0.964,122.9,-5.5,0.0,-5.5,2016,True,False,51.2,60.2,0.0,342
181228,NW-C-1917-26,2026-05-26,Shallow Depth Confirmed,Detroit River,42.13905,-83.12255,8.5,desc,b0048_0035.npz,0.939,0.964,122.9,-5.5,0.0,-5.5,2016,True,False,51.2,60.2,0.0,342
181229,NW-C-1924-26,2026-05-26,Shallow Depth Confirmed,Detroit River,42.1403,-83.12375,,desc,b0048_0035.npz,0.937,0.97,121.4,-4.0,0.0,-4.0,2016,True,False,46.1,78.0,0.0,345
181229,NW-C-1924-26,2026-05-26,Shallow Depth Confirmed,Detroit River,42.14222,-83.12457,,desc,b0048_0035.npz,0.937,0.968,121.2,-4.3,0.0,-4.3,2016,True,False,46.2,72.8,0.0,353
181229,NW-C-1924-26,2026-05-26,Shallow Depth Confirmed,Detroit River,42.14228,-83.12427,,desc,b0048_0035.npz,0.937,0.968,121.2,-4.3,0.0,-4.3,2016,True,False,46.2,72.8,0.0,353
181229,NW-C-1924-26,2026-05-26,Shallow Depth Confirmed,Detroit River,42.14037,-83.12347,8.4,desc,b0048_0035.npz,0.937,0.97,121.4,-4.0,0.0,-4.0,2016,True,False,46.1,78.0,0.0,345
181230,NW-C-1926-26,2026-05-26,Shallow Depth Confirmed,Detroit River,42.1414,-83.1239,,desc,b0048_0035.npz,0.944,0.97,126.1,-4.3,0.0,-4.3,2016,True,False,62.5,72.5,0.0,349
181230,NW-C-1926-26,2026-05-26,Shallow Depth Confirmed,Detroit River,42.14315,-83.12463,,desc,b0048_0035.npz,0.947,0.965,128.1,-4.3,0.0,-4.3,2016,True,False,67.3,73.2,0.0,358
181230,NW-C-1926-26,2026-05-26,Shallow Depth Confirmed,Detroit River,42.1432,-83.12438,,desc,b0048_0035.npz,0.947,0.965,128.1,-4.3,0.0,-4.3,2016,True,False,67.3,73.2,0.0,358
181230,NW-C-1926-26,2026-05-26,Shallow Depth Confirmed,Detroit River,42.14147,-83.12365,8.3,desc,b0048_0035.npz,0.944,0.97,126.1,-4.3,0.0,-4.3,2016,True,False,62.5,72.5,0.0,349
181231,NW-C-1927-26,2026-05-26,Shallow Depth Confirmed,Detroit River,42.14577,-83.12643,,desc,b0048_0035.npz,0.949,0.977,129.4,-5.5,0.0,-5.5,2016,True,False,72.6,62.7,0.0,365
181231,NW-C-1927-26,2026-05-26,Shallow Depth Confirmed,Detroit River,42.14583,-83.12647,,desc,b0048_0035.npz,0.949,0.977,129.4,-5.5,0.0,-5.5,2016,True,False,72.6,62.7,0.0,365
181231,NW-C-1927-26,2026-05-26,Shallow Depth Confirmed,Detroit River,42.14585,-83.1264,,desc,b0048_0035.npz,0.949,0.977,129.4,-5.5,0.0,-5.5,2016,True,False,72.6,62.7,0.0,365
181231,NW-C-1927-26,2026-05-26,Shallow Depth Confirmed,Detroit River,42.14578,-83.12637,8.1,desc,b0048_0035.npz,0.949,0.977,129.4,-5.5,0.0,-5.5,2016,True,False,72.6,62.7,0.0,365
181232,NW-C-1928-26,2026-05-26,Shallow Depth Confirmed,Detroit River,42.14792,-83.12522,,desc,b0048_0035.npz,0.934,0.967,118.5,-6.5,0.0,-6.5,2016,True,False,38.0,62.8,0.0,376
181232,NW-C-1928-26,2026-05-26,Shallow Depth Confirmed,Detroit River,42.14793,-83.12522,,desc,b0048_0035.npz,0.934,0.967,118.5,-6.5,0.0,-6.5,2016,True,False,38.0,62.8,0.0,376
181232,NW-C-1928-26,2026-05-26,Shallow Depth Confirmed,Detroit River,42.14793,-83.12518,,desc,b0048_0035.npz,0.934,0.967,118.5,-6.5,0.0,-6.5,2016,True,False,38.0,62.8,0.0,376
181232,NW-C-1928-26,2026-05-26,Shallow Depth Confirmed,Detroit River,42.14792,-83.12518,8.5,desc,b0048_0035.npz,0.934,0.967,118.5,-6.5,0.0,-6.5,2016,True,False,38.0,62.8,0.0,376
181233,NW-C-1929-26,2026-05-26,Shallow Depth Confirmed,Detroit River,42.14705,-83.12698,,desc,b0048_0035.npz,0.948,0.973,128.4,-4.8,0.0,-4.8,2016,True,False,70.5,70.0,0.0,370
181233,NW-C-1929-26,2026-05-26,Shallow Depth Confirmed,Detroit River,42.14718,-83.12703,,desc,b0048_0035.npz,0.948,0.973,128.4,-4.8,0.0,-4.8,2016,True,False,70.5,70.0,0.0,370
181233,NW-C-1929-26,2026-05-26,Shallow Depth Confirmed,Detroit River,42.1472,-83.12697,,desc,b0048_0035.npz,0.948,0.973,128.4,-4.8,0.0,-4.8,2016,True,False,70.5,70.0,0.0,370
181233,NW-C-1929-26,2026-05-26,Shallow Depth Confirmed,Detroit River,42.14707,-83.12692,8.2,desc,b0048_0035.npz,0.948,0.973,128.4,-4.8,0.0,-4.8,2016,True,False,70.5,70.0,0.0,370
181234,NW-C-1930-26,2026-05-26,Shallow Depth Confirmed,Detroit River,42.15265,-83.12732,,desc,b0048_0035.npz,0.932,0.969,116.8,-8.6,0.0,-8.6,2016,True,False,33.9,55.4,0.0,392
181234,NW-C-1930-26,2026-05-26,Shallow Depth Confirmed,Detroit River,42.15267,-83.12732,,desc,b0048_0035.npz,0.932,0.969,116.8,-8.6,0.0,-8.6,2016,True,False,33.9,55.4,0.0,392
181234,NW-C-1930-26,2026-05-26,Shallow Depth Confirmed,Detroit River,42.15267,-83.1273,,desc,b0048_0035.npz,0.932,0.969,116.8,-8.6,0.0,-8.6,2016,True,False,33.9,55.4,0.0,392
181234,NW-C-1930-26,2026-05-26,Shallow Depth Confirmed,Detroit River,42.15265,-83.12728,8.5,desc,b0048_0035.npz,0.932,0.969,116.8,-8.6,0.0,-8.6,2016,True,False,33.9,55.4,0.0,392
181235,NW-C-1931-26,2026-05-26,Shallow Depth Confirmed,Detroit River,42.15363,-83.12762,,desc,b0048_0035.npz,0.948,0.969,128.4,-5.3,0.0,-5.3,2016,True,False,70.9,63.8,0.0,395
181235,NW-C-1931-26,2026-05-26,Shallow Depth Confirmed,Detroit River,42.1542,-83.12785,,desc,b0048_0035.npz,0.943,0.969,123.9,-7.1,0.0,-7.1,2016,True,False,60.5,59.2,0.0,400
181235,NW-C-1931-26,2026-05-26,Shallow Depth Confirmed,Detroit River,42.15423,-83.12768,,desc,b0048_0035.npz,0.943,0.969,123.9,-7.1,0.0,-7.1,2016,True,False,60.5,59.2,0.0,400
181235,NW-C-1931-26,2026-05-26,Shallow Depth Confirmed,Detroit River,42.15368,-83.12745,8.4,desc,b0048_0035.npz,0.948,0.969,128.4,-5.3,0.0,-5.3,2016,True,False,70.9,63.8,0.0,395
181237,NW-C-1932-26,2026-05-26,Shallow Depth Confirmed,Detroit River,42.1544,-83.12798,,desc,b0048_0035.npz,0.943,0.969,123.9,-7.1,0.0,-7.1,2016,True,False,60.5,59.2,0.0,400
181237,NW-C-1932-26,2026-05-26,Shallow Depth Confirmed,Detroit River,42.1565,-83.12888,,desc,b0048_0035.npz,0.945,0.973,125.1,-6.7,0.0,-6.7,2016,True,False,62.8,58.9,0.0,406
181237,NW-C-1932-26,2026-05-26,Shallow Depth Confirmed,Detroit River,42.15655,-83.12867,,desc,b0048_0035.npz,0.919,0.975,108.6,-7.8,0.0,-7.8,2016,True,False,11.7,57.9,0.0,409
181237,NW-C-1932-26,2026-05-26,Shallow Depth Confirmed,Detroit River,42.15445,-83.12777,8.2,desc,b0048_0035.npz,0.943,0.969,123.9,-7.1,0.0,-7.1,2016,True,False,60.5,59.2,0.0,400
181238,NW-C-1933-26,2026-05-26,Shallow Depth Confirmed,Detroit River,42.15705,-83.12917,,desc,b0048_0035.npz,0.938,0.982,119.8,-7.0,0.0,-7.0,2016,True,False,46.2,57.7,0.0,411
181238,NW-C-1933-26,2026-05-26,Shallow Depth Confirmed,Detroit River,42.16078,-83.13075,,desc,b0048_0035.npz,0.955,1.0,133.2,-8.1,0.0,-8.1,2016,True,False,82.5,53.6,0.0,422
181238,NW-C-1933-26,2026-05-26,Shallow Depth Confirmed,Detroit River,42.16085,-83.13048,,desc,b0048_0035.npz,0.955,1.0,133.2,-8.1,0.0,-8.1,2016,True,False,82.5,53.6,0.0,422
181238,NW-C-1933-26,2026-05-26,Shallow Depth Confirmed,Detroit River,42.1571,-83.1289,7.9,desc,b0048_0035.npz,0.938,0.982,119.8,-7.0,0.0,-7.0,2016,True,False,46.2,57.7,0.0,411
181595,NW-C-2127-26,2026-06-04,Shallow Depth Confirmed,Lake St. Clair St. Clair River,42.51847,-82.68297,,desc,b0048_0035.npz,0.994,1.0,141.2,-3.3,0.0,-3.3,2013,True,False,92.9,48.5,0.0,505
181595,NW-C-2127-26,2026-06-04,Shallow Depth Confirmed,Lake St. Clair St. Clair River,42.5189,-82.68173,,desc,b0048_0035.npz,0.994,1.0,141.9,-3.1,0.0,-3.1,2013,True,False,92.8,49.0,0.0,500
181595,NW-C-2127-26,2026-06-04,Shallow Depth Confirmed,Lake St. Clair St. Clair River,42.5188,-82.68167,,desc,b0048_0035.npz,0.994,1.0,141.9,-3.1,0.0,-3.1,2013,True,False,92.8,49.0,0.0,500
181595,NW-C-2127-26,2026-06-04,Shallow Depth Confirmed,Lake St. Clair St. Clair River,42.51835,-82.68288,8.1,desc,b0048_0035.npz,0.994,1.0,141.2,-3.3,0.0,-3.3,2013,True,False,92.9,48.5,0.0,505
181597,NW-C-2128-26,2026-06-04,Shallow Depth Confirmed,Lake St. Clair St. Clair River,42.51865,-82.6828,,desc,b0048_0035.npz,0.994,1.0,141.2,-3.3,0.0,-3.3,2013,True,False,92.9,48.5,0.0,505
181597,NW-C-2128-26,2026-06-04,Shallow Depth Confirmed,Lake St. Clair St. Clair River,42.52095,-82.67635,,desc,b0048_0035.npz,0.994,1.0,143.0,-2.1,0.0,-2.1,2013,True,False,92.8,49.3,0.0,497
181597,NW-C-2128-26,2026-06-04,Shallow Depth Confirmed,Lake St. Clair St. Clair River,42.52083,-82.67627,,desc,b0048_0035.npz,0.994,1.0,143.0,-2.1,0.0,-2.1,2013,True,False,92.8,49.3,0.0,497
181597,NW-C-2128-26,2026-06-04,Shallow Depth Confirmed,Lake St. Clair St. Clair River,42.51853,-82.68273,8.0,desc,b0048_0035.npz,0.994,1.0,141.2,-3.3,0.0,-3.3,2013,True,False,92.9,48.5,0.0,505
181598,NW-C-2129-26,2026-06-04,Shallow Depth Confirmed,Lake St. Clair St. Clair River,42.52103,-82.67583,,desc,b0048_0035.npz,0.994,1.0,143.0,-2.1,0.0,-2.1,2013,True,False,92.8,49.3,0.0,497
181598,NW-C-2129-26,2026-06-04,Shallow Depth Confirmed,Lake St. Clair St. Clair River,42.52103,-82.67582,,desc,b0048_0035.npz,0.994,1.0,143.0,-2.1,0.0,-2.1,2013,True,False,92.8,49.3,0.0,497
181598,NW-C-2129-26,2026-06-04,Shallow Depth Confirmed,Lake St. Clair St. Clair River,42.52102,-82.6758,,desc,b0048_0035.npz,0.994,1.0,143.0,-2.1,0.0,-2.1,2013,True,False,92.8,49.3,0.0,497
181598,NW-C-2129-26,2026-06-04,Shallow Depth Confirmed,Lake St. Clair St. Clair River,42.521,-82.67583,8.2,desc,b0048_0035.npz,0.994,1.0,143.0,-2.1,0.0,-2.1,2013,True,False,92.8,49.3,0.0,497
181599,NW-C-2131-26,2026-06-04,Shallow Depth Confirmed,Lake St. Clair St. Clair River,42.52182,-82.67392,,desc,b0048_0035.npz,0.994,1.0,143.6,-2.2,0.0,-2.2,2013,True,False,92.7,49.7,0.0,493
181599,NW-C-2131-26,2026-06-04,Shallow Depth Confirmed,Lake St. Clair St. Clair River,42.52268,-82.67152,,desc,b0048_0035.npz,0.993,1.0,142.5,-2.2,0.0,-2.2,2013,True,False,92.0,49.3,0.0,497
181599,NW-C-2131-26,2026-06-04,Shallow Depth Confirmed,Lake St. Clair St. Clair River,42.5226,-82.67147,,desc,b0048_0035.npz,0.992,1.0,139.1,-3.0,0.0,-3.0,2013,True,False,91.4,48.9,0.0,501
181599,NW-C-2131-26,2026-06-04,Shallow Depth Confirmed,Lake St. Clair St. Clair River,42.52175,-82.67387,7.7,desc,b0048_0035.npz,0.994,1.0,143.6,-2.2,0.0,-2.2,2013,True,False,92.7,49.7,0.0,493
181600,NW-C-2130-26,2026-06-04,Shallow Depth Confirmed,Lake St. Clair St. Clair River,42.52178,-82.67378,,desc,b0048_0035.npz,0.994,1.0,143.6,-2.2,0.0,-2.2,2013,True,False,92.7,49.7,0.0,493
181600,NW-C-2130-26,2026-06-04,Shallow Depth Confirmed,Lake St. Clair St. Clair River,42.52255,-82.67167,,desc,b0048_0035.npz,0.993,1.0,142.5,-2.2,0.0,-2.2,2013,True,False,92.0,49.3,0.0,497
181600,NW-C-2130-26,2026-06-04,Shallow Depth Confirmed,Lake St. Clair St. Clair River,42.52245,-82.6716,,desc,b0048_0035.npz,0.993,1.0,142.5,-2.2,0.0,-2.2,2013,True,False,92.0,49.3,0.0,497
181600,NW-C-2130-26,2026-06-04,Shallow Depth Confirmed,Lake St. Clair St. Clair River,42.52168,-82.67372,7.7,desc,b0048_0035.npz,0.991,1.0,136.6,-2.7,0.0,-2.7,2013,True,False,89.1,48.4,0.0,506
181601,NW-C-2132-26,2026-06-04,Shallow Depth Confirmed,Lake St. Clair St. Clair River,42.5218,-82.6734,,desc,b0048_0035.npz,0.994,1.0,143.6,-2.2,0.0,-2.2,2013,True,False,92.7,49.7,0.0,493
181601,NW-C-2132-26,2026-06-04,Shallow Depth Confirmed,Lake St. Clair St. Clair River,42.52213,-82.67248,,desc,b0048_0035.npz,0.993,1.0,142.5,-2.2,0.0,-2.2,2013,True,False,92.0,49.3,0.0,497
181601,NW-C-2132-26,2026-06-04,Shallow Depth Confirmed,Lake St. Clair St. Clair River,42.52207,-82.67245,,desc,b0048_0035.npz,0.993,1.0,142.5,-2.2,0.0,-2.2,2013,True,False,92.0,49.3,0.0,497
181601,NW-C-2132-26,2026-06-04,Shallow Depth Confirmed,Lake St. Clair St. Clair River,42.52175,-82.67337,8.0,desc,b0048_0035.npz,0.994,1.0,143.6,-2.2,0.0,-2.2,2013,True,False,92.7,49.7,0.0,493
181602,NW-C-2133-26,2026-06-04,Shallow Depth Confirmed,Lake St. Clair St. Clair River,42.52292,-82.67085,,desc,b0048_0035.npz,0.994,1.0,144.4,-2.2,0.0,-2.2,2013,True,False,93.3,51.3,0.0,478
181602,NW-C-2133-26,2026-06-04,Shallow Depth Confirmed,Lake St. Clair St. Clair River,42.52305,-82.67047,,desc,b0048_0035.npz,0.994,1.0,144.4,-2.2,0.0,-2.2,2013,True,False,93.3,51.3,0.0,478
181602,NW-C-2133-26,2026-06-04,Shallow Depth Confirmed,Lake St. Clair St. Clair River,42.52278,-82.67028,,desc,b0048_0035.npz,0.994,1.0,144.4,-2.2,0.0,-2.2,2013,True,False,93.3,51.3,0.0,478
181602,NW-C-2133-26,2026-06-04,Shallow Depth Confirmed,Lake St. Clair St. Clair River,42.52263,-82.67068,8.2,desc,b0048_0035.npz,0.992,1.0,139.1,-3.0,0.0,-3.0,2013,True,False,91.4,48.9,0.0,501
181603,NW-C-2134-26,2026-06-04,Shallow Depth Confirmed,Lake St. Clair St. Clair River,42.52337,-82.66958,,desc,b0048_0035.npz,0.993,1.0,142.0,-1.9,0.0,-1.9,2013,True,False,92.1,50.7,0.0,483
181603,NW-C-2134-26,2026-06-04,Shallow Depth Confirmed,Lake St. Clair St. Clair River,42.52548,-82.66367,,desc,b0048_0035.npz,0.994,1.0,144.5,-1.7,0.0,-1.7,2013,True,False,95.8,57.8,0.0,424
181603,NW-C-2134-26,2026-06-04,Shallow Depth Confirmed,Lake St. Clair St. Clair River,42.52535,-82.66358,,desc,b0048_0035.npz,0.994,1.0,144.5,-1.7,0.0,-1.7,2013,True,False,95.8,57.8,0.0,424
181603,NW-C-2134-26,2026-06-04,Shallow Depth Confirmed,Lake St. Clair St. Clair River,42.52325,-82.6695,7.2,desc,b0048_0035.npz,0.993,1.0,142.0,-1.9,0.0,-1.9,2013,True,False,92.1,50.7,0.0,483
181604,NW-C-2135-26,2026-06-04,Shallow Depth Confirmed,Lake St. Clair St. Clair River,42.5232,-82.66967,,desc,b0048_0035.npz,0.993,1.0,142.0,-1.9,0.0,-1.9,2013,True,False,92.1,50.7,0.0,483
181604,NW-C-2135-26,2026-06-04,Shallow Depth Confirmed,Lake St. Clair St. Clair River,42.52578,-82.66245,,desc,b0048_0035.npz,0.993,1.0,142.8,-2.3,0.0,-2.3,2013,True,False,95.3,64.5,0.0,380
181604,NW-C-2135-26,2026-06-04,Shallow Depth Confirmed,Lake St. Clair St. Clair River,42.52555,-82.6623,,desc,b0048_0035.npz,0.992,1.0,139.5,-2.4,0.0,-2.4,2013,True,False,93.0,57.0,0.0,430
181604,NW-C-2135-26,2026-06-04,Shallow Depth Confirmed,Lake St. Clair St. Clair River,42.52298,-82.66952,7.4,desc,b0048_0035.npz,0.993,1.0,142.0,-1.9,0.0,-1.9,2013,True,False,92.1,50.7,0.0,483
181605,NW-C-2136-26,2026-06-04,Shallow Depth Confirmed,Lake St. Clair St. Clair River,42.52733,-82.65847,,desc,b0048_0035.npz,0.992,1.0,140.8,-2.1,0.0,-2.1,2013,True,False,93.2,61.9,0.0,396
181605,NW-C-2136-26,2026-06-04,Shallow Depth Confirmed,Lake St. Clair St. Clair River,42.5285,-82.65522,,desc,b0048_0035.npz,0.991,1.0,139.6,-2.2,0.0,-2.2,2013,True,False,95.3,67.5,0.0,363
181605,NW-C-2136-26,2026-06-04,Shallow Depth Confirmed,Lake St. Clair St. Clair River,42.52835,-82.6551,,desc,b0048_0035.npz,0.991,1.0,139.6,-2.2,0.0,-2.2,2013,True,False,95.3,67.5,0.0,363
181605,NW-C-2136-26,2026-06-04,Shallow Depth Confirmed,Lake St. Clair St. Clair River,42.52718,-82.65837,7.6,desc,b0048_0035.npz,0.992,1.0,140.8,-2.1,0.0,-2.1,2013,True,False,93.2,61.9,0.0,396
181606,NW-C-2137-26,2026-06-04,Shallow Depth Confirmed,Lake St. Clair St. Clair River,42.52737,-82.65787,,desc,b0048_0035.npz,0.992,1.0,140.8,-2.1,0.0,-2.1,2013,True,False,93.2,61.9,0.0,396
181606,NW-C-2137-26,2026-06-04,Shallow Depth Confirmed,Lake St. Clair St. Clair River,42.52805,-82.65593,,desc,b0048_0035.npz,0.991,1.0,139.6,-2.2,0.0,-2.2,2013,True,False,95.3,67.5,0.0,363
181606,NW-C-2137-26,2026-06-04,Shallow Depth Confirmed,Lake St. Clair St. Clair River,42.52775,-82.65573,,desc,b0048_0035.npz,0.993,1.0,144.6,-5.5,0.0,-5.5,2013,True,False,94.8,0.0,0.0,406
181606,NW-C-2137-26,2026-06-04,Shallow Depth Confirmed,Lake St. Clair St. Clair River,42.52707,-82.65767,7.7,desc,b0048_0035.npz,0.991,1.0,137.4,-2.4,0.0,-2.4,2013,True,False,91.0,61.3,0.0,400
181607,NW-C-2138-26,2026-06-04,Shallow Depth Confirmed,Lake St. Clair St. Clair River,42.5289,-82.65398,,desc,b0048_0035.npz,0.993,1.0,143.8,-2.4,0.0,-2.4,2013,True,False,99.1,70.8,0.0,346
181607,NW-C-2138-26,2026-06-04,Shallow Depth Confirmed,Lake St. Clair St. Clair River,42.52945,-82.65242,,desc,b0048_0035.npz,0.992,1.0,143.2,-2.0,0.0,-2.0,2013,True,False,99.1,69.8,0.0,351
181607,NW-C-2138-26,2026-06-04,Shallow Depth Confirmed,Lake St. Clair St. Clair River,42.52915,-82.6522,,desc,b0048_0035.npz,0.991,1.0,139.5,-2.3,0.0,-2.3,2013,True,False,97.5,69.0,0.0,355
181607,NW-C-2138-26,2026-06-04,Shallow Depth Confirmed,Lake St. Clair St. Clair River,42.52858,-82.65377,8.1,desc,b0048_0035.npz,0.99,1.0,137.4,-2.5,0.0,-2.5,2013,True,False,93.8,66.6,0.0,368
181608,NW-C-2139-26,2026-06-04,Shallow Depth Confirmed,Lake St. Clair St. Clair River,42.53102,-82.64817,,desc,b0048_0035.npz,0.992,1.0,142.9,-2.0,0.0,-2.0,2013,True,False,98.5,73.1,0.0,335
181608,NW-C-2139-26,2026-06-04,Shallow Depth Confirmed,Lake St. Clair St. Clair River,42.53268,-82.64347,,desc,b0048_0035.npz,0.989,1.0,137.2,-2.0,0.0,-2.0,2013,True,False,93.2,72.5,0.0,338
181608,NW-C-2139-26,2026-06-04,Shallow Depth Confirmed,Lake St. Clair St. Clair River,42.53252,-82.64335,,desc,b0048_0035.npz,0.989,1.0,137.2,-2.0,0.0,-2.0,2013,True,False,93.2,72.5,0.0,338
181608,NW-C-2139-26,2026-06-04,Shallow Depth Confirmed,Lake St. Clair St. Clair River,42.53083,-82.64805,8.1,desc,b0048_0035.npz,0.992,1.0,142.6,-4.9,0.0,-4.9,2013,True,False,98.3,0.3,0.0,353
181609,NW-C-2140-26,2026-06-04,Shallow Depth Confirmed,Lake St. Clair St. Clair River,42.53272,-82.64262,,desc,b0048_0035.npz,0.992,1.0,144.5,-5.3,0.0,-5.3,2013,True,False,99.1,0.3,0.0,342
181609,NW-C-2140-26,2026-06-04,Shallow Depth Confirmed,Lake St. Clair St. Clair River,42.53273,-82.6426,,desc,b0048_0035.npz,0.992,1.0,144.5,-5.3,0.0,-5.3,2013,True,False,99.1,0.3,0.0,342
181609,NW-C-2140-26,2026-06-04,Shallow Depth Confirmed,Lake St. Clair St. Clair River,42.53272,-82.64258,,desc,b0048_0035.npz,0.992,1.0,144.5,-5.3,0.0,-5.3,2013,True,False,99.1,0.3,0.0,342
181609,NW-C-2140-26,2026-06-04,Shallow Depth Confirmed,Lake St. Clair St. Clair River,42.5327,-82.6426,8.2,desc,b0048_0035.npz,0.992,1.0,144.5,-5.3,0.0,-5.3,2013,True,False,99.1,0.3,0.0,342
181610,NW-C-2141-26,2026-06-04,Shallow Depth Confirmed,Lake St. Clair St. Clair River,42.5155,-82.68592,,desc,b0048_0035.npz,0.994,1.0,139.6,-6.2,0.0,-6.2,2013,True,False,92.8,0.0,0.0,517
181610,NW-C-2141-26,2026-06-04,Shallow Depth Confirmed,Lake St. Clair St. Clair River,42.53653,-82.62695,,desc,b0048_0035.npz,0.993,1.0,149.6,-4.7,0.0,-4.7,2013,True,False,98.8,0.3,0.0,328
181610,NW-C-2141-26,2026-06-04,Shallow Depth Confirmed,Lake St. Clair St. Clair River,42.53647,-82.6269,,desc,b0048_0035.npz,0.993,1.0,149.6,-4.7,0.0,-4.7,2013,True,False,98.8,0.3,0.0,328
181610,NW-C-2141-26,2026-06-04,Shallow Depth Confirmed,Lake St. Clair St. Clair River,42.51542,-82.68587,1.9,desc,b0048_0035.npz,0.994,1.0,139.6,-6.2,0.0,-6.2,2013,True,False,92.8,0.0,0.0,517
181611,NW-C-2144-26,2026-06-04,Shallow Depth Confirmed,Lake St. Clair St. Clair River,42.51572,-82.68582,,desc,b0048_0035.npz,0.992,1.0,135.4,-7.8,0.0,-7.8,2013,True,False,90.6,0.0,0.0,512
181611,NW-C-2144-26,2026-06-04,Shallow Depth Confirmed,Lake St. Clair St. Clair River,42.5366,-82.62727,,desc,b0048_0035.npz,0.993,1.0,149.6,-4.7,0.0,-4.7,2013,True,False,98.8,0.3,0.0,328
181611,NW-C-2144-26,2026-06-04,Shallow Depth Confirmed,Lake St. Clair St. Clair River,42.53645,-82.62718,,desc,b0048_0035.npz,0.993,1.0,149.6,-4.7,0.0,-4.7,2013,True,False,98.8,0.3,0.0,328
181611,NW-C-2144-26,2026-06-04,Shallow Depth Confirmed,Lake St. Clair St. Clair River,42.51557,-82.68572,5.2,desc,b0048_0035.npz,0.994,1.0,139.6,-6.2,0.0,-6.2,2013,True,False,92.8,0.0,0.0,517
181612,NW-C-2146-26,2026-06-04,Shallow Depth Confirmed,Lake St. Clair St. Clair River,42.51613,-82.68562,,desc,b0048_0035.npz,0.992,1.0,135.4,-7.8,0.0,-7.8,2013,True,False,90.6,0.0,0.0,512
181612,NW-C-2146-26,2026-06-04,Shallow Depth Confirmed,Lake St. Clair St. Clair River,42.53648,-82.62858,,desc,b0048_0035.npz,0.994,1.0,151.2,-6.7,0.0,-6.7,2013,True,False,99.4,0.0,0.0,321
181612,NW-C-2146-26,2026-06-04,Shallow Depth Confirmed,Lake St. Clair St. Clair River,42.5362,-82.62838,,desc,b0048_0035.npz,0.994,1.0,151.2,-6.7,0.0,-6.7,2013,True,False,99.4,0.0,0.0,321
181612,NW-C-2146-26,2026-06-04,Shallow Depth Confirmed,Lake St. Clair St. Clair River,42.51583,-82.68543,6.9,desc,b0048_0035.npz,0.992,1.0,135.4,-7.8,0.0,-7.8,2013,True,False,90.6,0.0,0.0,512
181613,NW-C-2147-26,2026-06-04,Shallow Depth Confirmed,Lake St. Clair St. Clair River,42.52505,-82.66133,,desc,b0048_0035.npz,0.994,1.0,144.5,-6.2,0.0,-6.2,2013,True,False,95.0,0.0,0.0,436
181613,NW-C-2147-26,2026-06-04,Shallow Depth Confirmed,Lake St. Clair St. Clair River,42.5368,-82.62837,,desc,b0048_0035.npz,0.994,1.0,151.2,-6.7,0.0,-6.7,2013,True,False,99.4,0.0,0.0,321
181613,NW-C-2147-26,2026-06-04,Shallow Depth Confirmed,Lake St. Clair St. Clair River,42.5366,-82.62823,,desc,b0048_0035.npz,0.994,1.0,151.2,-6.7,0.0,-6.7,2013,True,False,99.4,0.0,0.0,321
181613,NW-C-2147-26,2026-06-04,Shallow Depth Confirmed,Lake St. Clair St. Clair River,42.52483,-82.66118,7.9,desc,b0048_0035.npz,0.994,1.0,144.5,-6.2,0.0,-6.2,2013,True,False,95.0,0.0,0.0,436
181614,NW-C-2148-26,2026-06-04,Shallow Depth Confirmed,Lake St. Clair St. Clair River,42.54473,-82.6086,,desc,b0048_0035.npz,0.988,1.0,141.4,-1.8,0.0,-1.8,2013,True,False,89.0,100.0,0.0,210
181614,NW-C-2148-26,2026-06-04,Shallow Depth Confirmed,Lake St. Clair St. Clair River,42.54523,-82.6072,,desc,b0048_0035.npz,0.991,1.0,147.9,-1.9,0.0,-1.9,2013,True,False,96.0,100.0,0.0,198
181614,NW-C-2148-26,2026-06-04,Shallow Depth Confirmed,Lake St. Clair St. Clair River,42.5452,-82.60717,,desc,b0048_0035.npz,0.991,1.0,147.9,-1.9,0.0,-1.9,2013,True,False,96.0,100.0,0.0,198
181614,NW-C-2148-26,2026-06-04,Shallow Depth Confirmed,Lake St. Clair St. Clair River,42.5447,-82.60857,8.2,desc,b0048_0035.npz,0.988,1.0,141.4,-1.8,0.0,-1.8,2013,True,False,89.0,100.0,0.0,210
181615,NW-C-2149-26,2026-06-04,Shallow Depth Confirmed,Lake St. Clair St. Clair River,42.5463,-82.6053,,desc,b0048_0035.npz,0.99,1.0,147.4,,0.11,-5.0,2013,True,False,95.0,0.6,0.0,179
181615,NW-C-2149-26,2026-06-04,Shallow Depth Confirmed,Lake St. Clair St. Clair River,42.54948,-82.59637,,desc,b0048_0035.npz,0.989,1.0,144.6,-5.8,0.0,-5.8,2013,True,False,84.5,0.0,0.0,129
181615,NW-C-2149-26,2026-06-04,Shallow Depth Confirmed,Lake St. Clair St. Clair River,42.54935,-82.59628,,desc,b0048_0035.npz,0.989,1.0,144.6,-5.8,0.0,-5.8,2013,True,False,84.5,0.0,0.0,129
181615,NW-C-2149-26,2026-06-04,Shallow Depth Confirmed,Lake St. Clair St. Clair River,42.54617,-82.60522,5.6,desc,b0048_0035.npz,0.99,1.0,147.4,,0.11,-5.0,2013,True,False,95.0,0.6,0.0,179
181616,NW-C-2143-26,2026-06-04,Shallow Depth Confirmed,Lake St. Clair St. Clair River,42.5462,-82.60517,,desc,b0048_0035.npz,0.99,1.0,147.4,,0.11,-5.0,2013,True,False,95.0,0.6,0.0,179
181616,NW-C-2143-26,2026-06-04,Shallow Depth Confirmed,Lake St. Clair St. Clair River,42.54868,-82.59818,,desc,b0048_0035.npz,0.99,1.0,146.6,-6.1,0.0,-6.1,2013,True,False,89.8,0.0,0.0,147
181616,NW-C-2143-26,2026-06-04,Shallow Depth Confirmed,Lake St. Clair St. Clair River,42.54857,-82.5981,,desc,b0048_0035.npz,0.99,1.0,146.6,-6.1,0.0,-6.1,2013,True,False,89.8,0.0,0.0,147
181616,NW-C-2143-26,2026-06-04,Shallow Depth Confirmed,Lake St. Clair St. Clair River,42.54608,-82.60508,6.2,desc,b0048_0035.npz,0.99,1.0,147.4,,0.11,-5.0,2013,True,False,95.0,0.6,0.0,179
181617,NW-C-2150-26,2026-06-04,Shallow Depth Confirmed,Lake St. Clair St. Clair River,42.54608,-82.60508,,desc,b0048_0035.npz,0.99,1.0,147.4,,0.11,-5.0,2013,True,False,95.0,0.6,0.0,179
181617,NW-C-2150-26,2026-06-04,Shallow Depth Confirmed,Lake St. Clair St. Clair River,42.54825,-82.599,,desc,b0048_0035.npz,0.989,1.0,145.8,-5.8,0.0,-5.8,2013,True,False,90.6,0.0,0.0,149
181617,NW-C-2150-26,2026-06-04,Shallow Depth Confirmed,Lake St. Clair St. Clair River,42.54815,-82.59893,,desc,b0048_0035.npz,0.989,1.0,145.8,-5.8,0.0,-5.8,2013,True,False,90.6,0.0,0.0,149
181617,NW-C-2150-26,2026-06-04,Shallow Depth Confirmed,Lake St. Clair St. Clair River,42.54598,-82.60503,6.9,desc,b0048_0035.npz,0.992,1.0,151.2,-5.0,0.0,-5.0,2013,True,False,97.4,0.5,0.0,194
181618,NW-C-2151-26,2026-06-04,Shallow Depth Confirmed,Lake St. Clair St. Clair River,42.54603,-82.60492,,desc,b0048_0035.npz,0.992,1.0,151.2,-5.0,0.0,-5.0,2013,True,False,97.4,0.5,0.0,194
181618,NW-C-2151-26,2026-06-04,Shallow Depth Confirmed,Lake St. Clair St. Clair River,42.54778,-82.6,,desc,b0048_0035.npz,0.989,1.0,144.6,-6.0,0.0,-6.0,2013,True,False,89.4,0.0,0.0,160
181618,NW-C-2151-26,2026-06-04,Shallow Depth Confirmed,Lake St. Clair St. Clair River,42.5477,-82.59995,,desc,b0048_0035.npz,0.989,1.0,144.6,-6.0,0.0,-6.0,2013,True,False,89.4,0.0,0.0,160
181618,NW-C-2151-26,2026-06-04,Shallow Depth Confirmed,Lake St. Clair St. Clair River,42.54595,-82.60487,7.7,desc,b0048_0035.npz,0.992,1.0,151.2,-5.0,0.0,-5.0,2013,True,False,97.4,0.5,0.0,194
181629,NW-C-2145-26,2026-06-04,Submerged Object,Lake Huron Vicinity Murphy road Beach,43.01983,-82.36233,,desc,b0048_0035.npz,0.843,0.947,63.3,-2.4,0.0,-2.4,0,True,False,3.9,84.7,0.0,4755
181740,NW-C-2208-26,2026-06-08,Shallow Depth Confirmed,St. Clair River,42.73608,-82.48153,,desc,b0048_0035.npz,0.949,0.979,133.0,-9.8,0.0,-9.8,2011,True,False,,,,47
181740,NW-C-2208-26,2026-06-08,Shallow Depth Confirmed,St. Clair River,42.73687,-82.48108,,desc,b0048_0035.npz,0.946,0.981,130.4,-10.1,0.0,-10.1,2011,True,False,56.9,0.0,0.0,51
181740,NW-C-2208-26,2026-06-08,Shallow Depth Confirmed,St. Clair River,42.7368,-82.4809,,desc,b0048_0035.npz,0.946,0.981,130.4,-10.1,0.0,-10.1,2011,True,False,56.9,0.0,0.0,51
181740,NW-C-2208-26,2026-06-08,Shallow Depth Confirmed,St. Clair River,42.73602,-82.48135,8.1,desc,b0048_0035.npz,0.949,0.979,133.0,-9.8,0.0,-9.8,2011,True,False,,,,47
181793,NW-C-2230-26,2026-06-09,Shallow Depth Confirmed,Lake St. Clair St. Clair River,42.56703,-82.57692,,desc,b0048_0035.npz,0.987,1.0,147.5,-9.6,0.0,-9.6,2011,True,False,,,,1
181793,NW-C-2230-26,2026-06-09,Shallow Depth Confirmed,Lake St. Clair St. Clair River,42.56747,-82.57633,,desc,b0048_0035.npz,0.986,1.0,147.2,-8.5,0.0,-8.5,2011,True,False,,,,1
181793,NW-C-2230-26,2026-06-09,Shallow Depth Confirmed,Lake St. Clair St. Clair River,42.56742,-82.57627,,desc,b0048_0035.npz,0.986,1.0,147.2,-8.5,0.0,-8.5,2011,True,False,,,,1
181793,NW-C-2230-26,2026-06-09,Shallow Depth Confirmed,Lake St. Clair St. Clair River,42.56698,-82.57683,7.5,desc,b0048_0035.npz,0.987,1.0,147.5,-9.6,0.0,-9.6,2011,True,False,,,,1
181795,NW-C-2231-26,2026-06-09,Shallow Depth Confirmed,Lake St. Clair St. Clair River,42.5681,-82.57548,,desc,b0048_0035.npz,0.986,1.0,147.2,-8.5,0.0,-8.5,2011,True,False,,,,1
181795,NW-C-2231-26,2026-06-09,Shallow Depth Confirmed,Lake St. Clair St. Clair River,42.56818,-82.57537,,desc,b0048_0035.npz,0.986,1.0,147.2,-8.5,0.0,-8.5,2011,True,False,,,,1
181795,NW-C-2231-26,2026-06-09,Shallow Depth Confirmed,Lake St. Clair St. Clair River,42.56813,-82.5753,,desc,b0048_0035.npz,0.99,1.0,155.5,-7.2,0.0,-7.2,2011,True,False,,,,1
181795,NW-C-2231-26,2026-06-09,Shallow Depth Confirmed,Lake St. Clair St. Clair River,42.56805,-82.57542,8.1,desc,b0048_0035.npz,0.986,1.0,147.2,-8.5,0.0,-8.5,2011,True,False,,,,1
181796,NW-C-2232-26,2026-06-09,Shallow Depth Confirmed,St. Clair River,42.57153,-82.57122,,desc,b0048_0035.npz,0.986,1.0,147.0,-8.5,0.0,-8.5,2011,True,False,,,,1
181796,NW-C-2232-26,2026-06-09,Shallow Depth Confirmed,St. Clair River,42.5718,-82.57088,,desc,b0048_0035.npz,0.986,1.0,147.0,-8.5,0.0,-8.5,2011,True,False,,,,1
181796,NW-C-2232-26,2026-06-09,Shallow Depth Confirmed,St. Clair River,42.57158,-82.5706,,desc,b0048_0035.npz,0.986,1.0,147.0,-8.5,0.0,-8.5,2011,True,False,,,,1
181796,NW-C-2232-26,2026-06-09,Shallow Depth Confirmed,St. Clair River,42.57133,-82.57093,7.9,desc,b0048_0035.npz,0.986,1.0,147.1,-7.7,0.0,-7.7,2011,True,False,,,,1
181797,NW-C-2233-26,2026-06-09,Shallow Depth Confirmed,St. Clair River,42.572,-82.57073,,desc,b0048_0035.npz,0.986,1.0,147.0,-8.5,0.0,-8.5,2011,True,False,,,,1
181797,NW-C-2233-26,2026-06-09,Shallow Depth Confirmed,St. Clair River,42.57285,-82.56942,,desc,b0048_0035.npz,0.985,1.0,145.5,-8.4,0.0,-8.4,2011,True,False,,,,1
181797,NW-C-2233-26,2026-06-09,Shallow Depth Confirmed,St. Clair River,42.57257,-82.56908,,desc,b0048_0035.npz,0.985,1.0,145.5,-8.4,0.0,-8.4,2011,True,False,,,,1
181797,NW-C-2233-26,2026-06-09,Shallow Depth Confirmed,St. Clair River,42.57172,-82.5704,7.8,desc,b0048_0035.npz,0.986,1.0,147.0,-8.5,0.0,-8.5,2011,True,False,,,,1
181798,NW-C-2234-26,2026-06-09,Shallow Depth Confirmed,St. Clair River,42.605,-82.52432,,desc,b0048_0035.npz,0.982,0.994,142.0,-9.1,0.0,-9.1,2011,True,False,,,,1
181798,NW-C-2234-26,2026-06-09,Shallow Depth Confirmed,St. Clair River,42.60607,-82.52262,,desc,b0048_0035.npz,0.983,0.994,143.0,-9.7,0.0,-9.7,2011,True,False,,,,1
181798,NW-C-2234-26,2026-06-09,Shallow Depth Confirmed,St. Clair River,42.60592,-82.52245,,desc,b0048_0035.npz,0.983,0.994,143.0,-9.7,0.0,-9.7,2011,True,False,,,,1
181798,NW-C-2234-26,2026-06-09,Shallow Depth Confirmed,St. Clair River,42.60485,-82.52413,2.9,desc,b0048_0035.npz,0.982,0.994,142.0,-9.1,0.0,-9.1,2011,True,False,,,,1
181799,NW-C-2235-26,2026-06-09,Shallow Depth Confirmed,St. Clair River,42.60752,-82.52132,,desc,b0048_0035.npz,0.981,0.995,140.6,-9.3,0.0,-9.3,2011,True,False,,,,1
181799,NW-C-2235-26,2026-06-09,Shallow Depth Confirmed,St. Clair River,42.60848,-82.52042,,desc,b0048_0035.npz,0.982,0.995,141.4,-8.9,0.0,-8.9,2011,True,False,,,,1
181799,NW-C-2235-26,2026-06-09,Shallow Depth Confirmed,St. Clair River,42.60845,-82.52037,,desc,b0048_0035.npz,0.982,0.995,141.4,-8.9,0.0,-8.9,2011,True,False,,,,1
181799,NW-C-2235-26,2026-06-09,Shallow Depth Confirmed,St. Clair River,42.6075,-82.52127,7.4,desc,b0048_0035.npz,0.981,0.995,140.6,-9.3,0.0,-9.3,2011,True,False,,,,1
181800,NW-C-2236-26,2026-06-09,Shallow Depth Confirmed,St. Clair River,42.6116,-82.51808,,desc,b0048_0035.npz,0.98,0.995,139.2,-8.7,0.0,-8.7,2011,True,False,,,,1
181800,NW-C-2236-26,2026-06-09,Shallow Depth Confirmed,St. Clair River,42.61175,-82.51802,,desc,b0048_0035.npz,0.98,0.995,139.2,-8.7,0.0,-8.7,2011,True,False,,,,1
181800,NW-C-2236-26,2026-06-09,Shallow Depth Confirmed,St. Clair River,42.61173,-82.51792,,desc,b0048_0035.npz,0.98,0.995,139.2,-8.7,0.0,-8.7,2011,True,False,,,,1
181800,NW-C-2236-26,2026-06-09,Shallow Depth Confirmed,St. Clair River,42.61157,-82.51798,5.0,desc,b0048_0035.npz,0.98,0.995,139.2,-8.7,0.0,-8.7,2011,True,False,,,,1
181801,NW-C-2237-26,2026-06-09,Shallow Depth Confirmed,St. Clair River,42.61727,-82.51547,,desc,b0048_0035.npz,0.981,0.993,140.1,-8.9,0.0,-8.9,2011,True,False,,,,1
181801,NW-C-2237-26,2026-06-09,Shallow Depth Confirmed,St. Clair River,42.61735,-82.51543,,desc,b0048_0035.npz,0.981,0.993,140.1,-8.9,0.0,-8.9,2011,True,False,,,,1
181801,NW-C-2237-26,2026-06-09,Shallow Depth Confirmed,St. Clair River,42.61735,-82.51537,,desc,b0048_0035.npz,0.981,0.993,140.1,-8.9,0.0,-8.9,2011,True,False,,,,1
181801,NW-C-2237-26,2026-06-09,Shallow Depth Confirmed,St. Clair River,42.61725,-82.51542,8.2,desc,b0048_0035.npz,0.981,0.993,140.1,-8.9,0.0,-8.9,2011,True,False,,,,1
181802,NW-C-2238-26,2026-06-09,Shallow Depth Confirmed,St. Clair River,42.61772,-82.5154,,desc,b0048_0035.npz,0.981,0.993,140.1,-8.9,0.0,-8.9,2011,True,False,,,,1
181802,NW-C-2238-26,2026-06-09,Shallow Depth Confirmed,St. Clair River,42.61785,-82.51533,,desc,b0048_0035.npz,0.981,0.993,140.1,-8.9,0.0,-8.9,2011,True,False,,,,1
181802,NW-C-2238-26,2026-06-09,Shallow Depth Confirmed,St. Clair River,42.6178,-82.51513,,desc,b0048_0035.npz,0.981,0.993,140.1,-8.9,0.0,-8.9,2011,True,False,,,,1
181802,NW-C-2238-26,2026-06-09,Shallow Depth Confirmed,St. Clair River,42.61767,-82.5152,7.8,desc,b0048_0035.npz,0.981,0.993,140.1,-8.9,0.0,-8.9,2011,True,False,,,,1
181969,NW-C-2329-26,2026-06-12,Shallow Depth Confirmed,St. Clair River,42.97773,-82.41312,,desc,b0048_0035.npz,0.867,0.98,71.8,-10.8,0.0,-10.8,2011,True,False,8.1,15.2,0.0,4599
181969,NW-C-2329-26,2026-06-12,Shallow Depth Confirmed,St. Clair River,42.97828,-82.41335,,desc,b0048_0035.npz,0.799,0.98,71.8,-9.8,0.0,-9.8,2011,True,False,0.5,23.0,0.0,4591
181969,NW-C-2329-26,2026-06-12,Shallow Depth Confirmed,St. Clair River,42.97833,-82.41317,,desc,b0048_0035.npz,0.861,0.98,66.5,-9.2,0.0,-9.2,2011,True,False,7.5,37.6,0.0,4601
181969,NW-C-2329-26,2026-06-12,Shallow Depth Confirmed,St. Clair River,42.97777,-82.41293,8.2,desc,b0048_0035.npz,0.867,0.98,71.8,-10.8,0.0,-10.8,2011,True,False,8.1,15.2,0.0,4599
181970,NW-C-2330-26,2026-06-12,Shallow Depth Confirmed,St. Clair River,42.97832,-82.41383,,desc,b0048_0035.npz,0.799,0.98,71.8,-9.8,0.0,-9.8,2011,True,False,0.5,23.0,0.0,4591
181970,NW-C-2330-26,2026-06-12,Shallow Depth Confirmed,St. Clair River,42.97833,-82.41385,,desc,b0048_0035.npz,0.799,0.98,71.8,-9.8,0.0,-9.8,2011,True,False,0.5,23.0,0.0,4591
181970,NW-C-2330-26,2026-06-12,Shallow Depth Confirmed,St. Clair River,42.97835,-82.41382,,desc,b0048_0035.npz,0.799,0.98,71.8,-9.8,0.0,-9.8,2011,True,False,0.5,23.0,0.0,4591
181970,NW-C-2330-26,2026-06-12,Shallow Depth Confirmed,St. Clair River,42.97832,-82.4138,8.2,desc,b0048_0035.npz,0.799,0.98,71.8,-9.8,0.0,-9.8,2011,True,False,0.5,23.0,0.0,4591
181971,NW-C-2331-26,2026-06-12,Shallow Depth Confirmed,St. Clair River,42.97848,-82.41353,,desc,b0048_0035.npz,0.799,0.98,71.8,-9.8,0.0,-9.8,2011,True,False,0.5,23.0,0.0,4591
181971,NW-C-2331-26,2026-06-12,Shallow Depth Confirmed,St. Clair River,42.97913,-82.41382,,desc,b0048_0035.npz,0.815,0.98,69.4,-10.0,0.0,-10.0,2011,True,False,1.4,20.8,0.0,4593
181971,NW-C-2331-26,2026-06-12,Shallow Depth Confirmed,St. Clair River,42.9792,-82.41355,,desc,b0048_0035.npz,0.815,0.98,69.4,-10.0,0.0,-10.0,2011,True,False,1.4,20.8,0.0,4593
181971,NW-C-2331-26,2026-06-12,Shallow Depth Confirmed,St. Clair River,42.97855,-82.41327,7.6,desc,b0048_0035.npz,0.861,0.98,66.5,-9.2,0.0,-9.2,2011,True,False,7.5,37.6,0.0,4601
141616,NW-P-0924-23,2023-07-19,Submerged Object,West Coast Vancouver Island South,49.12742,-125.8315,,desc,b0044_0019.npz,0.901,0.988,15.0,-1.4,0.0,-1.4,0,True,False,95.6,99.0,0.0,28298
169130,NW-P-0496-25,2025-04-11,Submerged Object,West Coast Vancouver Island South,49.15168,-125.89522,,desc,b0044_0019.npz,0.942,0.956,50.6,-0.7,0.0,-0.7,2010,True,False,97.9,99.3,0.0,39665
179410,NW-P-0525-26,2026-04-15,Uncharted Rock,West Coast Vancouver Island South,49.24132,-125.77338,,desc,b0044_0019.npz,0.863,0.958,35.5,0.2,0.0,0.2,0,True,False,88.2,99.2,0.0,20668
143977,NW-C-1516-23,2023-08-11,Shallow Depth Reported,Welland Canal Vicinity Thorold,43.11188,-79.19795,,desc,b0048_0036.npz,0.985,1.0,112.4,-29.9,0.16,-6.0,2013,True,True,60.9,62.5,72.0,28498
143977,NW-C-1516-23,2023-08-11,Shallow Depth Reported,Welland Canal Vicinity Thorold,43.11293,-79.19758,,desc,b0048_0036.npz,0.982,1.0,106.2,-29.3,0.22,-7.8,2013,True,True,60.2,61.3,73.8,28763
143977,NW-C-1516-23,2023-08-11,Shallow Depth Reported,Welland Canal Vicinity Thorold,43.11292,-79.19753,,desc,b0048_0036.npz,0.982,1.0,106.2,-29.3,0.22,-7.8,2013,True,True,60.2,61.3,73.8,28763
143977,NW-C-1516-23,2023-08-11,Shallow Depth Reported,Welland Canal Vicinity Thorold,43.1121,-79.19773,7.8,desc,b0048_0036.npz,0.985,1.0,112.4,-29.9,0.16,-6.0,2013,True,True,60.9,62.5,72.0,28498
175428,NW-C-3274-25,2025-10-23,Submerged Object,Lake Ontario Vicinity Hamilton Harbour,43.29217,-79.829,,desc,b0048_0036.npz,0.209,0.713,-15.6,-20.2,0.0,-20.2,0,True,False,68.4,100.0,0.0,17279
179738,NW-C-1039-26,2026-04-26,Submerged Object,Niagara River Vicinity Grand Island,42.97767,-78.9985,,desc,b0048_0036.npz,1.0,1.0,169.0,,7.54,-1.4,,False,False,74.6,81.5,0.0,20561
181535,NW-C-2097-26,2026-06-02,Submerged Object,Lake Ontario Vicinity Grimsby Beach,43.19533,-79.51983,,desc,b0048_0036.npz,0.999,1.0,23.6,19.1,0.0,19.1,0,True,False,99.8,99.9,0.0,46912
184460,NW-C-3560-26,2026-08-14,Submerged Object,Lake Erie Vicinity Long Point,42.57667,-80.42167,,desc,b0048_0036.npz,0.947,0.999,113.7,,0.16,0.1,1980,True,False,15.4,100.0,0.0,2350
156182,NW-M-0101-24,2024-01-22,Shoal,Eastern Shore,45.2732,-60.9048,,desc,b0047_0043.npz,0.228,0.37,-15.3,-32.4,0.0,-32.4,1960,True,True,96.8,95.2,0.0,90413
156652,NW-M-0126-24,2024-01-27,Shallow Depth Reported,Eastern Shore Fourchu,45.32497,-60.9362,8.4,desc,b0047_0043.npz,0.994,0.996,6.8,-15.6,0.0,-15.6,1954,True,False,99.9,99.9,0.0,63524
156652,NW-M-0126-24,2024-01-27,Shallow Depth Reported,Eastern Shore Fourchu,45.21403,-61.02803,19.3,desc,b0047_0043.npz,0.01,0.283,-20.5,-28.9,0.0,-28.9,1956,True,True,93.6,96.2,0.0,101897
157337,NW-M-0247-24,2024-02-14,Shallow Depth Reported,Eastern Shore,45.19047,-61.15713,,desc,b0047_0043.npz,0.987,0.999,2.7,-15.6,0.0,-15.6,1961,True,False,99.8,99.9,0.0,93426
157337,NW-M-0247-24,2024-02-14,Shallow Depth Reported,Eastern Shore,45.2053,-61.15977,,desc,b0047_0043.npz,0.776,0.98,-4.9,-16.4,0.0,-16.4,1961,True,False,98.6,99.9,0.0,86939
157857,NW-M-0339-24,2024-03-14,Shallow Depth Reported,"Fourchu Vicinity Canso, NS",45.339,-60.88773,,desc,b0047_0043.npz,0.635,0.903,-8.9,-11.7,0.0,-11.7,1954,True,False,98.8,99.9,0.0,62788
157857,NW-M-0339-24,2024-03-14,Shallow Depth Reported,"Fourchu Vicinity Canso, NS",45.33867,-60.89242,,desc,b0047_0043.npz,0.722,0.86,-7.9,-15.6,0.0,-15.6,1954,True,False,99.1,99.9,0.0,62703
157857,NW-M-0339-24,2024-03-14,Shallow Depth Reported,"Fourchu Vicinity Canso, NS",45.33582,-60.91348,,desc,b0047_0043.npz,0.617,0.969,-9.0,-17.7,0.0,-17.7,1989,True,False,98.4,99.8,0.0,61388
157857,NW-M-0339-24,2024-03-14,Shallow Depth Reported,"Fourchu Vicinity Canso, NS",45.34212,-60.87822,,desc,b0047_0043.npz,0.628,0.905,-9.2,-18.7,0.0,-18.7,1954,True,False,98.8,99.8,0.0,62713
157857,NW-M-0339-24,2024-03-14,Shallow Depth Reported,"Fourchu Vicinity Canso, NS",45.34435,-60.87097,,desc,b0047_0043.npz,0.217,0.788,-13.1,-22.9,0.0,-22.9,1954,True,True,96.1,98.7,0.0,62688
157857,NW-M-0339-24,2024-03-14,Shallow Depth Reported,"Fourchu Vicinity Canso, NS",45.3377,-60.89303,,desc,b0047_0043.npz,0.723,0.796,-8.1,-25.8,0.0,-25.8,1954,True,True,99.1,97.1,0.0,62952
157857,NW-M-0339-24,2024-03-14,Shallow Depth Reported,"Fourchu Vicinity Canso, NS",45.33622,-60.90872,,desc,b0047_0043.npz,0.267,0.861,-12.7,-16.7,0.0,-16.7,1954,True,False,96.2,99.9,0.0,61621
157908,NW-M-0356-24,2024-03-16,Shallow Depth Reported,"Fourchu Vicinity Canso, NS",45.34155,-60.88467,,desc,b0047_0043.npz,0.653,0.912,-8.7,-13.8,0.0,-13.8,1954,True,False,98.8,99.9,0.0,62311
157908,NW-M-0356-24,2024-03-16,Shallow Depth Reported,"Fourchu Vicinity Canso, NS",45.34518,-60.8819,,desc,b0047_0043.npz,0.88,0.916,-4.2,-13.2,0.0,-13.2,1954,True,False,99.5,99.9,0.0,61021
157908,NW-M-0356-24,2024-03-16,Shallow Depth Reported,"Fourchu Vicinity Canso, NS",45.3433,-60.88567,,desc,b0047_0043.npz,0.805,0.943,-6.5,-10.2,0.0,-10.2,1954,True,False,99.4,99.9,0.0,61506
157908,NW-M-0356-24,2024-03-16,Shallow Depth Reported,"Fourchu Vicinity Canso, NS",45.34122,-60.89175,,desc,b0047_0043.npz,0.727,0.92,-7.8,-11.3,0.0,-11.3,1954,True,False,99.1,99.9,0.0,61490
157908,NW-M-0356-24,2024-03-16,Shallow Depth Reported,"Fourchu Vicinity Canso, NS",45.34025,-60.89403,,desc,b0047_0043.npz,0.67,0.911,-8.6,-10.4,0.0,-10.4,1954,True,False,98.9,99.9,0.0,61728
157917,NW-M-0361-24,2024-03-17,Shallow Depth Reported,Fourchu,45.3341,-60.91962,,desc,b0047_0043.npz,0.883,0.985,0.1,-25.4,0.0,-25.4,1989,True,True,99.3,97.2,0.0,61590
157917,NW-M-0361-24,2024-03-17,Shallow Depth Reported,Fourchu,45.3371,-60.86885,,desc,b0047_0043.npz,0.36,0.556,-12.1,-21.4,0.0,-21.4,1954,True,True,97.6,99.5,0.0,65868
157917,NW-M-0361-24,2024-03-17,Shallow Depth Reported,Fourchu,45.33293,-60.9061,,desc,b0047_0043.npz,0.465,0.929,-10.9,-19.6,0.0,-19.6,1954,True,False,97.8,99.7,0.0,63589
162341,NW-M-1283-24,2024-07-30,Shallow Depth Reported,Eastern Shore Vicinity Wedge Island,45.00267,-61.89537,7.8,desc,b0047_0043.npz,0.965,0.993,-2.6,-8.5,0.0,-8.5,1962,True,False,99.7,100.0,0.0,55421
162341,NW-M-1283-24,2024-07-30,Shallow Depth Reported,Eastern Shore Vicinity Wedge Island,45.00268,-61.88167,8.4,desc,b0047_0043.npz,0.996,0.997,2.9,-8.8,0.0,-8.8,1962,True,False,99.9,100.0,0.0,59100
162341,NW-M-1283-24,2024-07-30,Shallow Depth Reported,Eastern Shore Vicinity Wedge Island,45.00907,-61.89238,,desc,b0047_0043.npz,0.966,0.987,-2.7,-9.4,0.0,-9.4,1962,True,False,99.7,100.0,0.0,54998
162634,NW-M-1366-24,2024-08-07,Shallow Depth Reported,Eastern Shore,45.15513,-61.4373,,desc,b0047_0043.npz,0.965,0.999,-3.1,-5.5,0.0,-5.5,1961,True,False,99.3,100.0,0.0,76252
162634,NW-M-1366-24,2024-08-07,Shallow Depth Reported,Eastern Shore,45.12523,-61.50225,,desc,b0047_0043.npz,0.934,0.977,-2.9,-13.7,0.0,-13.7,1961,True,False,99.2,100.0,0.0,82392
162634,NW-M-1366-24,2024-08-07,Shallow Depth Reported,Eastern Shore,45.15785,-61.43947,,desc,b0047_0043.npz,0.976,1.0,-2.1,-5.5,0.0,-5.5,1961,True,False,99.4,100.0,0.0,75246
162971,NW-M-1497-24,2024-08-15,Shallow Depth Reported,Eastern Shore,45.1445,-61.46578,,desc,b0047_0043.npz,0.997,1.0,2.4,-14.3,0.0,-14.3,1961,True,False,99.8,100.0,0.0,77119
162971,NW-M-1497-24,2024-08-15,Shallow Depth Reported,Eastern Shore,45.09393,-61.53197,,desc,b0047_0043.npz,0.956,1.0,-4.5,-19.1,0.0,-19.1,1961,True,False,99.5,100.0,0.0,92281
162971,NW-M-1497-24,2024-08-15,Shallow Depth Reported,Eastern Shore,45.0955,-61.55058,,desc,b0047_0043.npz,1.0,1.0,0.9,-9.3,0.0,-9.3,1961,True,False,99.9,100.0,0.0,89602
162971,NW-M-1497-24,2024-08-15,Shallow Depth Reported,Eastern Shore,45.09822,-61.54805,,desc,b0047_0043.npz,1.0,1.0,3.3,-3.9,0.0,-3.9,1961,True,False,99.9,100.0,0.0,88484
162971,NW-M-1497-24,2024-08-15,Shallow Depth Reported,Eastern Shore,45.09975,-61.5508,,desc,b0047_0043.npz,1.0,1.0,2.7,-5.8,0.0,-5.8,1961,True,False,100.0,100.0,0.0,87716
162971,NW-M-1497-24,2024-08-15,Shallow Depth Reported,Eastern Shore,45.10148,-61.55668,,desc,b0047_0043.npz,0.997,1.0,-0.8,-5.1,0.0,-5.1,1961,True,False,99.9,100.0,0.0,86165
162971,NW-M-1497-24,2024-08-15,Shallow Depth Reported,Eastern Shore,45.09205,-61.54428,,desc,b0047_0043.npz,0.953,1.0,-3.8,-14.3,0.0,-14.3,1961,True,False,99.4,100.0,0.0,91564
162971,NW-M-1497-24,2024-08-15,Shallow Depth Reported,Eastern Shore,45.11178,-61.50058,,desc,b0047_0043.npz,0.82,0.933,-7.1,-9.8,0.0,-9.8,1961,True,False,98.5,100.0,0.0,88674
162971,NW-M-1497-24,2024-08-15,Shallow Depth Reported,Eastern Shore,45.07662,-61.54772,,desc,b0047_0043.npz,0.83,0.935,-6.2,-5.5,0.0,-5.5,1961,True,False,98.7,100.0,0.0,97956
162971,NW-M-1497-24,2024-08-15,Shallow Depth Reported,Eastern Shore,45.0801,-61.55555,,desc,b0047_0043.npz,0.832,0.935,-7.0,-8.3,0.0,-8.3,1961,True,False,98.7,100.0,0.0,95585
162971,NW-M-1497-24,2024-08-15,Shallow Depth Reported,Eastern Shore,45.10427,-61.58,,desc,b0047_0043.npz,1.0,1.0,1.6,-9.1,0.0,-9.1,1961,True,False,100.0,100.0,0.0,81561
162971,NW-M-1497-24,2024-08-15,Shallow Depth Reported,Eastern Shore,45.09977,-61.57442,,desc,b0047_0043.npz,0.996,1.0,-2.1,-5.8,0.0,-5.8,1961,True,False,99.8,100.0,0.0,84043
163019,NW-M-1521-24,2024-08-16,Shallow Depth Reported,Eastern Shore Vicinity Country Harbour,45.0902,-61.54978,16.9,desc,b0047_0043.npz,0.688,1.0,-8.3,-17.3,0.0,-17.3,1961,True,False,97.7,100.0,0.0,91720
163019,NW-M-1521-24,2024-08-16,Shallow Depth Reported,Eastern Shore Vicinity Country Harbour,45.10273,-61.50752,19.8,desc,b0047_0043.npz,0.703,0.948,-9.0,-20.0,0.0,-20.0,1961,True,False,97.8,100.0,0.0,91689
163019,NW-M-1521-24,2024-08-16,Shallow Depth Reported,Eastern Shore Vicinity Country Harbour,45.10635,-61.51803,12.0,desc,b0047_0043.npz,0.974,0.991,-4.3,-13.1,0.0,-13.1,1961,True,False,99.6,100.0,0.0,88952
165649,NW-M-2186-24,2024-11-03,Submerged Object,Fourchu,45.3373,-60.99105,11.0,desc,b0047_0043.npz,1.0,1.0,6.6,1.5,0.0,1.5,2005,True,False,100.0,100.0,0.0,51943
156275,NW-N-0048-24,2024-01-24,Shallow Depth Reported,South Coast Vicinity St. Lawrence Harbour,46.90915,-55.38487,,desc,b0046_0045.npz,0.99,0.999,2.5,-4.7,0.15,-2.1,0,True,False,99.9,100.0,71.1,94625
156275,NW-N-0048-24,2024-01-24,Shallow Depth Reported,South Coast Vicinity St. Lawrence Harbour,46.90688,-55.38342,,desc,b0046_0045.npz,0.878,0.999,-3.8,,0.21,-2.2,0,True,False,99.4,100.0,0.0,95671
156275,NW-N-0048-24,2024-01-24,Shallow Depth Reported,South Coast Vicinity St. Lawrence Harbour,46.91715,-55.3904,,desc,b0046_0045.npz,0.953,0.999,7.0,0.9,0.0,0.9,0,True,False,99.7,100.0,0.0,89999
156275,NW-N-0048-24,2024-01-24,Shallow Depth Reported,South Coast Vicinity St. Lawrence Harbour,46.90805,-55.38407,,desc,b0046_0045.npz,0.989,0.999,1.8,,0.15,-0.2,0,True,False,99.9,100.0,0.0,95252
156275,NW-N-0048-24,2024-01-24,Shallow Depth Reported,South Coast Vicinity St. Lawrence Harbour,46.90228,-55.37002,,desc,b0046_0045.npz,0.998,0.999,3.3,-19.8,0.0,-19.8,0,True,False,100.0,99.7,0.0,99799
174289,NW-N-0694-25,2025-09-11,Buoys Aids Gibraltor Rock light buoy PX2 LL 15.5,South Coast,47.22817,-54.04758,,json,b0046_0045.npz,0.433,0.641,-11.3,-23.3,0.0,-23.3,0,True,True,97.9,98.2,0.0,40358
175311,NW-N-0809-25,2025-10-18,Buoys Aids Lamb Rock North Cardinal light buoy MLR LL 7.4,South Coast,46.46601,-54.02884,,json,b0046_0045.npz,0.0,0.0,-67.4,-53.0,0.0,-53.0,0,True,True,0.0,93.9,0.0,170482
179015,NW-N-0183-26,2026-03-29,Buoys Aids Gregory Rock light buoy PR3 LL 66.5,South Coast,47.03343,-55.12133,,json,b0046_0045.npz,0.808,0.91,-5.2,-21.5,0.0,-21.5,0,True,True,98.4,99.4,0.0,101049
183802,NW-N-0541-26,2026-07-30,Buoys Aids Galloper Rock light and whistle buoy PR1 LL 66,South Coast,47.10833,-55.07,,desc,b0046_0045.npz,0.929,0.997,-2.6,-14.7,0.0,-14.7,2004,True,False,99.4,99.8,0.0,88074
157332,NW-A-0008-24,2024-02-13,Shoal,Shipping Safety Control Zone 10 Vicinity Pangnirtung,66.15218,-65.71183,0.6,json,b0033_0041.npz,0.951,0.991,26.3,-5.8,0.0,-5.8,2003,True,False,99.0,100.0,0.0,74221
159075,NW-C-0776-24,2024-05-02,Submerged Object,Lake Superior Vicinity Thunder Bay,48.39378,-89.21577,,json,b0045_0033.npz,0.999,1.0,28.8,0.1,0.0,0.1,1959,True,False,95.1,99.8,0.0,39335
177885,NW-C-0156-26,2026-02-06,Shallow Depth Reported,Lake Superior Vicinity Port of Thunder Bay,48.41412,-89.22033,8.0,desc,b0045_0033.npz,0.965,0.999,12.1,-4.2,0.0,-4.2,1959,True,False,84.2,99.5,0.0,34110
182067,NW-C-2377-26,2026-06-15,Shallow Depth Reported,Lake Superior Vicinity Nipigon River,49.00994,-88.25875,,json,b0045_0033.npz,0.928,0.99,123.4,,0.2,-1.8,0,True,False,70.4,99.2,0.0,5432
183338,NW-C-3044-26,2026-07-17,Shallow Depth Confirmed,Lake Superior Vicinity Thunder Bay,48.36583,-89.2523,6.2,desc,b0045_0033.npz,0.925,0.993,58.2,-3.1,0.0,-3.1,0,True,False,87.3,98.5,0.0,38656
183338,NW-C-3044-26,2026-07-17,Shallow Depth Confirmed,Lake Superior Vicinity Thunder Bay,48.37033,-89.24943,4.9,desc,b0045_0033.npz,0.963,0.998,66.1,-5.4,0.0,-5.4,0,True,False,89.9,98.2,0.0,38136
183338,NW-C-3044-26,2026-07-17,Shallow Depth Confirmed,Lake Superior Vicinity Thunder Bay,48.43953,-89.19615,3.6,desc,b0045_0033.npz,0.995,0.998,20.6,-5.0,0.0,-5.0,1959,True,False,86.4,99.7,0.0,34415
183338,NW-C-3044-26,2026-07-17,Shallow Depth Confirmed,Lake Superior Vicinity Thunder Bay,48.44908,-89.17357,4.8,desc,b0045_0033.npz,0.985,0.999,9.3,-4.6,0.0,-4.6,1959,True,False,80.9,99.8,0.0,36208
183338,NW-C-3044-26,2026-07-17,Shallow Depth Confirmed,Lake Superior Vicinity Thunder Bay,48.39183,-89.21642,6.0,desc,b0045_0033.npz,0.999,1.0,29.6,0.3,0.0,0.3,1959,True,False,94.7,99.9,0.0,39704
183338,NW-C-3044-26,2026-07-17,Shallow Depth Confirmed,Lake Superior Vicinity Thunder Bay,48.35575,-89.22362,3.3,desc,b0045_0033.npz,0.978,1.0,15.4,-4.7,0.0,-4.7,1959,True,False,92.5,98.3,0.0,46928
183338,NW-C-3044-26,2026-07-17,Shallow Depth Confirmed,Lake Superior Vicinity Thunder Bay,48.43767,-89.19088,6.5,desc,b0045_0033.npz,0.921,0.998,1.6,-6.5,0.0,-6.5,1959,True,False,73.2,99.7,0.0,35108
183463,NW-C-3108-26,2026-07-22,Shallow Depth Confirmed,Lake Superior Vicinity Marathon,48.70112,-86.9454,31.6,desc,b0045_0033.npz,0.993,1.0,48.9,-43.7,0.36,-47.4,0,True,True,92.4,95.6,31.6,125540
183675,NW-C-3206-26,2026-07-28,Shallow Depth Confirmed,Lake Superior Vicinity Terrace Bay,48.79882,-86.9974,6.5,desc,b0045_0033.npz,0.96,1.0,19.9,-6.3,0.0,-6.3,0,True,False,83.1,99.6,0.0,75425
183675,NW-C-3206-26,2026-07-28,Shallow Depth Confirmed,Lake Superior Vicinity Terrace Bay,48.80748,-86.96463,18.3,desc,b0045_0033.npz,0.904,0.984,63.0,-18.7,0.0,-18.7,0,True,False,68.9,99.2,0.0,70613
183675,NW-C-3206-26,2026-07-28,Shallow Depth Confirmed,Lake Superior Vicinity Terrace Bay,48.80323,-86.97378,18.7,desc,b0045_0033.npz,0.935,0.992,28.2,-14.0,0.0,-14.0,0,True,False,76.2,99.4,0.0,72747
183675,NW-C-3206-26,2026-07-28,Shallow Depth Confirmed,Lake Superior Vicinity Terrace Bay,48.80582,-86.96693,19.5,desc,b0045_0033.npz,0.917,0.984,56.3,-7.0,0.0,-7.0,0,True,False,71.5,99.5,0.0,71136
183675,NW-C-3206-26,2026-07-28,Shallow Depth Confirmed,Lake Superior Vicinity Terrace Bay,48.78555,-86.99098,22.4,desc,b0045_0033.npz,0.809,0.996,0.6,-43.6,0.1,-44.2,0,True,True,57.4,94.5,8.3,82809
183675,NW-C-3206-26,2026-07-28,Shallow Depth Confirmed,Lake Superior Vicinity Terrace Bay,48.7836,-86.98785,24.6,desc,b0045_0033.npz,0.985,0.996,14.1,-29.3,0.0,-29.3,0,True,True,89.0,97.7,0.0,83770
184986,NW-C-3841-26,2026-09-01,Shallow Depth Reported,Lake Superior Vicinity Mission River,48.35912,-89.22673,,desc,b0045_0033.npz,0.992,0.999,38.2,-2.8,0.0,-2.8,1959,True,False,94.2,98.7,0.0,45189
184986,NW-C-3841-26,2026-09-01,Shallow Depth Reported,Lake Superior Vicinity Mission River,48.35903,-89.2266,,desc,b0045_0033.npz,0.996,0.999,37.1,-0.6,0.0,-0.6,1959,True,False,95.2,99.3,0.0,45419
184986,NW-C-3841-26,2026-09-01,Shallow Depth Reported,Lake Superior Vicinity Mission River,48.35883,-89.22722,,desc,b0045_0033.npz,0.996,0.999,37.1,-0.6,0.0,-0.6,1959,True,False,95.2,99.3,0.0,45419
184986,NW-C-3841-26,2026-09-01,Shallow Depth Reported,Lake Superior Vicinity Mission River,48.35893,-89.22742,,desc,b0045_0033.npz,0.996,0.999,37.1,-0.6,0.0,-0.6,1959,True,False,95.2,99.3,0.0,45419
184986,NW-C-3841-26,2026-09-01,Shallow Depth Reported,Lake Superior Vicinity Mission River,48.35902,-89.22717,,desc,b0045_0033.npz,0.996,0.999,37.1,-0.6,0.0,-0.6,1959,True,False,95.2,99.3,0.0,45419
184986,NW-C-3841-26,2026-09-01,Shallow Depth Reported,Lake Superior Vicinity Mission River,48.35938,-89.22778,,desc,b0045_0033.npz,0.992,0.999,38.2,-2.8,0.0,-2.8,1959,True,False,94.2,98.7,0.0,45189
184986,NW-C-3841-26,2026-09-01,Shallow Depth Reported,Lake Superior Vicinity Mission River,48.35945,-89.22768,,desc,b0045_0033.npz,0.992,0.999,38.2,-2.8,0.0,-2.8,1959,True,False,94.2,98.7,0.0,45189
184986,NW-C-3841-26,2026-09-01,Shallow Depth Reported,Lake Superior Vicinity Mission River,48.35902,-89.22693,,desc,b0045_0033.npz,0.996,0.999,37.1,-0.6,0.0,-0.6,1959,True,False,95.2,99.3,0.0,45419
184986,NW-C-3841-26,2026-09-01,Shallow Depth Reported,Lake Superior Vicinity Mission River,48.35912,-89.22673,,desc,b0045_0033.npz,0.992,0.999,38.2,-2.8,0.0,-2.8,1959,True,False,94.2,98.7,0.0,45189
162622,NW-M-1363-24,2024-08-07,Shallow Depth Reported,Chaleur - Miscou - south,47.71127,-64.66138,,desc,b0045_0041.npz,1.0,1.0,-0.6,-2.8,0.0,-2.8,1966,True,False,100.0,100.0,0.0,2944
162622,NW-M-1363-24,2024-08-07,Shallow Depth Reported,Chaleur - Miscou - south,47.71258,-64.66237,,desc,b0045_0041.npz,1.0,1.0,0.1,-3.3,0.0,-3.3,1966,True,False,100.0,100.0,0.0,2972
162622,NW-M-1363-24,2024-08-07,Shallow Depth Reported,Chaleur - Miscou - south,47.71587,-64.663,,desc,b0045_0041.npz,1.0,1.0,0.3,-2.4,0.0,-2.4,1966,True,False,100.0,100.0,0.0,3169
162624,NW-M-1364-24,2024-08-07,Shallow Depth Reported,Chaleur - Miscou - south,47.715,-64.66272,,desc,b0045_0041.npz,1.0,1.0,0.5,-2.2,0.0,-2.2,1966,True,False,100.0,100.0,0.0,3081
162624,NW-M-1364-24,2024-08-07,Shallow Depth Reported,Chaleur - Miscou - south,47.71507,-64.66243,,desc,b0045_0041.npz,1.0,1.0,0.5,-2.2,0.0,-2.2,1966,True,False,100.0,100.0,0.0,3081
162624,NW-M-1364-24,2024-08-07,Shallow Depth Reported,Chaleur - Miscou - south,47.71492,-64.66218,,desc,b0045_0041.npz,1.0,1.0,0.5,-2.2,0.0,-2.2,1966,True,False,100.0,100.0,0.0,3081
162624,NW-M-1364-24,2024-08-07,Shallow Depth Reported,Chaleur - Miscou - south,47.71413,-64.66255,1.2,desc,b0045_0041.npz,1.0,1.0,0.6,-2.4,0.0,-2.4,1966,True,False,100.0,100.0,0.0,3038
170050,NW-M-0692-25,2025-05-09,Shallow Depth Reported,"Chaleur - Miscou - south Vicinity Shippagan Gully, NB",47.73633,-64.682,,desc,b0045_0041.npz,1.0,1.0,1.5,-0.0,0.0,-0.0,1956,True,False,100.0,100.0,0.0,6433
179677,NW-M-0385-26,2026-04-24,Shallow Depth Reported,Chaleur - Miscou - south,47.31913,-64.93272,0.4,desc,b0045_0041.npz,0.998,1.0,-0.5,-1.1,0.0,-1.1,0,True,False,99.8,99.9,0.0,3248
179677,NW-M-0385-26,2026-04-24,Shallow Depth Reported,Chaleur - Miscou - south,47.3145,-64.9316,0.6,desc,b0045_0041.npz,1.0,1.0,2.1,,0.1,-1.2,0,True,False,99.9,99.9,0.0,3199
180467,NW-C-1425-26,2026-05-13,Shallow Depth Confirmed,Chaleur - Miscou - north Vicinity Anse aux Gascons,48.19128,-64.8624,1.2,desc,b0045_0041.npz,0.947,0.985,21.0,,0.1,0.2,2014,True,False,99.8,100.0,0.0,68867
180931,NW-M-0629-26,2026-05-21,Shallow Depth Confirmed,Chaleur - Miscou - south Vicinity Caraquet,47.80957,-64.90242,,desc,b0045_0041.npz,1.0,1.0,0.6,-1.6,0.0,-1.6,1995,True,False,100.0,100.0,0.0,52955
181252,NW-M-0663-26,2026-05-26,Submerged Object,Chaleur - Miscou - south,47.61803,-65.64093,,desc,b0045_0041.npz,0.994,0.999,9.9,-0.6,0.0,-0.6,2005,True,False,100.0,100.0,0.0,19568
183187,NW-M-0960-26,2026-07-15,Shallow Depth Confirmed,Chaleur - Miscou - south,47.71063,-64.6671,2.0,desc,b0045_0041.npz,1.0,1.0,0.4,-1.6,0.0,-1.6,1966,True,False,100.0,100.0,0.0,3033
183187,NW-M-0960-26,2026-07-15,Shallow Depth Confirmed,Chaleur - Miscou - south,47.71005,-64.67017,1.93,desc,b0045_0041.npz,1.0,1.0,0.7,-1.5,0.0,-1.5,1966,True,False,100.0,100.0,0.0,3098
183187,NW-M-0960-26,2026-07-15,Shallow Depth Confirmed,Chaleur - Miscou - south,47.70953,-64.67135,1.53,desc,b0045_0041.npz,1.0,1.0,0.6,-1.4,0.0,-1.4,1966,True,False,100.0,100.0,0.0,3088
183187,NW-M-0960-26,2026-07-15,Shallow Depth Confirmed,Chaleur - Miscou - south,47.71105,-64.66207,1.95,desc,b0045_0041.npz,1.0,1.0,-0.6,-2.8,0.0,-2.8,1966,True,False,100.0,100.0,0.0,2944
166296,NW-C-3222-24,2024-11-23,Shallow Depth Reported,Lake Ontario Vicinity Oshawa,43.86647,-78.82657,1.8,desc,b0047_0036.npz,1.0,1.0,17.7,,0.11,-5.7,1983,True,False,97.3,100.0,0.0,65253
166296,NW-C-3222-24,2024-11-23,Shallow Depth Reported,Lake Ontario Vicinity Oshawa,43.86638,-78.82602,2.7,desc,b0047_0036.npz,1.0,1.0,19.8,-1.8,0.0,-1.8,1983,True,False,98.3,100.0,0.0,65362
166296,NW-C-3222-24,2024-11-23,Shallow Depth Reported,Lake Ontario Vicinity Oshawa,43.866,-78.82607,2.8,desc,b0047_0036.npz,1.0,1.0,19.8,-1.8,0.0,-1.8,1983,True,False,98.3,100.0,0.0,65362
166296,NW-C-3222-24,2024-11-23,Shallow Depth Reported,Lake Ontario Vicinity Oshawa,43.8661,-78.8258,3.7,desc,b0047_0036.npz,1.0,1.0,19.8,-1.8,0.0,-1.8,1983,True,False,98.3,100.0,0.0,65362
166296,NW-C-3222-24,2024-11-23,Shallow Depth Reported,Lake Ontario Vicinity Oshawa,43.86637,-78.82557,3.8,desc,b0047_0036.npz,1.0,1.0,19.8,-1.8,0.0,-1.8,1983,True,False,98.3,100.0,0.0,65362
166296,NW-C-3222-24,2024-11-23,Shallow Depth Reported,Lake Ontario Vicinity Oshawa,43.86677,-78.82675,1.1,desc,b0047_0036.npz,1.0,1.0,17.7,,0.11,-5.7,1983,True,False,97.3,100.0,0.0,65253
166296,NW-C-3222-24,2024-11-23,Shallow Depth Reported,Lake Ontario Vicinity Oshawa,43.8667,-78.82657,1.3,desc,b0047_0036.npz,1.0,1.0,17.7,,0.11,-5.7,1983,True,False,97.3,100.0,0.0,65253
166296,NW-C-3222-24,2024-11-23,Shallow Depth Reported,Lake Ontario Vicinity Oshawa,43.8636,-78.82292,1.5,desc,b0047_0036.npz,1.0,1.0,15.1,-1.8,0.0,-1.8,1983,True,False,98.3,100.0,0.0,66864
166296,NW-C-3222-24,2024-11-23,Shallow Depth Reported,Lake Ontario Vicinity Oshawa,43.86662,-78.82635,1.6,desc,b0047_0036.npz,1.0,1.0,17.7,,0.11,-5.7,1983,True,False,97.3,100.0,0.0,65253
166296,NW-C-3222-24,2024-11-23,Shallow Depth Reported,Lake Ontario Vicinity Oshawa,43.86717,-78.82663,1.6,desc,b0047_0036.npz,1.0,1.0,24.0,-5.7,0.0,-5.7,1983,True,False,98.2,100.0,0.0,64826
180132,NW-C-1247-26,2026-05-04,Uncharted Rock,Lake Ontario Vicinity Cathedral Bluffs Yacht Club,43.70817,-79.22794,,json,b0047_0036.npz,1.0,1.0,26.5,17.7,0.0,17.7,0,True,False,99.8,100.0,0.0,71523
180133,NW-C-1246-26,2026-05-04,Shallow Depth Reported,Lake Ontario Vicinity Cathedral Bluffs Yacht Club,43.70817,-79.22794,,json,b0047_0036.npz,1.0,1.0,26.5,17.7,0.0,17.7,0,True,False,99.8,100.0,0.0,71523
180733,NW-C-1585-26,2026-05-18,Submerged Object,Lake Ontario Vicinity Mississauga,43.57633,-79.52935,,desc,b0047_0036.npz,1.0,1.0,-1.0,-6.7,0.0,-6.7,0,True,False,99.9,100.0,0.0,51908
182716,NW-C-2702-26,2026-06-30,Submerged Object,Muskoka Lakes Vicinity Lake Muskoka,45.0236,-79.52707,,desc,b0047_0036.npz,,,,,7.48,-16.4,,False,False,,0.0,0.0,592
183571,NW-C-3156-26,2026-07-24,Submerged Object,Lake Ontario Vicinity Etobicoke,43.59903,-79.49312,,desc,b0047_0036.npz,1.0,1.0,9.2,-2.1,0.0,-2.1,0,True,False,99.9,100.0,0.0,56741
184940,NW-C-3816-26,2026-08-31,Shallow Depth Reported,Georgian Bay Trent-Severn Waterway Vicinity Gouette Island,44.81947,-79.69368,,desc,b0047_0036.npz,0.997,0.998,165.6,-8.7,2.19,10.2,,True,False,68.3,93.4,54.4,4687
166702,NW-C-3382-24,2024-12-10,Shallow Depth Reported,Port of Montreal Vicinity Port of Montreal,45.50283,-73.54555,10.4,desc,b0046_0038.npz,1.0,1.0,1.5,-10.1,0.0,-10.1,2016,True,False,100.0,0.0,0.0,54
166703,NW-C-3383-24,2024-12-10,Shallow Depth Reported,Port of Montreal Vicinity Port of Montreal,45.50387,-73.54545,10.5,desc,b0046_0038.npz,1.0,1.0,-0.2,-10.6,0.0,-10.6,2016,True,False,100.0,0.0,0.0,54
166704,NW-C-3384-24,2024-12-10,Shallow Depth Reported,Port of Montreal Vicinity Port of Montreal,45.5153,-73.54312,10.2,desc,b0046_0038.npz,1.0,1.0,6.4,-10.8,0.0,-10.8,2016,True,False,100.0,0.0,0.0,54
166705,NW-C-3385-24,2024-12-10,Shallow Depth Reported,Port of Montreal Vicinity Port of Montreal,45.51287,-73.54308,9.3,desc,b0046_0038.npz,1.0,1.0,3.7,-10.9,0.0,-10.9,2016,True,False,100.0,0.0,0.0,54
166706,NW-C-3386-24,2024-12-10,Shallow Depth Reported,Port of Montreal Vicinity Port of Montreal,45.50297,-73.54497,9.5,desc,b0046_0038.npz,1.0,1.0,1.5,-10.1,0.0,-10.1,2016,True,False,100.0,0.0,0.0,54
166707,NW-C-3387-24,2024-12-10,Shallow Depth Reported,Port of Montreal Vicinity Port of Montreal,45.50247,-73.5453,10.2,desc,b0046_0038.npz,1.0,1.0,1.5,-10.1,0.0,-10.1,2016,True,False,100.0,0.0,0.0,54
166708,NW-C-3388-24,2024-12-10,Shallow Depth Reported,Port of Montreal Vicinity Port of Montreal,45.5342,-73.53387,10.5,desc,b0046_0038.npz,0.98,1.0,-1.7,-11.2,0.0,-11.2,2016,True,False,100.0,0.0,0.0,54
166709,NW-C-3389-24,2024-12-10,Shallow Depth Reported,Port of Montreal Vicinity Port of Montreal,45.5125,-73.54338,10.4,desc,b0046_0038.npz,1.0,1.0,2.8,-10.6,0.0,-10.6,2016,True,False,100.0,0.0,0.0,54
166710,NW-C-3390-24,2024-12-10,Shallow Depth Reported,Port of Montreal Vicinity Port of Montreal,45.50908,-73.54362,9.8,desc,b0046_0038.npz,1.0,1.0,4.8,-10.5,0.0,-10.5,2016,True,False,100.0,0.0,0.0,54
166711,NW-C-3391-24,2024-12-10,Shallow Depth Reported,Port of Montreal Vicinity Port of Montreal,45.51497,-73.54275,9.9,desc,b0046_0038.npz,0.993,1.0,1.6,-10.5,0.0,-10.5,2016,True,False,100.0,0.0,0.0,54
166713,NW-C-3393-24,2024-12-10,Shallow Depth Reported,Port of Montreal Vicinity Port of Montreal,45.54517,-73.5308,9.6,desc,b0046_0038.npz,0.884,1.0,-3.2,-10.3,0.0,-10.3,2016,True,False,100.0,0.0,0.0,54
166714,NW-C-3394-24,2024-12-10,Shallow Depth Reported,Port of Montreal Vicinity Port of Montreal,45.51608,-73.54292,10.3,desc,b0046_0038.npz,0.999,1.0,5.3,-10.1,0.0,-10.1,2016,True,False,100.0,0.0,0.0,54
166715,NW-C-3395-24,2024-12-10,Shallow Depth Reported,Port of Montreal Vicinity Port of Montreal,45.54125,-73.53288,10.6,desc,b0046_0038.npz,0.934,1.0,-1.2,-9.9,0.0,-9.9,2016,True,False,100.0,0.0,0.0,54
166716,NW-C-3396-24,2024-12-10,Shallow Depth Reported,Port of Montreal Vicinity Port of Montreal,45.50727,-73.54583,10.0,desc,b0046_0038.npz,1.0,1.0,1.4,-8.0,0.0,-8.0,2016,True,False,100.0,0.0,0.0,54
166717,NW-C-3397-24,2024-12-10,Shallow Depth Reported,Port of Montreal Vicinity Port of Montreal,45.50315,-73.54743,10.2,desc,b0046_0038.npz,1.0,1.0,2.5,-9.5,0.0,-9.5,2016,True,False,100.0,0.0,0.0,54
171702,NW-C-1803-25,2025-06-27,Shallow Depth Reported,Port of Sorel-Tracy Vicinity Saint-Joseph-de-Sorel,46.04746,-73.14148,10.7,json,b0046_0038.npz,1.0,1.0,-0.0,-14.7,0.0,-14.7,2015,True,False,,,,0
176565,NW-C-3698-25,2025-12-02,Submerged Object,Montréal to Trois-Rivières Vicinity Îlet Vert,45.69997,-73.44767,,desc,b0046_0038.npz,1.0,1.0,3.4,-5.8,0.0,-5.8,2015,True,False,,,,25
180202,NW-C-1268-26,2026-05-06,Shallow Depth Confirmed,Port of Montreal,45.55937,-73.5131,,desc,b0046_0038.npz,1.0,1.0,0.9,-11.6,0.0,-11.6,2016,True,False,100.0,0.0,0.0,54
180202,NW-C-1268-26,2026-05-06,Shallow Depth Confirmed,Port of Montreal,45.55935,-73.51312,,desc,b0046_0038.npz,1.0,1.0,0.9,-11.6,0.0,-11.6,2016,True,False,100.0,0.0,0.0,54
180202,NW-C-1268-26,2026-05-06,Shallow Depth Confirmed,Port of Montreal,45.55937,-73.51315,,desc,b0046_0038.npz,1.0,1.0,0.9,-11.6,0.0,-11.6,2016,True,False,100.0,0.0,0.0,54
180202,NW-C-1268-26,2026-05-06,Shallow Depth Confirmed,Port of Montreal,45.55938,-73.51313,10.9,desc,b0046_0038.npz,1.0,1.0,0.9,-11.6,0.0,-11.6,2016,True,False,100.0,0.0,0.0,54
180208,NW-C-1273-26,2026-05-06,Shallow Depth Confirmed,Port of Montreal,45.55082,-73.51865,,desc,b0046_0038.npz,0.999,1.0,1.5,-11.4,0.0,-11.4,2016,True,False,100.0,0.0,0.0,54
180208,NW-C-1273-26,2026-05-06,Shallow Depth Confirmed,Port of Montreal,45.5508,-73.51867,,desc,b0046_0038.npz,0.999,1.0,1.5,-11.4,0.0,-11.4,2016,True,False,100.0,0.0,0.0,54
180208,NW-C-1273-26,2026-05-06,Shallow Depth Confirmed,Port of Montreal,45.55082,-73.51868,,desc,b0046_0038.npz,0.999,1.0,1.5,-11.4,0.0,-11.4,2016,True,False,100.0,0.0,0.0,54
180208,NW-C-1273-26,2026-05-06,Shallow Depth Confirmed,Port of Montreal,45.55083,-73.51868,10.9,desc,b0046_0038.npz,0.999,1.0,1.5,-11.4,0.0,-11.4,2016,True,False,100.0,0.0,0.0,54
180865,NW-C-1666-26,2026-05-20,Shallow Depth Confirmed,Montréal to Trois-Rivières,45.83768,-73.28067,,desc,b0046_0038.npz,1.0,1.0,4.7,-11.7,0.0,-11.7,2015,True,False,,,,0
180865,NW-C-1666-26,2026-05-20,Shallow Depth Confirmed,Montréal to Trois-Rivières,45.83702,-73.281,,desc,b0046_0038.npz,1.0,1.0,4.1,-11.3,0.0,-11.3,2015,True,False,,,,0
180865,NW-C-1666-26,2026-05-20,Shallow Depth Confirmed,Montréal to Trois-Rivières,45.83703,-73.28107,,desc,b0046_0038.npz,1.0,1.0,4.1,-11.3,0.0,-11.3,2015,True,False,,,,0
180865,NW-C-1666-26,2026-05-20,Shallow Depth Confirmed,Montréal to Trois-Rivières,45.8377,-73.28073,10.0,desc,b0046_0038.npz,1.0,1.0,4.7,-11.7,0.0,-11.7,2015,True,False,,,,0
181529,NW-C-2095-26,2026-06-02,Submerged Object,Lake Saint-Louis - west Vicinity Île Dowker,45.39783,-73.91617,,desc,b0046_0038.npz,1.0,1.0,1.8,-4.8,0.0,-4.8,2006,True,False,,,,18
181882,NW-C-2278-26,2026-06-11,Submerged Object,Port of Montreal Vicinity Section 16-17,45.506,-73.5495,3.0,desc,b0046_0038.npz,0.996,1.0,1.9,-8.6,0.11,-9.2,2016,True,False,100.0,0.0,0.0,54
182327,NW-C-2482-26,2026-06-22,Submerged Object,Montréal to Trois-Rivières Vicinity Tracy,46.0041,-73.17435,,desc,b0046_0038.npz,0.996,1.0,-0.3,-12.1,0.0,-12.1,2015,True,False,,,,0
182365,NW-C-2503-26,2026-06-23,Submerged Object,Lake of Two Mountains - west Vicinity Saint-Placide,45.52367,-74.17467,,desc,b0046_0038.npz,0.994,1.0,12.8,-0.6,0.0,-0.6,1970,True,False,93.4,79.6,0.0,152
182843,NW-C-2805-26,2026-07-03,Shallow Depth Confirmed,Montréal to Trois-Rivières,46.06138,-73.08768,,desc,b0046_0038.npz,1.0,1.0,-3.1,-7.0,0.0,-7.0,2013,True,False,,,,0
182843,NW-C-2805-26,2026-07-03,Shallow Depth Confirmed,Montréal to Trois-Rivières,46.06138,-73.08773,,desc,b0046_0038.npz,1.0,1.0,-3.1,-7.0,0.0,-7.0,2013,True,False,,,,0
182843,NW-C-2805-26,2026-07-03,Shallow Depth Confirmed,Montréal to Trois-Rivières,46.06143,-73.08773,,desc,b0046_0038.npz,1.0,1.0,-3.1,-7.0,0.0,-7.0,2013,True,False,,,,0
182843,NW-C-2805-26,2026-07-03,Shallow Depth Confirmed,Montréal to Trois-Rivières,46.06143,-73.0877,11.2,desc,b0046_0038.npz,1.0,1.0,-3.1,-7.0,0.0,-7.0,2013,True,False,,,,0
182959,NW-C-2869-26,2026-07-07,Shallow Depth Confirmed,Montréal to Trois-Rivières Vicinity Sorel-Tracy,46.0509,-73.11348,6.4,desc,b0046_0038.npz,1.0,1.0,1.4,-11.7,0.0,-11.7,2013,True,False,,,,0
182959,NW-C-2869-26,2026-07-07,Shallow Depth Confirmed,Montréal to Trois-Rivières Vicinity Sorel-Tracy,46.05067,-73.11333,5.3,desc,b0046_0038.npz,1.0,1.0,1.4,-11.7,0.0,-11.7,2013,True,False,,,,0
182959,NW-C-2869-26,2026-07-07,Shallow Depth Confirmed,Montréal to Trois-Rivières Vicinity Sorel-Tracy,46.05078,-73.11198,4.5,desc,b0046_0038.npz,1.0,1.0,1.7,-11.1,0.0,-11.1,2013,True,False,,,,0
183036,NW-C-2906-26,2026-07-09,Shallow Depth Reported,Lake Saint-Louis - west Vicinity Île Perrot,45.3909,-73.88432,1.2,desc,b0046_0038.npz,1.0,1.0,1.0,-3.0,0.0,-3.0,2001,True,False,94.7,75.4,0.0,57
183036,NW-C-2906-26,2026-07-09,Shallow Depth Reported,Lake Saint-Louis - west Vicinity Île Perrot,45.38955,-73.87788,0.4,desc,b0046_0038.npz,1.0,1.0,0.6,-2.7,0.0,-2.7,2001,True,False,95.8,80.6,0.0,72
183036,NW-C-2906-26,2026-07-09,Shallow Depth Reported,Lake Saint-Louis - west Vicinity Île Perrot,45.38573,-73.87048,0.4,desc,b0046_0038.npz,1.0,1.0,2.4,-1.3,0.0,-1.3,2001,True,False,95.8,100.0,0.0,72
183036,NW-C-2906-26,2026-07-09,Shallow Depth Reported,Lake Saint-Louis - west Vicinity Île Perrot,45.36888,-73.84327,0.6,desc,b0046_0038.npz,1.0,1.0,2.1,-0.9,0.0,-0.9,2006,True,False,95.8,100.0,0.0,72
183321,NW-C-3034-26,2026-07-17,Shallow Depth Confirmed,Port of Montreal,45.53583,-73.53147,,desc,b0046_0038.npz,0.998,1.0,-0.3,-11.3,0.0,-11.3,2016,True,False,100.0,0.0,0.0,54
183321,NW-C-3034-26,2026-07-17,Shallow Depth Confirmed,Port of Montreal,45.5357,-73.53158,,desc,b0046_0038.npz,0.999,1.0,0.6,-10.2,0.0,-10.2,2016,True,False,100.0,0.0,0.0,54
183321,NW-C-3034-26,2026-07-17,Shallow Depth Confirmed,Port of Montreal,45.53577,-73.53172,,desc,b0046_0038.npz,0.999,1.0,0.6,-10.2,0.0,-10.2,2016,True,False,100.0,0.0,0.0,54
183321,NW-C-3034-26,2026-07-17,Shallow Depth Confirmed,Port of Montreal,45.5359,-73.5316,10.3,desc,b0046_0038.npz,0.998,1.0,-0.3,-11.3,0.0,-11.3,2016,True,False,100.0,0.0,0.0,54
183322,NW-C-3035-26,2026-07-17,Shallow Depth Confirmed,Port of Montreal,45.53708,-73.53043,,desc,b0046_0038.npz,1.0,1.0,0.9,-11.3,0.0,-11.3,2016,True,False,100.0,0.0,0.0,54
183322,NW-C-3035-26,2026-07-17,Shallow Depth Confirmed,Port of Montreal,45.53705,-73.53045,,desc,b0046_0038.npz,1.0,1.0,0.9,-11.3,0.0,-11.3,2016,True,False,100.0,0.0,0.0,54
183322,NW-C-3035-26,2026-07-17,Shallow Depth Confirmed,Port of Montreal,45.53707,-73.53048,,desc,b0046_0038.npz,0.982,1.0,-1.7,-11.5,0.0,-11.5,2016,True,False,100.0,0.0,0.0,54
183322,NW-C-3035-26,2026-07-17,Shallow Depth Confirmed,Port of Montreal,45.53708,-73.53047,10.9,desc,b0046_0038.npz,0.982,1.0,-1.7,-11.5,0.0,-11.5,2016,True,False,100.0,0.0,0.0,54
183896,NW-C-3327-26,2026-08-01,Submerged Object,Montréal to Trois-Rivières Vicinity Rapides de Lachine,45.41833,-73.578,,desc,b0046_0038.npz,0.984,0.999,5.5,-7.5,1.29,-7.7,,True,False,100.0,0.0,0.0,54
184268,NW-C-3494-26,2026-08-11,Shallow Depth Confirmed,Montréal to Trois-Rivières,46.06138,-73.08738,,desc,b0046_0038.npz,1.0,1.0,-3.1,-7.0,0.0,-7.0,2013,True,False,,,,0
184268,NW-C-3494-26,2026-08-11,Shallow Depth Confirmed,Montréal to Trois-Rivières,46.06137,-73.08742,,desc,b0046_0038.npz,1.0,1.0,-3.1,-7.0,0.0,-7.0,2013,True,False,,,,0
184268,NW-C-3494-26,2026-08-11,Shallow Depth Confirmed,Montréal to Trois-Rivières,46.0614,-73.08742,,desc,b0046_0038.npz,1.0,1.0,-3.1,-7.0,0.0,-7.0,2013,True,False,,,,0
184268,NW-C-3494-26,2026-08-11,Shallow Depth Confirmed,Montréal to Trois-Rivières,46.0614,-73.0874,11.2,desc,b0046_0038.npz,1.0,1.0,-3.1,-7.0,0.0,-7.0,2013,True,False,,,,0
184269,NW-C-3495-26,2026-08-11,Shallow Depth Confirmed,Montréal to Trois-Rivières,46.06217,-73.07857,,desc,b0046_0038.npz,1.0,1.0,-2.4,-6.3,0.0,-6.3,2013,True,False,,,,0
184269,NW-C-3495-26,2026-08-11,Shallow Depth Confirmed,Montréal to Trois-Rivières,46.06192,-73.08143,,desc,b0046_0038.npz,1.0,1.0,-2.3,-7.0,0.0,-7.0,2013,True,False,,,,0
184269,NW-C-3495-26,2026-08-11,Shallow Depth Confirmed,Montréal to Trois-Rivières,46.06205,-73.08145,,desc,b0046_0038.npz,1.0,1.0,-2.9,-6.3,0.0,-6.3,2013,True,False,,,,0
184269,NW-C-3495-26,2026-08-11,Shallow Depth Confirmed,Montréal to Trois-Rivières,46.06232,-73.0786,10.9,desc,b0046_0038.npz,1.0,1.0,-2.4,-6.3,0.0,-6.3,2013,True,False,,,,0
184589,NW-C-3624-26,2026-08-19,Shallow Depth Confirmed,Montréal to Trois-Rivières,46.1754,-72.92058,,desc,b0046_0038.npz,1.0,1.0,0.5,-11.3,0.0,-11.3,1988,True,False,,,,0
184589,NW-C-3624-26,2026-08-19,Shallow Depth Confirmed,Montréal to Trois-Rivières,46.1752,-72.92087,,desc,b0046_0038.npz,1.0,1.0,1.6,-11.8,0.0,-11.8,1986,True,False,,,,0
184589,NW-C-3624-26,2026-08-19,Shallow Depth Confirmed,Montréal to Trois-Rivières,46.17535,-72.9211,,desc,b0046_0038.npz,1.0,1.0,1.6,-11.8,0.0,-11.8,1986,True,False,,,,0
184589,NW-C-3624-26,2026-08-19,Shallow Depth Confirmed,Montréal to Trois-Rivières,46.17555,-72.92082,10.7,desc,b0046_0038.npz,1.0,1.0,0.8,-8.8,0.0,-8.8,1986,True,False,,,,0
184590,NW-C-3623-26,2026-08-19,Shallow Depth Confirmed,Montréal to Trois-Rivières,46.17648,-72.9191,,desc,b0046_0038.npz,1.0,1.0,2.1,-11.8,0.0,-11.8,1988,True,False,,,,0
184590,NW-C-3623-26,2026-08-19,Shallow Depth Confirmed,Montréal to Trois-Rivières,46.17633,-72.9193,,desc,b0046_0038.npz,1.0,1.0,0.6,-11.4,0.0,-11.4,1988,True,False,,,,0
184590,NW-C-3623-26,2026-08-19,Shallow Depth Confirmed,Montréal to Trois-Rivières,46.17643,-72.91943,,desc,b0046_0038.npz,1.0,1.0,1.0,-8.4,0.0,-8.4,1988,True,False,,,,0
184590,NW-C-3623-26,2026-08-19,Shallow Depth Confirmed,Montréal to Trois-Rivières,46.17657,-72.91923,10.4,desc,b0046_0038.npz,1.0,1.0,2.1,-11.8,0.0,-11.8,1988,True,False,,,,0
184773,NW-C-3714-26,2026-08-25,Shallow Depth Confirmed,Montréal to Trois-Rivières,46.13397,-72.95612,,desc,b0046_0038.npz,1.0,1.0,2.8,-5.2,0.11,-1.5,1988,True,False,,,,0
184773,NW-C-3714-26,2026-08-25,Shallow Depth Confirmed,Montréal to Trois-Rivières,46.12803,-72.95808,,desc,b0046_0038.npz,1.0,1.0,1.4,-2.3,0.0,-2.3,1988,True,False,,,,0
184773,NW-C-3714-26,2026-08-25,Shallow Depth Confirmed,Montréal to Trois-Rivières,46.12807,-72.95825,,desc,b0046_0038.npz,1.0,1.0,1.4,-2.3,0.0,-2.3,1988,True,False,,,,0
184773,NW-C-3714-26,2026-08-25,Shallow Depth Confirmed,Montréal to Trois-Rivières,46.134,-72.95628,10.0,desc,b0046_0038.npz,1.0,1.0,2.8,-5.2,0.11,-1.5,1988,True,False,,,,0
184774,NW-C-3713-26,2026-08-25,Shallow Depth Confirmed,Montréal to Trois-Rivières,46.13118,-72.95613,,desc,b0046_0038.npz,1.0,1.0,3.4,-7.4,0.11,-2.5,1988,True,False,,,,0
184774,NW-C-3713-26,2026-08-25,Shallow Depth Confirmed,Montréal to Trois-Rivières,46.13115,-72.95615,,desc,b0046_0038.npz,1.0,1.0,3.4,-7.4,0.11,-2.5,1988,True,False,,,,0
184774,NW-C-3713-26,2026-08-25,Shallow Depth Confirmed,Montréal to Trois-Rivières,46.13115,-72.95618,,desc,b0046_0038.npz,1.0,1.0,3.4,-7.4,0.11,-2.5,1988,True,False,,,,0
184774,NW-C-3713-26,2026-08-25,Shallow Depth Confirmed,Montréal to Trois-Rivières,46.13118,-72.95617,10.7,desc,b0046_0038.npz,1.0,1.0,3.4,-7.4,0.11,-2.5,1988,True,False,,,,0
184786,NW-C-3724-26,2026-08-26,Shallow Depth Confirmed,Montréal to Trois-Rivières,46.124,-72.96015,,desc,b0046_0038.npz,1.0,1.0,2.6,-4.5,0.0,-4.5,1988,True,False,,,,0
184786,NW-C-3724-26,2026-08-26,Shallow Depth Confirmed,Montréal to Trois-Rivières,46.1238,-72.96022,,desc,b0046_0038.npz,1.0,1.0,1.7,-5.3,0.0,-5.3,1988,True,False,,,,0
184786,NW-C-3724-26,2026-08-26,Shallow Depth Confirmed,Montréal to Trois-Rivières,46.12383,-72.96052,,desc,b0046_0038.npz,1.0,1.0,1.7,-5.3,0.0,-5.3,1988,True,False,,,,0
184786,NW-C-3724-26,2026-08-26,Shallow Depth Confirmed,Montréal to Trois-Rivières,46.12405,-72.96045,11.2,desc,b0046_0038.npz,1.0,1.0,2.6,-4.5,0.0,-4.5,1988,True,False,,,,0
184836,NW-C-3755-26,2026-08-27,Shallow Depth Confirmed,Montréal to Trois-Rivières Port of Sorel-Tracy,46.04908,-73.11682,7.9,desc,b0046_0038.npz,1.0,1.0,2.1,-10.6,0.0,-10.6,2010,True,False,,,,0
184836,NW-C-3755-26,2026-08-27,Shallow Depth Confirmed,Montréal to Trois-Rivières Port of Sorel-Tracy,46.04983,-73.117,7.9,desc,b0046_0038.npz,1.0,1.0,0.0,-11.0,0.0,-11.0,2010,True,False,,,,0
184852,NW-C-3762-26,2026-08-27,Shallow Depth Confirmed,Montréal to Trois-Rivières Port of Sorel-Tracy Vicinity Sorel-Tracy,46.04962,-73.11353,3.6,desc,b0046_0038.npz,1.0,1.0,1.4,-10.3,0.0,-10.3,2013,True,False,,,,0
184852,NW-C-3762-26,2026-08-27,Shallow Depth Confirmed,Montréal to Trois-Rivières Port of Sorel-Tracy Vicinity Sorel-Tracy,46.05015,-73.11282,3.9,desc,b0046_0038.npz,1.0,1.0,3.2,-8.6,0.0,-8.6,2013,True,False,,,,0
184852,NW-C-3762-26,2026-08-27,Shallow Depth Confirmed,Montréal to Trois-Rivières Port of Sorel-Tracy Vicinity Sorel-Tracy,46.05113,-73.11033,4.9,desc,b0046_0038.npz,1.0,1.0,2.3,-10.1,0.0,-10.1,2013,True,False,,,,0
184852,NW-C-3762-26,2026-08-27,Shallow Depth Confirmed,Montréal to Trois-Rivières Port of Sorel-Tracy Vicinity Sorel-Tracy,46.05105,-73.11188,5.9,desc,b0046_0038.npz,1.0,1.0,1.7,-11.1,0.0,-11.1,2013,True,False,,,,0
184852,NW-C-3762-26,2026-08-27,Shallow Depth Confirmed,Montréal to Trois-Rivières Port of Sorel-Tracy Vicinity Sorel-Tracy,46.04908,-73.11237,6.9,desc,b0046_0038.npz,1.0,1.0,2.6,-6.4,0.0,-6.4,2013,True,False,,,,0
166718,NW-C-3398-24,2024-12-10,Shallow Depth Reported,Trois-Rivières to Donnacona Vicinity Port de Bécancour,46.40465,-72.37858,10.4,desc,b0046_0039.npz,1.0,1.0,0.8,-10.2,0.0,-10.2,2015,True,False,,,,0
166719,NW-C-3399-24,2024-12-10,Shallow Depth Reported,Trois-Rivières to Donnacona Vicinity Port de Bécancour,46.40302,-72.37928,10.3,desc,b0046_0039.npz,1.0,1.0,2.5,-8.1,0.11,-4.8,2015,True,False,,,,0
166721,NW-C-3401-24,2024-12-10,Shallow Depth Reported,Trois-Rivières to Donnacona Vicinity Port de Bécancour,46.40297,-72.37518,10.2,desc,b0046_0039.npz,1.0,1.0,2.7,-11.0,0.0,-11.0,2015,True,False,,,,0
178339,NW-C-0288-26,2025-05-27,Shallow Depth Confirmed,Trois-Rivières to Donnacona,46.40564,-72.3828,10.5,json,b0046_0039.npz,1.0,1.0,-0.7,-10.9,0.0,-10.9,2015,True,False,,,,0
178343,NW-C-0292-26,2025-07-04,Shallow Depth Confirmed,Trois-Rivières to Donnacona,46.61785,-71.95661,8.2,json,b0046_0039.npz,1.0,1.0,8.6,-13.5,0.0,-13.5,2008,True,False,95.0,100.0,0.0,60
178345,NW-C-0294-26,2025-07-04,Shallow Depth Confirmed,Trois-Rivières to Donnacona,46.62166,-71.94881,10.1,json,b0046_0039.npz,1.0,1.0,8.2,-11.2,0.0,-11.2,2008,True,False,98.3,100.0,0.0,60
178744,NW-C-0581-26,2026-03-13,Submerged Object,Port of Trois-Rivieres Vicinity Trois-Rivières,46.33653,-72.54176,3.0,json,b0046_0039.npz,0.905,1.0,-3.9,-13.0,0.11,-10.6,2015,True,False,,,,0
179825,NW-C-1111-26,2026-04-29,Shallow Depth Confirmed,Trois-Rivières to Donnacona,46.40388,-72.38328,8.7,json,b0046_0039.npz,1.0,1.0,-0.9,-5.5,0.0,-5.5,2015,True,False,,,,0
179838,NW-C-1112-26,2026-04-29,Shallow Depth Confirmed,Trois-Rivières to Donnacona,46.40383,-72.38353,7.7,json,b0046_0039.npz,1.0,1.0,-0.9,-5.5,0.0,-5.5,2015,True,False,,,,0
179843,NW-C-1110-26,2026-04-29,Shallow Depth Confirmed,Trois-Rivières to Donnacona,46.40403,-72.38297,10.0,json,b0046_0039.npz,1.0,1.0,-0.9,-5.5,0.0,-5.5,2015,True,False,,,,0
179854,NW-C-1121-26,2026-04-29,Shallow Depth Confirmed,Trois-Rivières to Donnacona,46.50947,-72.22805,10.0,json,b0046_0039.npz,0.997,1.0,-2.6,-9.3,0.0,-9.3,2015,True,False,,,,0
179855,NW-C-1122-26,2026-04-29,Shallow Depth Confirmed,Trois-Rivières to Donnacona,46.5104,-72.22828,9.5,json,b0046_0039.npz,0.999,1.0,-1.8,-6.9,0.0,-6.9,2015,True,False,,,,0
179856,NW-C-1123-26,2026-04-29,Shallow Depth Confirmed,Trois-Rivières to Donnacona,46.5101,-72.2294,9.3,json,b0046_0039.npz,0.999,1.0,-1.4,-7.4,0.0,-7.4,2015,True,False,,,,0
179857,NW-C-1124-26,2026-04-29,Shallow Depth Confirmed,Trois-Rivières to Donnacona,46.50983,-72.22993,8.8,json,b0046_0039.npz,1.0,1.0,1.1,-7.9,0.0,-7.9,2015,True,False,,,,0
179858,NW-C-1125-26,2026-04-29,Shallow Depth Confirmed,Trois-Rivières to Donnacona,46.50935,-72.23133,8.3,json,b0046_0039.npz,1.0,1.0,1.7,-8.3,0.0,-8.3,2015,True,False,,,,0
179901,NW-C-1130-26,2026-04-29,Shallow Depth Confirmed,Montréal to Trois-Rivières,46.2785,-72.60997,,desc,b0046_0039.npz,1.0,1.0,3.6,-11.6,0.0,-11.6,1989,True,False,,,,0
179901,NW-C-1130-26,2026-04-29,Shallow Depth Confirmed,Montréal to Trois-Rivières,46.27832,-72.61032,,desc,b0046_0039.npz,1.0,1.0,3.3,-13.2,0.0,-13.2,1989,True,False,,,,0
179901,NW-C-1130-26,2026-04-29,Shallow Depth Confirmed,Montréal to Trois-Rivières,46.27837,-72.61035,,desc,b0046_0039.npz,1.0,1.0,3.3,-13.2,0.0,-13.2,1989,True,False,,,,0
179901,NW-C-1130-26,2026-04-29,Shallow Depth Confirmed,Montréal to Trois-Rivières,46.27855,-72.61002,10.9,desc,b0046_0039.npz,1.0,1.0,3.6,-11.6,0.0,-11.6,1989,True,False,,,,0
179903,NW-C-1129-26,2026-04-29,Shallow Depth Confirmed,Montréal to Trois-Rivières,46.27937,-72.60845,,desc,b0046_0039.npz,1.0,1.0,3.8,-12.5,0.0,-12.5,2007,True,False,,,,0
179903,NW-C-1129-26,2026-04-29,Shallow Depth Confirmed,Montréal to Trois-Rivières,46.27935,-72.60847,,desc,b0046_0039.npz,1.0,1.0,3.8,-12.5,0.0,-12.5,2007,True,False,,,,0
179903,NW-C-1129-26,2026-04-29,Shallow Depth Confirmed,Montréal to Trois-Rivières,46.27937,-72.60848,,desc,b0046_0039.npz,1.0,1.0,3.8,-12.5,0.0,-12.5,2007,True,False,,,,0
179903,NW-C-1129-26,2026-04-29,Shallow Depth Confirmed,Montréal to Trois-Rivières,46.27938,-72.60847,11.1,desc,b0046_0039.npz,1.0,1.0,3.8,-12.5,0.0,-12.5,2007,True,False,,,,0
180494,NW-C-1446-26,2026-05-13,Shallow Depth Confirmed,Montréal to Trois-Rivières,46.20682,-72.82613,,desc,b0046_0039.npz,1.0,1.0,0.6,-5.2,0.0,-5.2,2006,True,False,,,,0
180494,NW-C-1446-26,2026-05-13,Shallow Depth Confirmed,Montréal to Trois-Rivières,46.20703,-72.8271,,desc,b0046_0039.npz,1.0,1.0,0.9,-10.7,0.0,-10.7,2006,True,False,,,,0
180494,NW-C-1446-26,2026-05-13,Shallow Depth Confirmed,Montréal to Trois-Rivières,46.20723,-72.827,,desc,b0046_0039.npz,1.0,1.0,0.9,-10.7,0.0,-10.7,2006,True,False,,,,0
180494,NW-C-1446-26,2026-05-13,Shallow Depth Confirmed,Montréal to Trois-Rivières,46.20702,-72.82605,9.3,desc,b0046_0039.npz,1.0,1.0,0.9,-10.7,0.0,-10.7,2006,True,False,,,,0
180495,NW-C-1445-26,2026-05-13,Shallow Depth Confirmed,Montréal to Trois-Rivières,46.20623,-72.82475,,desc,b0046_0039.npz,1.0,1.0,0.9,-5.6,0.0,-5.6,2006,True,False,,,,0
180495,NW-C-1445-26,2026-05-13,Shallow Depth Confirmed,Montréal to Trois-Rivières,46.20697,-72.82802,,desc,b0046_0039.npz,1.0,1.0,-0.3,-10.8,0.0,-10.8,2006,True,False,,,,0
180495,NW-C-1445-26,2026-05-13,Shallow Depth Confirmed,Montréal to Trois-Rivières,46.20723,-72.8279,,desc,b0046_0039.npz,1.0,1.0,-0.3,-10.8,0.0,-10.8,2006,True,False,,,,0
180495,NW-C-1445-26,2026-05-13,Shallow Depth Confirmed,Montréal to Trois-Rivières,46.20648,-72.82463,6.8,desc,b0046_0039.npz,1.0,1.0,0.9,-5.6,0.0,-5.6,2006,True,False,,,,0
180496,NW-C-1444-26,2026-05-13,Shallow Depth Confirmed,Montréal to Trois-Rivières,46.20547,-72.82138,,desc,b0046_0039.npz,1.0,1.0,0.7,-4.7,0.0,-4.7,2006,True,False,,,,0
180496,NW-C-1444-26,2026-05-13,Shallow Depth Confirmed,Montréal to Trois-Rivières,46.20623,-72.82475,,desc,b0046_0039.npz,1.0,1.0,0.9,-5.6,0.0,-5.6,2006,True,False,,,,0
180496,NW-C-1444-26,2026-05-13,Shallow Depth Confirmed,Montréal to Trois-Rivières,46.2066,-72.82458,,desc,b0046_0039.npz,1.0,1.0,0.9,-5.6,0.0,-5.6,2006,True,False,,,,0
180496,NW-C-1444-26,2026-05-13,Shallow Depth Confirmed,Montréal to Trois-Rivières,46.20583,-72.82122,6.3,desc,b0046_0039.npz,1.0,1.0,0.7,-4.7,0.0,-4.7,2006,True,False,,,,0
180497,NW-C-1443-26,2026-05-13,Shallow Depth Confirmed,Montréal to Trois-Rivières,46.20872,-72.8165,,desc,b0046_0039.npz,1.0,1.0,1.1,-10.4,0.0,-10.4,2006,True,False,,,,0
180497,NW-C-1443-26,2026-05-13,Shallow Depth Confirmed,Montréal to Trois-Rivières,46.20815,-72.81812,,desc,b0046_0039.npz,1.0,1.0,0.8,-10.9,0.0,-10.9,2006,True,False,,,,0
180497,NW-C-1443-26,2026-05-13,Shallow Depth Confirmed,Montréal to Trois-Rivières,46.20833,-72.81825,,desc,b0046_0039.npz,1.0,1.0,0.8,-10.9,0.0,-10.9,2006,True,False,,,,0
180497,NW-C-1443-26,2026-05-13,Shallow Depth Confirmed,Montréal to Trois-Rivières,46.2089,-72.81663,10.6,desc,b0046_0039.npz,1.0,1.0,0.9,-11.3,0.0,-11.3,2006,True,False,,,,0
180498,NW-C-1442-26,2026-05-13,Shallow Depth Confirmed,Montréal to Trois-Rivières,46.20855,-72.8161,,desc,b0046_0039.npz,1.0,1.0,0.8,-9.0,0.0,-9.0,2006,True,False,,,,0
180498,NW-C-1442-26,2026-05-13,Shallow Depth Confirmed,Montréal to Trois-Rivières,46.20647,-72.82202,,desc,b0046_0039.npz,1.0,1.0,1.1,-8.6,0.0,-8.6,2006,True,False,,,,0
180498,NW-C-1442-26,2026-05-13,Shallow Depth Confirmed,Montréal to Trois-Rivières,46.20667,-72.82217,,desc,b0046_0039.npz,1.0,1.0,1.1,-8.6,0.0,-8.6,2006,True,False,,,,0
180498,NW-C-1442-26,2026-05-13,Shallow Depth Confirmed,Montréal to Trois-Rivières,46.20875,-72.81625,10.0,desc,b0046_0039.npz,1.0,1.0,0.1,-10.8,0.0,-10.8,2006,True,False,,,,0
180499,NW-C-1441-26,2026-05-13,Shallow Depth Confirmed,Montréal to Trois-Rivières,46.21132,-72.80715,,desc,b0046_0039.npz,1.0,1.0,0.4,-8.9,0.0,-8.9,2006,True,False,,,,0
180499,NW-C-1441-26,2026-05-13,Shallow Depth Confirmed,Montréal to Trois-Rivières,46.20615,-72.82178,,desc,b0046_0039.npz,1.0,1.0,-0.3,-8.6,0.0,-8.6,2006,True,False,,,,0
180499,NW-C-1441-26,2026-05-13,Shallow Depth Confirmed,Montréal to Trois-Rivières,46.2065,-72.82205,,desc,b0046_0039.npz,1.0,1.0,1.1,-8.6,0.0,-8.6,2006,True,False,,,,0
180499,NW-C-1441-26,2026-05-13,Shallow Depth Confirmed,Montréal to Trois-Rivières,46.21167,-72.80742,9.2,desc,b0046_0039.npz,1.0,1.0,0.6,-10.9,0.0,-10.9,2006,True,False,,,,0
180500,NW-C-1439-26,2026-05-13,Shallow Depth Confirmed,Montréal to Trois-Rivières,46.21087,-72.80727,,desc,b0046_0039.npz,1.0,1.0,0.4,-8.9,0.0,-8.9,2006,True,False,,,,0
180500,NW-C-1439-26,2026-05-13,Shallow Depth Confirmed,Montréal to Trois-Rivières,46.20582,-72.82155,,desc,b0046_0039.npz,1.0,1.0,0.7,-4.7,0.0,-4.7,2006,True,False,,,,0
180500,NW-C-1439-26,2026-05-13,Shallow Depth Confirmed,Montréal to Trois-Rivières,46.20617,-72.8218,,desc,b0046_0039.npz,1.0,1.0,-0.3,-8.6,0.0,-8.6,2006,True,False,,,,0
180500,NW-C-1439-26,2026-05-13,Shallow Depth Confirmed,Montréal to Trois-Rivières,46.21122,-72.80753,8.4,desc,b0046_0039.npz,1.0,1.0,0.4,-8.9,0.0,-8.9,2006,True,False,,,,0
180501,NW-C-1438-26,2026-05-13,Shallow Depth Confirmed,Montréal to Trois-Rivières,46.2106,-72.80768,,desc,b0046_0039.npz,1.0,1.0,1.1,-5.0,0.0,-5.0,2006,True,False,,,,0
180501,NW-C-1438-26,2026-05-13,Shallow Depth Confirmed,Montréal to Trois-Rivières,46.20572,-72.82147,,desc,b0046_0039.npz,1.0,1.0,0.7,-4.7,0.0,-4.7,2006,True,False,,,,0
180501,NW-C-1438-26,2026-05-13,Shallow Depth Confirmed,Montréal to Trois-Rivières,46.20583,-72.82155,,desc,b0046_0039.npz,1.0,1.0,0.7,-4.7,0.0,-4.7,2006,True,False,,,,0
180501,NW-C-1438-26,2026-05-13,Shallow Depth Confirmed,Montréal to Trois-Rivières,46.2107,-72.80777,7.4,desc,b0046_0039.npz,1.0,1.0,0.4,-8.9,0.0,-8.9,2006,True,False,,,,0
180502,NW-C-1437-26,2026-05-13,Shallow Depth Confirmed,Montréal to Trois-Rivières,46.21082,-72.8111,,desc,b0046_0039.npz,1.0,1.0,0.4,-11.4,0.0,-11.4,2006,True,False,,,,0
180502,NW-C-1437-26,2026-05-13,Shallow Depth Confirmed,Montréal to Trois-Rivières,46.21082,-72.81113,,desc,b0046_0039.npz,1.0,1.0,0.4,-11.4,0.0,-11.4,2006,True,False,,,,0
180502,NW-C-1437-26,2026-05-13,Shallow Depth Confirmed,Montréal to Trois-Rivières,46.21083,-72.81115,,desc,b0046_0039.npz,1.0,1.0,0.4,-11.4,0.0,-11.4,2006,True,False,,,,0
180502,NW-C-1437-26,2026-05-13,Shallow Depth Confirmed,Montréal to Trois-Rivières,46.21085,-72.81112,10.6,desc,b0046_0039.npz,1.0,1.0,0.4,-11.4,0.0,-11.4,2006,True,False,,,,0
180503,NW-C-1436-26,2026-05-13,Shallow Depth Confirmed,Montréal to Trois-Rivières,46.20635,-72.82192,,desc,b0046_0039.npz,1.0,1.0,1.1,-8.6,0.0,-8.6,2006,True,False,,,,0
180503,NW-C-1436-26,2026-05-13,Shallow Depth Confirmed,Montréal to Trois-Rivières,46.20655,-72.8228,,desc,b0046_0039.npz,1.0,1.0,1.1,-8.6,0.0,-8.6,2006,True,False,,,,0
180503,NW-C-1436-26,2026-05-13,Shallow Depth Confirmed,Montréal to Trois-Rivières,46.2068,-72.82268,,desc,b0046_0039.npz,1.0,1.0,1.1,-8.6,0.0,-8.6,2006,True,False,,,,0
180503,NW-C-1436-26,2026-05-13,Shallow Depth Confirmed,Montréal to Trois-Rivières,46.2066,-72.8218,9.6,desc,b0046_0039.npz,1.0,1.0,-0.3,-8.6,0.0,-8.6,2006,True,False,,,,0
180504,NW-C-1435-26,2026-05-13,Shallow Depth Confirmed,Montréal to Trois-Rivières,46.2059,-72.8216,,desc,b0046_0039.npz,1.0,1.0,-0.3,-8.6,0.0,-8.6,2006,True,False,,,,0
180504,NW-C-1435-26,2026-05-13,Shallow Depth Confirmed,Montréal to Trois-Rivières,46.20637,-72.82362,,desc,b0046_0039.npz,1.0,1.0,1.0,-7.4,0.0,-7.4,2006,True,False,,,,0
180504,NW-C-1435-26,2026-05-13,Shallow Depth Confirmed,Montréal to Trois-Rivières,46.2067,-72.82347,,desc,b0046_0039.npz,1.0,1.0,1.0,-7.4,0.0,-7.4,2006,True,False,,,,0
180504,NW-C-1435-26,2026-05-13,Shallow Depth Confirmed,Montréal to Trois-Rivières,46.20625,-72.82145,8.3,desc,b0046_0039.npz,1.0,1.0,-0.3,-8.6,0.0,-8.6,2006,True,False,,,,0
180988,NW-C-1735-26,2026-05-22,Shallow Depth Confirmed,Trois-Rivières to Donnacona,46.56697,-72.06897,,desc,b0046_0039.npz,1.0,1.0,-1.0,-6.8,0.0,-6.8,2015,True,False,98.3,100.0,0.0,60
180988,NW-C-1735-26,2026-05-22,Shallow Depth Confirmed,Trois-Rivières to Donnacona,46.56667,-72.071,,desc,b0046_0039.npz,1.0,1.0,-0.2,-3.9,0.0,-3.9,2015,True,False,98.3,100.0,0.0,60
180988,NW-C-1735-26,2026-05-22,Shallow Depth Confirmed,Trois-Rivières to Donnacona,46.5667,-72.07102,,desc,b0046_0039.npz,1.0,1.0,-0.2,-3.9,0.0,-3.9,2015,True,False,98.3,100.0,0.0,60
180988,NW-C-1735-26,2026-05-22,Shallow Depth Confirmed,Trois-Rivières to Donnacona,46.567,-72.06898,8.3,desc,b0046_0039.npz,1.0,1.0,-1.0,-6.8,0.0,-6.8,2015,True,False,98.3,100.0,0.0,60
181251,NW-C-1934-26,2026-05-26,Shallow Depth Confirmed,Port of Trois-Rivieres,46.3403,-72.5389,,desc,b0046_0039.npz,0.956,0.999,-1.2,-9.0,0.11,-6.6,2015,True,False,,,,0
181251,NW-C-1934-26,2026-05-26,Shallow Depth Confirmed,Port of Trois-Rivieres,46.34073,-72.53817,,desc,b0046_0039.npz,0.956,0.999,-1.2,-9.0,0.11,-6.6,2015,True,False,,,,0
181251,NW-C-1934-26,2026-05-26,Shallow Depth Confirmed,Port of Trois-Rivieres,46.34067,-72.53807,,desc,b0046_0039.npz,0.956,0.999,-1.2,-9.0,0.11,-6.6,2015,True,False,,,,0
181251,NW-C-1934-26,2026-05-26,Shallow Depth Confirmed,Port of Trois-Rivieres,46.34023,-72.5388,9.3,desc,b0046_0039.npz,0.956,0.999,-1.2,-9.0,0.11,-6.6,2015,True,False,,,,0
181932,NW-C-2303-26,2026-06-11,Shallow Depth Confirmed,Trois-Rivières to Donnacona,46.64882,-71.90888,,desc,b0046_0039.npz,1.0,1.0,8.0,0.3,0.0,0.3,2008,True,False,99.0,100.0,0.0,102
181932,NW-C-2303-26,2026-06-11,Shallow Depth Confirmed,Trois-Rivières to Donnacona,46.6488,-71.9089,,desc,b0046_0039.npz,1.0,1.0,8.0,0.3,0.0,0.3,2008,True,False,99.0,100.0,0.0,102
181932,NW-C-2303-26,2026-06-11,Shallow Depth Confirmed,Trois-Rivières to Donnacona,46.64882,-71.90893,,desc,b0046_0039.npz,1.0,1.0,8.0,0.3,0.0,0.3,2008,True,False,99.0,100.0,0.0,102
181932,NW-C-2303-26,2026-06-11,Shallow Depth Confirmed,Trois-Rivières to Donnacona,46.64883,-71.90892,10.4,desc,b0046_0039.npz,1.0,1.0,8.0,0.3,0.0,0.3,2008,True,False,99.0,100.0,0.0,102
182142,NW-C-2407-26,2026-06-17,Shallow Depth Confirmed,Montréal to Trois-Rivières,46.2571,-72.71657,,desc,b0046_0039.npz,1.0,1.0,-1.7,-10.0,0.0,-10.0,1986,True,False,,,,0
182142,NW-C-2407-26,2026-06-17,Shallow Depth Confirmed,Montréal to Trois-Rivières,46.2573,-72.71595,,desc,b0046_0039.npz,1.0,1.0,-1.1,-11.5,0.0,-11.5,1986,True,False,,,,0
182142,NW-C-2407-26,2026-06-17,Shallow Depth Confirmed,Montréal to Trois-Rivières,46.25723,-72.71592,,desc,b0046_0039.npz,1.0,1.0,-1.7,-7.6,0.0,-7.6,1986,True,False,,,,0
182142,NW-C-2407-26,2026-06-17,Shallow Depth Confirmed,Montréal to Trois-Rivières,46.25703,-72.71652,11.0,desc,b0046_0039.npz,1.0,1.0,-1.7,-10.0,0.0,-10.0,1986,True,False,,,,0
182143,NW-C-2408-26,2026-06-17,Shallow Depth Confirmed,Montréal to Trois-Rivières,46.26452,-72.70282,,desc,b0046_0039.npz,1.0,1.0,0.3,-4.3,0.0,-4.3,1986,True,False,,,,0
182143,NW-C-2408-26,2026-06-17,Shallow Depth Confirmed,Montréal to Trois-Rivières,46.26533,-72.7002,,desc,b0046_0039.npz,1.0,1.0,0.5,-3.3,0.0,-3.3,1986,True,False,,,,0
182143,NW-C-2408-26,2026-06-17,Shallow Depth Confirmed,Montréal to Trois-Rivières,46.26515,-72.70008,,desc,b0046_0039.npz,1.0,1.0,0.5,-3.3,0.0,-3.3,1986,True,False,,,,0
182143,NW-C-2408-26,2026-06-17,Shallow Depth Confirmed,Montréal to Trois-Rivières,46.26432,-72.70268,10.1,desc,b0046_0039.npz,1.0,1.0,0.3,-4.3,0.0,-4.3,1986,True,False,,,,0
183241,NW-C-2999-26,2026-07-15,Shallow Depth Confirmed,Beauport to L'Isle-aux-Coudres,47.07635,-70.72912,,desc,b0046_0039.npz,0.941,0.996,-1.8,-12.5,0.0,-12.5,2006,True,False,87.8,100.0,0.0,931
183241,NW-C-2999-26,2026-07-15,Shallow Depth Confirmed,Beauport to L'Isle-aux-Coudres,47.07552,-70.72965,,desc,b0046_0039.npz,0.953,0.997,-1.6,-12.1,0.0,-12.1,2006,True,False,88.9,100.0,0.0,934
183241,NW-C-2999-26,2026-07-15,Shallow Depth Confirmed,Beauport to L'Isle-aux-Coudres,47.0757,-70.73027,,desc,b0046_0039.npz,0.917,0.996,-3.1,-12.0,0.0,-12.0,2006,True,False,85.9,100.0,0.0,936
183241,NW-C-2999-26,2026-07-15,Shallow Depth Confirmed,Beauport to L'Isle-aux-Coudres,47.07653,-70.72972,11.8,desc,b0046_0039.npz,0.941,0.996,-1.8,-12.5,0.0,-12.5,2006,True,False,87.8,100.0,0.0,931
183320,NW-C-3033-26,2026-07-17,Shallow Depth Confirmed,Beauport to L'Isle-aux-Coudres,47.0782,-70.72838,,desc,b0046_0039.npz,0.91,0.997,-3.1,-12.7,0.0,-12.7,2006,True,False,85.6,100.0,0.0,925
183320,NW-C-3033-26,2026-07-17,Shallow Depth Confirmed,Beauport to L'Isle-aux-Coudres,47.07703,-70.72913,,desc,b0046_0039.npz,0.941,0.996,-1.8,-12.5,0.0,-12.5,2006,True,False,87.8,100.0,0.0,931
183320,NW-C-3033-26,2026-07-17,Shallow Depth Confirmed,Beauport to L'Isle-aux-Coudres,47.07708,-70.72927,,desc,b0046_0039.npz,0.941,0.996,-1.8,-12.5,0.0,-12.5,2006,True,False,87.8,100.0,0.0,931
183320,NW-C-3033-26,2026-07-17,Shallow Depth Confirmed,Beauport to L'Isle-aux-Coudres,47.07825,-70.72852,12.3,desc,b0046_0039.npz,0.91,0.997,-3.1,-12.7,0.0,-12.7,2006,True,False,85.6,100.0,0.0,925
183701,NW-C-3216-26,2026-07-28,Shallow Depth Confirmed,Trois-Rivières to Donnacona,46.56528,-72.1069,,desc,b0046_0039.npz,1.0,1.0,1.4,-9.5,0.0,-9.5,2015,True,False,98.3,100.0,0.0,60
183701,NW-C-3216-26,2026-07-28,Shallow Depth Confirmed,Trois-Rivières to Donnacona,46.56528,-72.1071,,desc,b0046_0039.npz,1.0,1.0,1.4,-9.5,0.0,-9.5,2015,True,False,98.3,100.0,0.0,60
183701,NW-C-3216-26,2026-07-28,Shallow Depth Confirmed,Trois-Rivières to Donnacona,46.56533,-72.1071,,desc,b0046_0039.npz,1.0,1.0,-0.1,-8.0,0.0,-8.0,2015,True,False,98.3,100.0,0.0,60
183701,NW-C-3216-26,2026-07-28,Shallow Depth Confirmed,Trois-Rivières to Donnacona,46.56533,-72.1069,10.5,desc,b0046_0039.npz,1.0,1.0,-0.1,-8.0,0.0,-8.0,2015,True,False,98.3,100.0,0.0,60
183713,NW-C-3220-26,2026-07-28,Shallow Depth Confirmed,Trois-Rivières to Donnacona,46.50085,-72.2284,,desc,b0046_0039.npz,1.0,1.0,3.1,-12.6,0.0,-12.6,2015,True,False,,,,0
183713,NW-C-3220-26,2026-07-28,Shallow Depth Confirmed,Trois-Rivières to Donnacona,46.50043,-72.2286,,desc,b0046_0039.npz,1.0,1.0,2.6,-12.7,0.0,-12.7,2015,True,False,,,,0
183713,NW-C-3220-26,2026-07-28,Shallow Depth Confirmed,Trois-Rivières to Donnacona,46.50048,-72.22878,,desc,b0046_0039.npz,1.0,1.0,2.6,-12.7,0.0,-12.7,2015,True,False,,,,0
183713,NW-C-3220-26,2026-07-28,Shallow Depth Confirmed,Trois-Rivières to Donnacona,46.5009,-72.2286,9.3,desc,b0046_0039.npz,1.0,1.0,2.6,-12.7,0.0,-12.7,2015,True,False,,,,0
183747,NW-C-3232-26,2026-07-29,Shallow Depth Confirmed,Trois-Rivières to Donnacona,46.63127,-71.92983,,desc,b0046_0039.npz,1.0,1.0,4.2,-9.8,0.0,-9.8,2008,True,False,99.0,100.0,0.0,98
183747,NW-C-3232-26,2026-07-29,Shallow Depth Confirmed,Trois-Rivières to Donnacona,46.63122,-71.92995,,desc,b0046_0039.npz,1.0,1.0,4.2,-9.8,0.0,-9.8,2008,True,False,99.0,100.0,0.0,98
183747,NW-C-3232-26,2026-07-29,Shallow Depth Confirmed,Trois-Rivières to Donnacona,46.63123,-71.92995,,desc,b0046_0039.npz,1.0,1.0,4.2,-9.8,0.0,-9.8,2008,True,False,99.0,100.0,0.0,98
183747,NW-C-3232-26,2026-07-29,Shallow Depth Confirmed,Trois-Rivières to Donnacona,46.63128,-71.92985,10.5,desc,b0046_0039.npz,1.0,1.0,4.2,-9.8,0.0,-9.8,2008,True,False,99.0,100.0,0.0,98
184009,NW-C-3394-26,2026-08-05,Shallow Depth Confirmed,Trois-Rivières to Donnacona,46.38578,-72.43117,,desc,b0046_0039.npz,1.0,1.0,-1.8,-3.5,0.0,-3.5,2015,True,False,,,,0
184009,NW-C-3394-26,2026-08-05,Shallow Depth Confirmed,Trois-Rivières to Donnacona,46.38732,-72.42788,,desc,b0046_0039.npz,1.0,1.0,-1.8,-4.2,0.0,-4.2,2015,True,False,,,,0
184009,NW-C-3394-26,2026-08-05,Shallow Depth Confirmed,Trois-Rivières to Donnacona,46.3872,-72.42777,,desc,b0046_0039.npz,1.0,1.0,-1.8,-4.2,0.0,-4.2,2015,True,False,,,,0
184009,NW-C-3394-26,2026-08-05,Shallow Depth Confirmed,Trois-Rivières to Donnacona,46.38567,-72.43105,9.9,desc,b0046_0039.npz,1.0,1.0,-1.8,-3.5,0.0,-3.5,2015,True,False,,,,0
184408,NW-C-3538-26,2026-08-13,Shallow Depth Confirmed,Beauport to L'Isle-aux-Coudres,47.01397,-70.78125,,desc,b0046_0039.npz,0.999,1.0,-1.9,-15.9,0.0,-15.9,2009,True,False,88.8,100.0,0.0,607
184408,NW-C-3538-26,2026-08-13,Shallow Depth Confirmed,Beauport to L'Isle-aux-Coudres,47.01392,-70.7813,,desc,b0046_0039.npz,0.999,1.0,-1.9,-15.9,0.0,-15.9,2009,True,False,88.8,100.0,0.0,607
184408,NW-C-3538-26,2026-08-13,Shallow Depth Confirmed,Beauport to L'Isle-aux-Coudres,47.01395,-70.78137,,desc,b0046_0039.npz,0.999,1.0,-1.9,-15.9,0.0,-15.9,2009,True,False,88.8,100.0,0.0,607
184408,NW-C-3538-26,2026-08-13,Shallow Depth Confirmed,Beauport to L'Isle-aux-Coudres,47.01398,-70.78132,12.4,desc,b0046_0039.npz,0.999,1.0,-1.9,-15.9,0.0,-15.9,2009,True,False,88.8,100.0,0.0,607
184409,NW-C-3539-26,2026-08-13,Shallow Depth Confirmed,Beauport to L'Isle-aux-Coudres,47.0173,-70.77833,,desc,b0046_0039.npz,1.0,1.0,-1.0,-13.6,0.0,-13.6,2006,True,False,89.0,100.0,0.0,584
184409,NW-C-3539-26,2026-08-13,Shallow Depth Confirmed,Beauport to L'Isle-aux-Coudres,47.01727,-70.77837,,desc,b0046_0039.npz,1.0,1.0,-1.0,-13.6,0.0,-13.6,2006,True,False,89.0,100.0,0.0,584
184409,NW-C-3539-26,2026-08-13,Shallow Depth Confirmed,Beauport to L'Isle-aux-Coudres,47.01733,-70.77852,,desc,b0046_0039.npz,1.0,1.0,-1.0,-13.6,0.0,-13.6,2006,True,False,89.0,100.0,0.0,584
184409,NW-C-3539-26,2026-08-13,Shallow Depth Confirmed,Beauport to L'Isle-aux-Coudres,47.01737,-70.77848,12.3,desc,b0046_0039.npz,1.0,1.0,-1.0,-13.6,0.0,-13.6,2006,True,False,89.0,100.0,0.0,584
184410,NW-C-3540-26,2026-08-13,Shallow Depth Confirmed,Beauport to L'Isle-aux-Coudres,47.02807,-70.76907,,desc,b0046_0039.npz,0.999,1.0,-0.2,-12.1,0.0,-12.1,2008,True,False,87.1,100.0,0.0,526
184410,NW-C-3540-26,2026-08-13,Shallow Depth Confirmed,Beauport to L'Isle-aux-Coudres,47.02805,-70.76908,,desc,b0046_0039.npz,0.999,1.0,-0.2,-12.1,0.0,-12.1,2008,True,False,87.1,100.0,0.0,526
184410,NW-C-3540-26,2026-08-13,Shallow Depth Confirmed,Beauport to L'Isle-aux-Coudres,47.02807,-70.76912,,desc,b0046_0039.npz,0.999,1.0,-0.2,-12.1,0.0,-12.1,2008,True,False,87.1,100.0,0.0,526
184410,NW-C-3540-26,2026-08-13,Shallow Depth Confirmed,Beauport to L'Isle-aux-Coudres,47.02808,-70.76912,12.4,desc,b0046_0039.npz,0.999,1.0,-0.2,-12.1,0.0,-12.1,2008,True,False,87.1,100.0,0.0,526
184411,NW-C-3541-26,2026-08-13,Shallow Depth Confirmed,Beauport to L'Isle-aux-Coudres,47.03092,-70.766,,desc,b0046_0039.npz,0.999,1.0,0.5,-11.9,0.0,-11.9,2008,True,False,87.4,100.0,0.0,538
184411,NW-C-3541-26,2026-08-13,Shallow Depth Confirmed,Beauport to L'Isle-aux-Coudres,47.0309,-70.76602,,desc,b0046_0039.npz,0.999,1.0,0.5,-11.9,0.0,-11.9,2008,True,False,87.4,100.0,0.0,538
184411,NW-C-3541-26,2026-08-13,Shallow Depth Confirmed,Beauport to L'Isle-aux-Coudres,47.03093,-70.76608,,desc,b0046_0039.npz,0.999,1.0,0.5,-11.9,0.0,-11.9,2008,True,False,87.4,100.0,0.0,538
184411,NW-C-3541-26,2026-08-13,Shallow Depth Confirmed,Beauport to L'Isle-aux-Coudres,47.03095,-70.76607,12.4,desc,b0046_0039.npz,0.999,1.0,0.5,-11.9,0.0,-11.9,2008,True,False,87.4,100.0,0.0,538
184412,NW-C-3542-26,2026-08-13,Shallow Depth Confirmed,Beauport to L'Isle-aux-Coudres,47.03185,-70.76418,,desc,b0046_0039.npz,1.0,1.0,1.6,-13.0,0.0,-13.0,2008,True,False,88.3,100.0,0.0,546
184412,NW-C-3542-26,2026-08-13,Shallow Depth Confirmed,Beauport to L'Isle-aux-Coudres,47.03178,-70.76425,,desc,b0046_0039.npz,1.0,1.0,1.6,-13.0,0.0,-13.0,2008,True,False,88.3,100.0,0.0,546
184412,NW-C-3542-26,2026-08-13,Shallow Depth Confirmed,Beauport to L'Isle-aux-Coudres,47.03187,-70.76442,,desc,b0046_0039.npz,1.0,1.0,1.6,-13.0,0.0,-13.0,2008,True,False,88.3,100.0,0.0,546
184412,NW-C-3542-26,2026-08-13,Shallow Depth Confirmed,Beauport to L'Isle-aux-Coudres,47.03193,-70.76435,12.2,desc,b0046_0039.npz,1.0,1.0,1.6,-13.0,0.0,-13.0,2008,True,False,88.3,100.0,0.0,546
184413,NW-C-3543-26,2026-08-13,Shallow Depth Confirmed,Beauport to L'Isle-aux-Coudres,47.03277,-70.76778,,desc,b0046_0039.npz,1.0,1.0,2.1,-9.9,0.0,-9.9,2006,True,False,90.1,100.0,0.0,543
184413,NW-C-3543-26,2026-08-13,Shallow Depth Confirmed,Beauport to L'Isle-aux-Coudres,47.03272,-70.76783,,desc,b0046_0039.npz,1.0,1.0,2.1,-9.9,0.0,-9.9,2006,True,False,90.1,100.0,0.0,543
184413,NW-C-3543-26,2026-08-13,Shallow Depth Confirmed,Beauport to L'Isle-aux-Coudres,47.03278,-70.76795,,desc,b0046_0039.npz,1.0,1.0,2.1,-9.9,0.0,-9.9,2006,True,False,90.1,100.0,0.0,543
184413,NW-C-3543-26,2026-08-13,Shallow Depth Confirmed,Beauport to L'Isle-aux-Coudres,47.03282,-70.7679,12.2,desc,b0046_0039.npz,1.0,1.0,2.1,-9.9,0.0,-9.9,2006,True,False,90.1,100.0,0.0,543
184438,NW-C-3553-26,2026-08-14,Shallow Depth Confirmed,Beauport to L'Isle-aux-Coudres,47.00765,-70.78822,,desc,b0046_0039.npz,1.0,1.0,-1.1,-13.8,0.0,-13.8,2009,True,False,91.7,100.0,0.0,647
184438,NW-C-3553-26,2026-08-14,Shallow Depth Confirmed,Beauport to L'Isle-aux-Coudres,47.00763,-70.78823,,desc,b0046_0039.npz,1.0,1.0,-1.1,-13.8,0.0,-13.8,2009,True,False,91.7,100.0,0.0,647
184438,NW-C-3553-26,2026-08-14,Shallow Depth Confirmed,Beauport to L'Isle-aux-Coudres,47.00765,-70.78827,,desc,b0046_0039.npz,1.0,1.0,-1.1,-13.8,0.0,-13.8,2009,True,False,91.7,100.0,0.0,647
184438,NW-C-3553-26,2026-08-14,Shallow Depth Confirmed,Beauport to L'Isle-aux-Coudres,47.00767,-70.78825,12.4,desc,b0046_0039.npz,1.0,1.0,-1.1,-13.8,0.0,-13.8,2009,True,False,91.7,100.0,0.0,647
184607,NW-C-3632-26,2026-08-19,Shallow Depth Reported,Port of Trois-Rivieres Vicinity Port of Trois-Rivières,46.33,-72.54672,10.6,json,b0046_0039.npz,0.992,1.0,1.7,-12.8,0.11,-10.4,2015,True,False,,,,0
184807,NW-C-3733-26,2026-08-26,Shallow Depth Confirmed,Trois-Rivières to Donnacona,46.41112,-72.38613,,desc,b0046_0039.npz,1.0,1.0,4.0,-7.1,0.0,-7.1,2015,True,False,,,,0
184807,NW-C-3733-26,2026-08-26,Shallow Depth Confirmed,Trois-Rivières to Donnacona,46.41107,-72.38623,,desc,b0046_0039.npz,1.0,1.0,4.0,-7.1,0.0,-7.1,2015,True,False,,,,0
184807,NW-C-3733-26,2026-08-26,Shallow Depth Confirmed,Trois-Rivières to Donnacona,46.41113,-72.38632,,desc,b0046_0039.npz,1.0,1.0,4.0,-7.1,0.0,-7.1,2015,True,False,,,,0
184807,NW-C-3733-26,2026-08-26,Shallow Depth Confirmed,Trois-Rivières to Donnacona,46.41118,-72.38622,11.0,desc,b0046_0039.npz,1.0,1.0,4.0,-7.1,0.0,-7.1,2015,True,False,,,,0
184808,NW-C-3734-26,2026-08-26,Shallow Depth Confirmed,Trois-Rivières to Donnacona,46.4118,-72.38103,,desc,b0046_0039.npz,1.0,1.0,2.0,-11.9,0.0,-11.9,2015,True,False,,,,0
184808,NW-C-3734-26,2026-08-26,Shallow Depth Confirmed,Trois-Rivières to Donnacona,46.41172,-72.38117,,desc,b0046_0039.npz,1.0,1.0,2.0,-11.9,0.0,-11.9,2015,True,False,,,,0
184808,NW-C-3734-26,2026-08-26,Shallow Depth Confirmed,Trois-Rivières to Donnacona,46.41187,-72.38135,,desc,b0046_0039.npz,1.0,1.0,2.0,-11.9,0.0,-11.9,2015,True,False,,,,0
184808,NW-C-3734-26,2026-08-26,Shallow Depth Confirmed,Trois-Rivières to Donnacona,46.41195,-72.38122,10.9,desc,b0046_0039.npz,1.0,1.0,2.0,-11.9,0.0,-11.9,2015,True,False,,,,0
184809,NW-C-3735-26,2026-08-26,Shallow Depth Confirmed,Trois-Rivières to Donnacona,46.40923,-72.38858,,desc,b0046_0039.npz,1.0,1.0,3.4,-8.8,0.0,-8.8,2015,True,False,,,,0
184809,NW-C-3735-26,2026-08-26,Shallow Depth Confirmed,Trois-Rivières to Donnacona,46.40918,-72.38868,,desc,b0046_0039.npz,1.0,1.0,3.4,-8.8,0.0,-8.8,2015,True,False,,,,0
184809,NW-C-3735-26,2026-08-26,Shallow Depth Confirmed,Trois-Rivières to Donnacona,46.40932,-72.38885,,desc,b0046_0039.npz,1.0,1.0,3.4,-8.8,0.0,-8.8,2015,True,False,,,,0
184809,NW-C-3735-26,2026-08-26,Shallow Depth Confirmed,Trois-Rivières to Donnacona,46.40938,-72.38875,11.1,desc,b0046_0039.npz,1.0,1.0,3.4,-8.8,0.0,-8.8,2015,True,False,,,,0
184816,NW-C-3737-26,2026-08-27,Shallow Depth Confirmed,Trois-Rivières to Donnacona,46.65568,-71.776,,desc,b0046_0039.npz,0.999,1.0,-1.1,-10.6,0.0,-10.6,2008,True,False,96.7,100.0,0.0,120
184816,NW-C-3737-26,2026-08-27,Shallow Depth Confirmed,Trois-Rivières to Donnacona,46.6557,-71.77605,,desc,b0046_0039.npz,0.999,1.0,-1.1,-10.6,0.0,-10.6,2008,True,False,96.7,100.0,0.0,120
184816,NW-C-3737-26,2026-08-27,Shallow Depth Confirmed,Trois-Rivières to Donnacona,46.65573,-71.77603,,desc,b0046_0039.npz,0.999,1.0,-1.1,-10.6,0.0,-10.6,2008,True,False,96.7,100.0,0.0,120
184816,NW-C-3737-26,2026-08-27,Shallow Depth Confirmed,Trois-Rivières to Donnacona,46.65572,-71.77598,10.6,desc,b0046_0039.npz,0.999,1.0,-1.1,-10.6,0.0,-10.6,2008,True,False,96.7,100.0,0.0,120
184817,NW-C-3738-26,2026-08-27,Shallow Depth Confirmed,Trois-Rivières to Donnacona,46.65442,-71.77162,,desc,b0046_0039.npz,0.998,1.0,-1.4,-9.9,0.0,-9.9,2008,True,False,89.2,100.0,0.0,120
184817,NW-C-3738-26,2026-08-27,Shallow Depth Confirmed,Trois-Rivières to Donnacona,46.65443,-71.77165,,desc,b0046_0039.npz,0.998,1.0,-1.4,-9.9,0.0,-9.9,2008,True,False,89.2,100.0,0.0,120
184817,NW-C-3738-26,2026-08-27,Shallow Depth Confirmed,Trois-Rivières to Donnacona,46.65445,-71.77163,,desc,b0046_0039.npz,0.998,1.0,-1.4,-9.9,0.0,-9.9,2008,True,False,89.2,100.0,0.0,120
184817,NW-C-3738-26,2026-08-27,Shallow Depth Confirmed,Trois-Rivières to Donnacona,46.65445,-71.7716,10.6,desc,b0046_0039.npz,0.998,1.0,-1.4,-9.9,0.0,-9.9,2008,True,False,89.2,100.0,0.0,120
184818,NW-C-3739-26,2026-08-27,Shallow Depth Confirmed,Trois-Rivières to Donnacona,46.65437,-71.77437,,desc,b0046_0039.npz,0.997,1.0,-2.1,-10.5,0.0,-10.5,2008,True,False,85.0,100.0,0.0,120
184818,NW-C-3739-26,2026-08-27,Shallow Depth Confirmed,Trois-Rivières to Donnacona,46.65442,-71.77452,,desc,b0046_0039.npz,0.997,1.0,-2.1,-10.5,0.0,-10.5,2008,True,False,85.0,100.0,0.0,120
184818,NW-C-3739-26,2026-08-27,Shallow Depth Confirmed,Trois-Rivières to Donnacona,46.6545,-71.77445,,desc,b0046_0039.npz,0.997,1.0,-2.1,-10.5,0.0,-10.5,2008,True,False,85.0,100.0,0.0,120
184818,NW-C-3739-26,2026-08-27,Shallow Depth Confirmed,Trois-Rivières to Donnacona,46.65445,-71.7743,10.4,desc,b0046_0039.npz,0.997,1.0,-2.1,-10.5,0.0,-10.5,2008,True,False,85.0,100.0,0.0,120
184819,NW-C-3740-26,2026-08-27,Shallow Depth Confirmed,Trois-Rivières to Donnacona,46.65398,-71.77453,,desc,b0046_0039.npz,0.996,1.0,-1.6,-10.8,0.0,-10.8,2008,True,False,82.5,100.0,0.0,120
184819,NW-C-3740-26,2026-08-27,Shallow Depth Confirmed,Trois-Rivières to Donnacona,46.65403,-71.77467,,desc,b0046_0039.npz,0.996,1.0,-1.6,-10.8,0.0,-10.8,2008,True,False,82.5,100.0,0.0,120
184819,NW-C-3740-26,2026-08-27,Shallow Depth Confirmed,Trois-Rivières to Donnacona,46.65417,-71.77458,,desc,b0046_0039.npz,0.997,1.0,-2.1,-10.5,0.0,-10.5,2008,True,False,85.0,100.0,0.0,120
184819,NW-C-3740-26,2026-08-27,Shallow Depth Confirmed,Trois-Rivières to Donnacona,46.65412,-71.77445,10.3,desc,b0046_0039.npz,0.997,1.0,-2.1,-10.5,0.0,-10.5,2008,True,False,85.0,100.0,0.0,120
184820,NW-C-3742-26,2026-08-27,Shallow Depth Confirmed,Trois-Rivières to Donnacona,46.6532,-71.77433,,desc,b0046_0039.npz,0.996,1.0,-1.6,-10.8,0.0,-10.8,2008,True,False,82.5,100.0,0.0,120
184820,NW-C-3742-26,2026-08-27,Shallow Depth Confirmed,Trois-Rivières to Donnacona,46.65325,-71.77448,,desc,b0046_0039.npz,0.996,1.0,-1.6,-10.8,0.0,-10.8,2008,True,False,82.5,100.0,0.0,120
184820,NW-C-3742-26,2026-08-27,Shallow Depth Confirmed,Trois-Rivières to Donnacona,46.65338,-71.7744,,desc,b0046_0039.npz,0.996,1.0,-1.6,-10.8,0.0,-10.8,2008,True,False,82.5,100.0,0.0,120
184820,NW-C-3742-26,2026-08-27,Shallow Depth Confirmed,Trois-Rivières to Donnacona,46.65332,-71.77425,10.5,desc,b0046_0039.npz,0.996,1.0,-1.6,-10.8,0.0,-10.8,2008,True,False,82.5,100.0,0.0,120
184824,NW-C-3745-26,2026-08-27,Shallow Depth Confirmed,Trois-Rivières to Donnacona,46.38342,-72.43698,,desc,b0046_0039.npz,1.0,1.0,-0.3,-6.4,0.0,-6.4,2015,True,False,,,,0
184824,NW-C-3745-26,2026-08-27,Shallow Depth Confirmed,Trois-Rivières to Donnacona,46.38342,-72.43702,,desc,b0046_0039.npz,1.0,1.0,-0.3,-6.4,0.0,-6.4,2015,True,False,,,,0
184824,NW-C-3745-26,2026-08-27,Shallow Depth Confirmed,Trois-Rivières to Donnacona,46.38343,-72.43703,,desc,b0046_0039.npz,1.0,1.0,-0.3,-6.4,0.0,-6.4,2015,True,False,,,,0
184824,NW-C-3745-26,2026-08-27,Shallow Depth Confirmed,Trois-Rivières to Donnacona,46.38345,-72.437,11.2,desc,b0046_0039.npz,1.0,1.0,-0.3,-6.4,0.0,-6.4,2015,True,False,,,,0
184825,NW-C-3746-26,2026-08-27,Shallow Depth Confirmed,Trois-Rivières to Donnacona,46.38008,-72.44193,,desc,b0046_0039.npz,1.0,1.0,1.5,-10.3,0.0,-10.3,2015,True,False,,,,0
184825,NW-C-3746-26,2026-08-27,Shallow Depth Confirmed,Trois-Rivières to Donnacona,46.38032,-72.44063,,desc,b0046_0039.npz,1.0,1.0,1.5,-6.5,0.0,-6.5,2015,True,False,,,,0
184825,NW-C-3746-26,2026-08-27,Shallow Depth Confirmed,Trois-Rivières to Donnacona,46.38025,-72.44062,,desc,b0046_0039.npz,1.0,1.0,1.5,-6.5,0.0,-6.5,2015,True,False,,,,0
184825,NW-C-3746-26,2026-08-27,Shallow Depth Confirmed,Trois-Rivières to Donnacona,46.38002,-72.44192,11.2,desc,b0046_0039.npz,1.0,1.0,1.5,-10.3,0.0,-10.3,2015,True,False,,,,0
184827,NW-C-3748-26,2026-08-27,Shallow Depth Confirmed,Trois-Rivières to Donnacona,46.37962,-72.44342,,desc,b0046_0039.npz,1.0,1.0,1.9,-4.7,0.0,-4.7,2015,True,False,,,,0
184827,NW-C-3748-26,2026-08-27,Shallow Depth Confirmed,Trois-Rivières to Donnacona,46.38082,-72.43652,,desc,b0046_0039.npz,1.0,1.0,3.8,-10.6,0.0,-10.6,2015,True,False,,,,0
184827,NW-C-3748-26,2026-08-27,Shallow Depth Confirmed,Trois-Rivières to Donnacona,46.38075,-72.43648,,desc,b0046_0039.npz,1.0,1.0,3.8,-10.6,0.0,-10.6,2015,True,False,,,,0
184827,NW-C-3748-26,2026-08-27,Shallow Depth Confirmed,Trois-Rivières to Donnacona,46.37953,-72.44338,8.2,desc,b0046_0039.npz,1.0,1.0,1.9,-4.7,0.0,-4.7,2015,True,False,,,,0
184832,NW-C-3750-26,2026-08-27,Shallow Depth Confirmed,Trois-Rivières to Donnacona,46.37983,-72.44297,,desc,b0046_0039.npz,1.0,1.0,1.9,-11.5,0.0,-11.5,2015,True,False,,,,0
184832,NW-C-3750-26,2026-08-27,Shallow Depth Confirmed,Trois-Rivières to Donnacona,46.38098,-72.43642,,desc,b0046_0039.npz,1.0,1.0,3.8,-10.6,0.0,-10.6,2015,True,False,,,,0
184832,NW-C-3750-26,2026-08-27,Shallow Depth Confirmed,Trois-Rivières to Donnacona,46.38085,-72.43637,,desc,b0046_0039.npz,1.0,1.0,3.8,-10.6,0.0,-10.6,2015,True,False,,,,0
184832,NW-C-3750-26,2026-08-27,Shallow Depth Confirmed,Trois-Rivières to Donnacona,46.3797,-72.44292,9.4,desc,b0046_0039.npz,1.0,1.0,1.9,-4.7,0.0,-4.7,2015,True,False,,,,0
184866,NW-C-3768-26,2026-08-28,Shallow Depth Confirmed,Trois-Rivières to Donnacona,46.65338,-71.77135,,desc,b0046_0039.npz,0.993,1.0,-2.7,-10.8,0.0,-10.8,2008,True,False,65.8,100.0,0.0,120
184866,NW-C-3768-26,2026-08-28,Shallow Depth Confirmed,Trois-Rivières to Donnacona,46.65343,-71.77148,,desc,b0046_0039.npz,0.993,1.0,-2.7,-10.8,0.0,-10.8,2008,True,False,65.8,100.0,0.0,120
184866,NW-C-3768-26,2026-08-28,Shallow Depth Confirmed,Trois-Rivières to Donnacona,46.65357,-71.77138,,desc,b0046_0039.npz,0.993,1.0,-2.7,-10.8,0.0,-10.8,2008,True,False,65.8,100.0,0.0,120
184866,NW-C-3768-26,2026-08-28,Shallow Depth Confirmed,Trois-Rivières to Donnacona,46.65352,-71.77125,10.4,desc,b0046_0039.npz,0.993,1.0,-2.7,-10.8,0.0,-10.8,2008,True,False,65.8,100.0,0.0,120
184867,NW-C-3769-26,2026-08-28,Shallow Depth Confirmed,Trois-Rivières to Donnacona,46.65103,-71.76403,,desc,b0046_0039.npz,0.987,1.0,-3.2,-10.4,0.0,-10.4,2009,True,False,50.0,100.0,0.0,120
184867,NW-C-3769-26,2026-08-28,Shallow Depth Confirmed,Trois-Rivières to Donnacona,46.65105,-71.7641,,desc,b0046_0039.npz,0.987,1.0,-3.2,-10.4,0.0,-10.4,2009,True,False,50.0,100.0,0.0,120
184867,NW-C-3769-26,2026-08-28,Shallow Depth Confirmed,Trois-Rivières to Donnacona,46.6511,-71.76407,,desc,b0046_0039.npz,0.987,1.0,-3.2,-10.4,0.0,-10.4,2009,True,False,50.0,100.0,0.0,120
184867,NW-C-3769-26,2026-08-28,Shallow Depth Confirmed,Trois-Rivières to Donnacona,46.65108,-71.764,10.6,desc,b0046_0039.npz,0.987,1.0,-3.2,-10.4,0.0,-10.4,2009,True,False,50.0,100.0,0.0,120
184868,NW-C-3770-26,2026-08-28,Shallow Depth Confirmed,Trois-Rivières to Donnacona,46.65017,-71.7603,,desc,b0046_0039.npz,0.978,1.0,-3.8,-10.4,0.0,-10.4,2009,True,False,29.2,100.0,0.0,120
184868,NW-C-3770-26,2026-08-28,Shallow Depth Confirmed,Trois-Rivières to Donnacona,46.65183,-71.76502,,desc,b0046_0039.npz,0.98,1.0,-3.8,-10.3,0.0,-10.3,2009,True,False,32.5,100.0,0.0,120
184868,NW-C-3770-26,2026-08-28,Shallow Depth Confirmed,Trois-Rivières to Donnacona,46.65208,-71.76482,,desc,b0046_0039.npz,0.98,1.0,-3.8,-10.3,0.0,-10.3,2009,True,False,32.5,100.0,0.0,120
184868,NW-C-3770-26,2026-08-28,Shallow Depth Confirmed,Trois-Rivières to Donnacona,46.65043,-71.7601,10.1,desc,b0046_0039.npz,0.97,1.0,-4.4,-9.9,0.0,-9.9,2009,True,False,20.8,100.0,0.0,120
184869,NW-C-3771-26,2026-08-28,Shallow Depth Confirmed,Donnacona to Beauport,46.63892,-71.73435,,desc,b0046_0039.npz,0.993,0.999,0.2,-7.9,0.0,-7.9,2008,True,False,67.5,100.0,0.0,120
184869,NW-C-3771-26,2026-08-28,Shallow Depth Confirmed,Donnacona to Beauport,46.64058,-71.7391,,desc,b0046_0039.npz,0.976,0.997,-2.0,-7.3,0.0,-7.3,2008,True,False,26.7,100.0,0.0,120
184869,NW-C-3771-26,2026-08-28,Shallow Depth Confirmed,Donnacona to Beauport,46.64063,-71.73907,,desc,b0046_0039.npz,0.976,0.997,-2.0,-7.3,0.0,-7.3,2008,True,False,26.7,100.0,0.0,120
184869,NW-C-3771-26,2026-08-28,Shallow Depth Confirmed,Donnacona to Beauport,46.63897,-71.73432,10.1,desc,b0046_0039.npz,0.993,0.999,0.2,-7.9,0.0,-7.9,2008,True,False,67.5,100.0,0.0,120
184870,NW-C-3772-26,2026-08-28,Shallow Depth Reported,Port of Trois-Rivieres Vicinity Port of Trois-Rivières,46.33961,-72.54013,10.6,json,b0046_0039.npz,0.939,0.999,-2.0,-9.9,0.11,-6.6,2015,True,False,,,,0
184885,NW-C-3784-26,2026-08-28,Shallow Depth Confirmed,Trois-Rivières to Donnacona,46.66262,-71.80188,,desc,b0046_0039.npz,0.962,0.999,-2.6,-11.3,0.0,-11.3,2008,True,False,17.5,100.0,0.0,120
184885,NW-C-3784-26,2026-08-28,Shallow Depth Confirmed,Trois-Rivières to Donnacona,46.66275,-71.80225,,desc,b0046_0039.npz,0.962,0.999,-2.6,-11.3,0.0,-11.3,2008,True,False,17.5,100.0,0.0,120
184885,NW-C-3784-26,2026-08-28,Shallow Depth Confirmed,Trois-Rivières to Donnacona,46.663,-71.80205,,desc,b0046_0039.npz,0.962,0.999,-2.6,-11.3,0.0,-11.3,2008,True,False,17.5,100.0,0.0,120
184885,NW-C-3784-26,2026-08-28,Shallow Depth Confirmed,Trois-Rivières to Donnacona,46.66288,-71.80168,10.3,desc,b0046_0039.npz,0.962,0.999,-2.6,-11.3,0.0,-11.3,2008,True,False,17.5,100.0,0.0,120
184950,NW-C-3819-26,2026-08-31,Shallow Depth Confirmed,Trois-Rivières to Donnacona,46.37078,-72.48002,,desc,b0046_0039.npz,1.0,1.0,-0.3,-10.9,0.0,-10.9,2015,True,False,,,,0
184950,NW-C-3819-26,2026-08-31,Shallow Depth Confirmed,Trois-Rivières to Donnacona,46.37065,-72.48037,,desc,b0046_0039.npz,1.0,1.0,-0.3,-10.9,0.0,-10.9,2015,True,False,,,,0
184950,NW-C-3819-26,2026-08-31,Shallow Depth Confirmed,Trois-Rivières to Donnacona,46.37072,-72.48043,,desc,b0046_0039.npz,1.0,1.0,-0.3,-10.9,0.0,-10.9,2015,True,False,,,,0
184950,NW-C-3819-26,2026-08-31,Shallow Depth Confirmed,Trois-Rivières to Donnacona,46.37087,-72.48008,11.0,desc,b0046_0039.npz,1.0,1.0,-0.3,-10.9,0.0,-10.9,2015,True,False,,,,0
184951,NW-C-3820-26,2026-08-31,Shallow Depth Confirmed,Trois-Rivières to Donnacona,46.37138,-72.47883,,desc,b0046_0039.npz,1.0,1.0,-0.7,-11.4,0.0,-11.4,2015,True,False,,,,0
184951,NW-C-3820-26,2026-08-31,Shallow Depth Confirmed,Trois-Rivières to Donnacona,46.37208,-72.47695,,desc,b0046_0039.npz,1.0,1.0,-0.1,-8.4,0.0,-8.4,2015,True,False,,,,0
184951,NW-C-3820-26,2026-08-31,Shallow Depth Confirmed,Trois-Rivières to Donnacona,46.37198,-72.47688,,desc,b0046_0039.npz,1.0,1.0,-0.1,-8.4,0.0,-8.4,2015,True,False,,,,0
184951,NW-C-3820-26,2026-08-31,Shallow Depth Confirmed,Trois-Rivières to Donnacona,46.37128,-72.47877,10.7,desc,b0046_0039.npz,1.0,1.0,-0.7,-11.4,0.0,-11.4,2015,True,False,,,,0
184952,NW-C-3821-26,2026-08-31,Shallow Depth Confirmed,Trois-Rivières to Donnacona,46.37123,-72.47893,,desc,b0046_0039.npz,1.0,1.0,-0.7,-11.4,0.0,-11.4,2015,True,False,,,,0
184952,NW-C-3821-26,2026-08-31,Shallow Depth Confirmed,Trois-Rivières to Donnacona,46.37198,-72.47688,,desc,b0046_0039.npz,1.0,1.0,-0.1,-8.4,0.0,-8.4,2015,True,False,,,,0
184952,NW-C-3821-26,2026-08-31,Shallow Depth Confirmed,Trois-Rivières to Donnacona,46.37193,-72.47683,,desc,b0046_0039.npz,1.0,1.0,-0.1,-8.4,0.0,-8.4,2015,True,False,,,,0
184952,NW-C-3821-26,2026-08-31,Shallow Depth Confirmed,Trois-Rivières to Donnacona,46.37117,-72.47888,10.0,desc,b0046_0039.npz,1.0,1.0,-0.4,-9.4,0.0,-9.4,2015,True,False,,,,0
184953,NW-C-3822-26,2026-08-31,Shallow Depth Confirmed,Trois-Rivières to Donnacona,46.3735,-72.47287,,desc,b0046_0039.npz,1.0,1.0,0.3,-10.1,0.0,-10.1,2015,True,False,,,,0
184953,NW-C-3822-26,2026-08-31,Shallow Depth Confirmed,Trois-Rivières to Donnacona,46.37447,-72.46955,,desc,b0046_0039.npz,1.0,1.0,0.3,-10.5,0.0,-10.5,2015,True,False,,,,0
184953,NW-C-3822-26,2026-08-31,Shallow Depth Confirmed,Trois-Rivières to Donnacona,46.37433,-72.46948,,desc,b0046_0039.npz,1.0,1.0,0.3,-10.5,0.0,-10.5,2015,True,False,,,,0
184953,NW-C-3822-26,2026-08-31,Shallow Depth Confirmed,Trois-Rivières to Donnacona,46.37337,-72.4728,10.7,desc,b0046_0039.npz,1.0,1.0,0.3,-10.1,0.0,-10.1,2015,True,False,,,,0
184954,NW-C-3823-26,2026-08-31,Shallow Depth Confirmed,Trois-Rivières to Donnacona,46.37473,-72.46852,,desc,b0046_0039.npz,1.0,1.0,0.8,-10.3,0.0,-10.3,2015,True,False,,,,0
184954,NW-C-3823-26,2026-08-31,Shallow Depth Confirmed,Trois-Rivières to Donnacona,46.37528,-72.46648,,desc,b0046_0039.npz,1.0,1.0,0.2,-11.1,0.0,-11.1,2015,True,False,,,,0
184954,NW-C-3823-26,2026-08-31,Shallow Depth Confirmed,Trois-Rivières to Donnacona,46.37518,-72.46642,,desc,b0046_0039.npz,1.0,1.0,0.2,-11.1,0.0,-11.1,2015,True,False,,,,0
184954,NW-C-3823-26,2026-08-31,Shallow Depth Confirmed,Trois-Rivières to Donnacona,46.37463,-72.46847,11.0,desc,b0046_0039.npz,1.0,1.0,0.8,-10.3,0.0,-10.3,2015,True,False,,,,0
185003,NW-C-3843-26,2026-09-01,Shallow Depth Reported,Port of Trois-Rivieres Vicinity Port of Trois-Rivières,46.33416,-72.5433,10.7,json,b0046_0039.npz,0.978,1.0,-0.7,-9.9,0.0,-9.9,2015,True,False,,,,0
185033,NW-C-3855-26,2026-09-03,Shallow Depth Confirmed,Montréal to Trois-Rivières,46.25662,-72.71732,,desc,b0046_0039.npz,1.0,1.0,-1.7,-10.0,0.0,-10.0,1986,True,False,,,,0
185033,NW-C-3855-26,2026-09-03,Shallow Depth Confirmed,Montréal to Trois-Rivières,46.24852,-72.73472,,desc,b0046_0039.npz,1.0,1.0,-2.6,-9.3,0.0,-9.3,2009,True,False,,,,0
185033,NW-C-3855-26,2026-09-03,Shallow Depth Confirmed,Montréal to Trois-Rivières,46.24857,-72.73477,,desc,b0046_0039.npz,1.0,1.0,-2.6,-9.3,0.0,-9.3,2009,True,False,,,,0
185033,NW-C-3855-26,2026-09-03,Shallow Depth Confirmed,Montréal to Trois-Rivières,46.25668,-72.71737,10.4,desc,b0046_0039.npz,1.0,1.0,-1.7,-10.0,0.0,-10.0,1986,True,False,,,,0
185034,NW-C-3856-26,2026-09-03,Shallow Depth Confirmed,Montréal to Trois-Rivières,46.25668,-72.71735,,desc,b0046_0039.npz,1.0,1.0,-1.7,-10.0,0.0,-10.0,1986,True,False,,,,0
185034,NW-C-3856-26,2026-09-03,Shallow Depth Confirmed,Montréal to Trois-Rivières,46.24765,-72.73675,,desc,b0046_0039.npz,1.0,1.0,-2.3,-10.6,0.0,-10.6,1986,True,False,,,,0
185034,NW-C-3856-26,2026-09-03,Shallow Depth Confirmed,Montréal to Trois-Rivières,46.24772,-72.73682,,desc,b0046_0039.npz,1.0,1.0,-2.3,-10.6,0.0,-10.6,1986,True,False,,,,0
185034,NW-C-3856-26,2026-09-03,Shallow Depth Confirmed,Montréal to Trois-Rivières,46.25675,-72.71743,10.9,desc,b0046_0039.npz,1.0,1.0,-1.7,-10.0,0.0,-10.0,1986,True,False,,,,0
185035,NW-C-3857-26,2026-09-03,Shallow Depth Confirmed,Montréal to Trois-Rivières,46.25557,-72.72077,,desc,b0046_0039.npz,1.0,1.0,-1.9,-11.0,0.0,-11.0,2010,True,False,,,,0
185035,NW-C-3857-26,2026-09-03,Shallow Depth Confirmed,Montréal to Trois-Rivières,46.25555,-72.7208,,desc,b0046_0039.npz,1.0,1.0,-1.9,-11.0,0.0,-11.0,2010,True,False,,,,0
185035,NW-C-3857-26,2026-09-03,Shallow Depth Confirmed,Montréal to Trois-Rivières,46.25558,-72.72083,,desc,b0046_0039.npz,1.0,1.0,-1.9,-11.0,0.0,-11.0,2010,True,False,,,,0
185035,NW-C-3857-26,2026-09-03,Shallow Depth Confirmed,Montréal to Trois-Rivières,46.2556,-72.7208,11.2,desc,b0046_0039.npz,1.0,1.0,-1.9,-11.0,0.0,-11.0,2010,True,False,,,,0
185036,NW-C-3858-26,2026-09-03,Shallow Depth Confirmed,Montréal to Trois-Rivières,46.25565,-72.72015,,desc,b0046_0039.npz,1.0,1.0,-1.9,-10.3,0.0,-10.3,2010,True,False,,,,0
185036,NW-C-3858-26,2026-09-03,Shallow Depth Confirmed,Montréal to Trois-Rivières,46.25565,-72.72015,,desc,b0046_0039.npz,1.0,1.0,-1.9,-10.3,0.0,-10.3,2010,True,False,,,,0
185036,NW-C-3858-26,2026-09-03,Shallow Depth Confirmed,Montréal to Trois-Rivières,46.25567,-72.72017,,desc,b0046_0039.npz,1.0,1.0,-1.9,-10.3,0.0,-10.3,2010,True,False,,,,0
185036,NW-C-3858-26,2026-09-03,Shallow Depth Confirmed,Montréal to Trois-Rivières,46.25567,-72.72017,11.2,desc,b0046_0039.npz,1.0,1.0,-1.9,-10.3,0.0,-10.3,2010,True,False,,,,0
185037,NW-C-3859-26,2026-09-03,Shallow Depth Confirmed,Montréal to Trois-Rivières,46.25698,-72.71728,,desc,b0046_0039.npz,1.0,1.0,-1.7,-10.0,0.0,-10.0,1986,True,False,,,,0
185037,NW-C-3859-26,2026-09-03,Shallow Depth Confirmed,Montréal to Trois-Rivières,46.25695,-72.71733,,desc,b0046_0039.npz,1.0,1.0,-1.7,-10.0,0.0,-10.0,1986,True,False,,,,0
185037,NW-C-3859-26,2026-09-03,Shallow Depth Confirmed,Montréal to Trois-Rivières,46.25703,-72.7174,,desc,b0046_0039.npz,1.0,1.0,-1.7,-10.0,0.0,-10.0,1986,True,False,,,,0
185037,NW-C-3859-26,2026-09-03,Shallow Depth Confirmed,Montréal to Trois-Rivières,46.25705,-72.71735,11.2,desc,b0046_0039.npz,1.0,1.0,-1.7,-10.0,0.0,-10.0,1986,True,False,,,,0
170081,NW-C-0985-25,2025-05-09,Shallow Depth Reported,Georgian Bay Vicinity Clontarf Island,45.57968,-80.51188,,json,b0046_0036.npz,0.777,0.816,0.3,4.4,0.0,4.4,0,True,False,71.5,97.7,0.0,38176
180309,NW-C-1329-26,2026-05-08,Submerged Object,Georgian Bay Vicinity Parry Sound,45.56233,-80.60783,,desc,b0046_0036.npz,0.704,0.748,81.4,-12.7,0.21,-14.4,0,True,False,42.6,97.8,79.5,60209
173434,NW-C-2568-25,2025-08-15,Shallow Depth Reported,Magdalen Islands Vicinity Havre-aux-Maisons,47.40117,-61.8397,,desc,b0045_0043.npz,1.0,1.0,3.6,1.3,0.0,1.3,2011,True,False,100.0,100.0,0.0,34162
178887,NW-C-0640-26,2026-03-21,Submerged Object,Magdalen Islands Vicinity Cap-Aux-Meules,47.36395,-61.81057,,desc,b0045_0043.npz,0.769,0.867,-8.7,-13.7,0.0,-13.7,2015,True,False,99.6,100.0,0.0,34858
179368,NW-C-0841-26,2026-04-13,Sandspit or Sandbar Change,Magdalen Islands Vicinity Pointe-aux-Loups,47.53117,-61.71577,,desc,b0045_0043.npz,1.0,1.0,4.2,-3.8,0.0,-3.8,2009,True,False,100.0,100.0,0.0,66269
179524,NW-N-0236-26,2026-04-19,Buoys Aids Halibut Rock West Cardinal light buoy QHR LL 173.12,Cabot Strait - north,47.58318,-59.261,,json,b0045_0043.npz,0.053,0.7,-18.9,-36.6,0.0,-36.6,1956,True,True,96.3,96.9,0.0,96989
180008,NW-C-1164-26,2026-04-30,Shallow Depth Reported,Magdalen Islands Vicinity Chenal de la Grande Entrée,47.55338,-61.56675,6.3,desc,b0045_0043.npz,1.0,1.0,2.9,-3.4,0.0,-3.4,2010,True,False,100.0,100.0,0.0,87647
180008,NW-C-1164-26,2026-04-30,Shallow Depth Reported,Magdalen Islands Vicinity Chenal de la Grande Entrée,47.56018,-61.56248,6.5,desc,b0045_0043.npz,1.0,1.0,3.8,-1.0,0.0,-1.0,2012,True,False,100.0,100.0,0.0,87924
180008,NW-C-1164-26,2026-04-30,Shallow Depth Reported,Magdalen Islands Vicinity Chenal de la Grande Entrée,47.56148,-61.56162,3.9,desc,b0045_0043.npz,1.0,1.0,3.6,-4.7,0.0,-4.7,2012,True,False,100.0,100.0,0.0,87988
180008,NW-C-1164-26,2026-04-30,Shallow Depth Reported,Magdalen Islands Vicinity Chenal de la Grande Entrée,47.56265,-61.5607,6.3,desc,b0045_0043.npz,1.0,1.0,3.3,-1.8,0.0,-1.8,2010,True,False,100.0,100.0,0.0,87967
180008,NW-C-1164-26,2026-04-30,Shallow Depth Reported,Magdalen Islands Vicinity Chenal de la Grande Entrée,47.56813,-61.55488,6.8,desc,b0045_0043.npz,1.0,1.0,2.1,-5.4,0.0,-5.4,2010,True,False,100.0,100.0,0.0,88059
180008,NW-C-1164-26,2026-04-30,Shallow Depth Reported,Magdalen Islands Vicinity Chenal de la Grande Entrée,47.59387,-61.53045,6.6,desc,b0045_0043.npz,1.0,1.0,-1.6,-6.7,0.0,-6.7,2010,True,False,100.0,100.0,0.0,88505
180008,NW-C-1164-26,2026-04-30,Shallow Depth Reported,Magdalen Islands Vicinity Chenal de la Grande Entrée,47.59582,-61.53062,6.5,desc,b0045_0043.npz,1.0,1.0,-1.5,-5.7,0.0,-5.7,2010,True,False,100.0,100.0,0.0,88547
180008,NW-C-1164-26,2026-04-30,Shallow Depth Reported,Magdalen Islands Vicinity Chenal de la Grande Entrée,47.59708,-61.53108,6.5,desc,b0045_0043.npz,1.0,1.0,-1.3,-3.6,0.0,-3.6,2010,True,False,100.0,100.0,0.0,88598
180338,NW-C-1342-26,2026-05-08,Shallow Depth Confirmed,Magdalen Islands Vicinity Cap-aux-Meules,47.37662,-61.8578,,desc,b0045_0043.npz,1.0,1.0,5.6,0.4,0.0,0.4,2014,True,False,100.0,100.0,0.0,29328
180338,NW-C-1342-26,2026-05-08,Shallow Depth Confirmed,Magdalen Islands Vicinity Cap-aux-Meules,47.37675,-61.85652,,desc,b0045_0043.npz,1.0,1.0,3.4,1.1,0.0,1.1,2014,True,False,100.0,100.0,0.0,29535
180837,NW-C-1654-26,2026-05-19,Shallow Depth Reported,Magdalen Islands Vicinity Chenal de la Grande Entrée,47.56293,-61.56118,,desc,b0045_0043.npz,1.0,1.0,3.0,-0.3,0.0,-0.3,2010,True,False,100.0,100.0,0.0,87941
180837,NW-C-1654-26,2026-05-19,Shallow Depth Reported,Magdalen Islands Vicinity Chenal de la Grande Entrée,47.56223,-61.55942,,desc,b0045_0043.npz,1.0,1.0,3.4,-6.4,0.0,-6.4,2010,True,False,100.0,100.0,0.0,88044
180837,NW-C-1654-26,2026-05-19,Shallow Depth Reported,Magdalen Islands Vicinity Chenal de la Grande Entrée,47.5597,-61.56138,,desc,b0045_0043.npz,1.0,1.0,3.4,-6.8,0.0,-6.8,2012,True,False,100.0,100.0,0.0,88023
180837,NW-C-1654-26,2026-05-19,Shallow Depth Reported,Magdalen Islands Vicinity Chenal de la Grande Entrée,47.56043,-61.56323,,desc,b0045_0043.npz,1.0,1.0,3.4,0.8,0.0,0.8,2012,True,False,100.0,100.0,0.0,87841
173517,NW-P-1144-25,2025-08-17,Buoys Aids Stubbs Rock light buoy C40 LL 795.5,Dixon Entrance West,53.74251,-132.27298,,json,b0042_0017.npz,0.997,1.0,-1.5,-17.4,0.0,-17.4,1978,True,False,97.5,86.8,0.0,18670
178719,NW-P-0371-26,2026-03-13,Shallow Depth Reported,Hecate Strait,52.95453,-131.90228,,desc,b0042_0017.npz,0.669,0.762,64.9,-1.5,0.0,-1.5,0,True,False,76.7,99.7,0.0,43555
178917,NW-P-0426-26,2026-03-23,Aids to Navigation (Other) Aids Mackie Rock port daybeacon,Dixon Entrance West,53.69417,-132.32263,,desc,b0042_0017.npz,0.004,0.006,-27.2,-52.8,0.0,-52.8,0,True,True,32.3,27.2,0.0,17310
183058,NW-P-0917-26,2026-07-10,Uncharted Rock,Hecate Strait,53.20413,-132.14088,3.9,desc,b0042_0017.npz,0.988,1.0,16.8,-27.8,0.0,-27.8,1982,True,True,94.1,83.3,0.0,23751
183846,NW-P-1044-26,2026-07-31,Uncharted Rock,West Coast Haida Gwaii,53.02413,-132.36028,,desc,b0042_0017.npz,0.582,0.88,-1.8,-35.4,0.13,-45.8,1935,True,True,89.9,92.6,85.6,101789
184566,NW-P-1152-26,2026-08-18,Uncharted Rock,West Coast Haida Gwaii,52.95803,-132.18053,,desc,b0042_0017.npz,0.562,0.613,10.2,-64.7,1.44,-15.8,,True,True,81.9,98.2,98.8,75307
173596,NW-A-0233-25,2025-08-20,Shallow Depth Reported,Shipping Safety Control Zone 13,74.6619,-91.30985,7.1,desc,b0023_0032.npz,0.998,0.999,11.1,-2.2,0.0,-2.2,0,True,False,100.0,99.9,0.0,629068
173596,NW-A-0233-25,2025-08-20,Shallow Depth Reported,Shipping Safety Control Zone 13,74.66442,-91.30523,8.0,desc,b0023_0032.npz,0.998,1.0,8.8,-4.2,0.0,-4.2,0,True,False,100.0,99.9,0.0,626519
173596,NW-A-0233-25,2025-08-20,Shallow Depth Reported,Shipping Safety Control Zone 13,74.66602,-91.30648,17.1,desc,b0023_0032.npz,0.987,1.0,3.3,-16.0,0.0,-16.0,0,True,False,100.0,99.9,0.0,624690
173596,NW-A-0233-25,2025-08-20,Shallow Depth Reported,Shipping Safety Control Zone 13,74.6715,-91.30585,12.7,desc,b0023_0032.npz,0.853,0.958,-6.0,-13.3,0.0,-13.3,0,True,False,99.4,99.9,0.0,617790
173937,NW-A-0258-25,2025-08-30,Shallow Depth Reported,Shipping Safety Control Zone 13,74.6438,-91.34225,13.6,desc,b0023_0032.npz,0.903,0.973,-3.8,-13.8,0.0,-13.8,0,True,False,99.7,99.9,0.0,640897
174108,NW-N-0667-25,2025-09-05,Buoys Aids Cox Rock light buoy QE3 LL 145.82,Southwest Coast,47.63117,-58.43067,,json,b0045_0044.npz,0.872,1.0,-5.7,-17.1,0.0,-17.1,2005,True,False,98.6,99.8,0.0,96394
182790,NW-N-0475-26,2026-07-01,Buoys Aids Southwest Rock light buoy QS2 LL 140.7,Southwest Coast,47.50467,-57.41782,,json,b0045_0044.npz,0.785,0.987,-6.3,-35.4,0.0,-35.4,1998,True,True,97.4,93.9,0.0,146783
182793,NW-N-0477-26,2026-07-01,Buoys Aids Grey River Rocks North Cardinal light and whistle buoy QGR LL 139.21,Southwest Coast,47.474,-57.09317,,json,b0045_0044.npz,0.543,0.757,-9.3,-31.7,0.0,-31.7,0,True,True,95.7,95.7,0.0,146022
183330,NW-N-0508-26,2026-07-17,Buoys Aids Bad Rock light buoy QQ2 LL 140.5,Southwest Coast,47.49882,-57.36336,,json,b0045_0044.npz,0.2,0.776,-16.3,-48.6,0.0,-48.6,0,True,True,88.5,91.7,0.0,149554
184168,NW-N-0588-26,2026-08-08,Buoys Aids Watch Rock North Cardinal light and whistle buoy QLB LL 138.5,Southwest Coast,47.39022,-56.83555,,json,b0045_0044.npz,0.482,0.774,-10.9,-47.5,0.0,-47.5,0,True,True,98.4,97.9,0.0,147567
174435,NW-A-0272-25,2025-09-17,Shoal,Shipping Safety Control Zone 15,65.02052,-63.3808,,desc,b0034_0042.npz,0.033,0.139,-83.4,-109.9,0.83,-123.7,,True,True,81.2,62.6,84.2,215007
174435,NW-A-0272-25,2025-09-17,Shoal,Shipping Safety Control Zone 15,64.95855,-63.08733,,desc,b0034_0042.npz,0.0,0.0,-190.9,-197.0,3.0,-187.8,,True,True,0.0,44.5,74.6,341522
174435,NW-A-0272-25,2025-09-17,Shoal,Shipping Safety Control Zone 15,65.15387,-62.87625,,desc,b0034_0042.npz,0.0,0.0,-130.6,-145.5,2.44,-166.0,,True,True,0.0,69.4,80.2,187464
174435,NW-A-0272-25,2025-09-17,Shoal,Shipping Safety Control Zone 15,65.18608,-63.15128,,desc,b0033_0042.npz,0.001,0.002,-82.6,-87.9,5.18,-136.5,,False,True,61.6,63.8,39.3,98865
174440,NW-A-0271-25,2025-09-17,Shoal,Shipping Safety Control Zone 10,65.56925,-62.22748,,desc,b0033_0042.npz,0.0,0.0,-112.4,-101.6,5.45,-158.8,,False,True,0.0,72.4,65.3,256958
174440,NW-A-0271-25,2025-09-17,Shoal,Shipping Safety Control Zone 10,65.56715,-62.21623,,desc,b0033_0042.npz,0.0,0.0,-114.6,-106.2,4.89,-161.0,,False,True,0.0,67.5,71.2,254412
174440,NW-A-0271-25,2025-09-17,Shoal,Shipping Safety Control Zone 10,65.5541,-62.2222,,desc,b0033_0042.npz,0.0,0.0,-120.2,-116.0,4.34,-160.1,,False,True,0.0,70.2,68.4,262373
174440,NW-A-0271-25,2025-09-17,Shoal,Shipping Safety Control Zone 10,65.55807,-62.23387,,desc,b0033_0042.npz,0.0,0.0,-113.8,-109.1,5.05,-160.1,,False,True,0.0,69.6,66.1,264922
174441,NW-A-0270-25,2025-09-17,Shoal,Shipping Safety Control Zone 10,65.2491,-63.05488,,desc,b0033_0042.npz,0.328,0.385,-25.5,-23.9,11.04,-116.6,,False,True,94.1,81.9,37.8,177782
174441,NW-A-0270-25,2025-09-17,Shoal,Shipping Safety Control Zone 10,65.25262,-63.02147,,desc,b0033_0042.npz,0.356,0.431,-25.5,-33.8,10.01,-184.0,,False,True,95.0,17.5,40.2,192692
174481,NW-C-2963-25,2025-09-18,Shallow Depth Reported,Cornwall to Montréal - west Vicinity Summerstown,45.05002,-74.57572,,desc,b0047_0038.npz,1.0,1.0,7.0,-0.4,0.0,-0.4,2004,True,False,100.0,98.8,0.0,82
174481,NW-C-2963-25,2025-09-18,Shallow Depth Reported,Cornwall to Montréal - west Vicinity Summerstown,45.05003,-74.57305,,desc,b0047_0038.npz,1.0,1.0,6.0,-0.7,0.0,-0.7,2004,True,False,100.0,98.8,0.0,82
174481,NW-C-2963-25,2025-09-18,Shallow Depth Reported,Cornwall to Montréal - west Vicinity Summerstown,45.0462,-74.57487,,desc,b0047_0038.npz,1.0,1.0,3.3,-3.8,0.0,-3.8,2004,True,False,100.0,98.8,0.0,82
174481,NW-C-2963-25,2025-09-18,Shallow Depth Reported,Cornwall to Montréal - west Vicinity Summerstown,45.0462,-74.57953,,desc,b0047_0038.npz,1.0,1.0,5.0,-2.1,0.0,-2.1,2004,True,False,100.0,98.8,0.0,82
181657,NW-C-2168-26,2026-06-05,Shallow Depth Confirmed,Kingston to Cornwall Vicinity Maitland,44.61475,-75.62192,3.6,desc,b0047_0038.npz,0.628,0.679,8.1,-6.1,0.0,-6.1,1982,True,False,0.5,0.6,0.0,13541
182401,NW-C-2522-26,2026-06-23,Shallow Depth Confirmed,Kingston to Cornwall Vicinity Iroquois,44.8528,-75.26782,2.9,desc,b0047_0038.npz,0.898,0.969,14.3,-7.7,0.0,-7.7,2007,True,False,7.7,0.4,0.0,22498
174711,NW-A-0289-25,2025-09-27,Shallow Depth Reported,Shipping Safety Control Zone 6,71.36372,-96.78643,42.0,desc,b0027_0030.npz,0.001,0.006,-117.5,-146.2,0.98,-97.0,,True,True,88.7,90.2,95.2,612391
174715,NW-A-0290-25,2025-09-27,Shallow Depth Reported,Shipping Safety Control Zone 6,71.30063,-96.87685,37.6,desc,b0027_0030.npz,0.011,0.016,-66.6,-100.6,0.87,-76.8,,True,True,88.9,90.8,82.4,494317
174819,NW-A-0299-25,2025-10-01,Shallow Depth Reported,Shipping Safety Control Zone 6,71.38027,-96.6878,29.3,desc,b0027_0030.npz,0.007,0.039,-110.1,-87.9,0.18,-79.0,0,True,True,89.4,90.8,88.1,622662
174819,NW-A-0299-25,2025-10-01,Shallow Depth Reported,Shipping Safety Control Zone 6,71.36745,-96.67887,26.6,desc,b0027_0030.npz,0.013,0.024,-99.2,-94.7,0.59,-84.0,,True,True,89.6,89.9,86.3,593563
174819,NW-A-0299-25,2025-10-01,Shallow Depth Reported,Shipping Safety Control Zone 6,71.35888,-96.76315,11.3,desc,b0027_0030.npz,0.017,0.022,-94.1,-106.1,0.81,-97.0,,True,True,90.4,89.7,90.1,596095
174819,NW-A-0299-25,2025-10-01,Shallow Depth Reported,Shipping Safety Control Zone 6,71.35333,-96.74422,11.3,desc,b0027_0030.npz,0.034,0.05,-79.6,-81.2,0.93,-64.0,,True,True,90.9,92.0,83.7,579775
174819,NW-A-0299-25,2025-10-01,Shallow Depth Reported,Shipping Safety Control Zone 6,71.34315,-96.75563,28.4,desc,b0027_0030.npz,0.037,0.078,-73.6,-83.1,1.42,-97.0,,True,True,90.8,89.2,89.2,561119
174819,NW-A-0299-25,2025-10-01,Shallow Depth Reported,Shipping Safety Control Zone 6,71.3047,-96.81715,28.35,desc,b0027_0030.npz,0.06,0.133,-65.9,-90.9,0.92,-45.0,,True,True,91.1,95.7,90.1,490106
174819,NW-A-0299-25,2025-10-01,Shallow Depth Reported,Shipping Safety Control Zone 6,71.29075,-96.81312,41.0,desc,b0027_0030.npz,0.034,0.07,-71.7,-97.9,1.3,-136.0,,True,True,89.5,82.8,90.8,459315
175349,NW-A-0342-25,2025-10-20,Shoal,Shipping Safety Control Zone 6 Vicinity Franklin Strait,71.35125,-96.89827,,desc,b0027_0030.npz,0.155,0.163,-45.2,-96.0,0.65,-115.0,,True,True,94.4,89.8,99.4,610333
175605,NW-A-0355-25,2025-10-30,Shallow Depth Reported,Ungava,58.81668,-68.31688,2.3,desc,b0038_0040.npz,0.986,1.0,-1.8,-6.1,0.08,-7.3,0,True,False,100.0,99.1,50.7,97764
175605,NW-A-0355-25,2025-10-30,Shallow Depth Reported,Ungava,58.82793,-68.2758,5.8,desc,b0038_0040.npz,0.2,0.524,-13.6,-14.4,0.08,-18.7,0,True,False,90.4,96.3,48.8,115986
175605,NW-A-0355-25,2025-10-30,Shallow Depth Reported,Ungava,58.82913,-68.26533,3.9,desc,b0038_0040.npz,0.34,0.53,-12.6,-7.3,0.11,-5.7,0,True,False,97.0,99.3,52.4,119407
183032,NW-A-0121-26,2026-07-09,Shallow Depth Confirmed,Ungava,58.82523,-68.26143,,desc,b0038_0040.npz,0.327,0.447,-12.5,-9.8,0.32,-15.3,0,True,False,96.2,98.5,63.9,117698
183032,NW-A-0121-26,2026-07-09,Shallow Depth Confirmed,Ungava,58.8258,-68.26297,,desc,b0038_0040.npz,0.343,0.447,-12.5,-9.6,0.22,-6.7,0,True,False,97.0,99.3,57.8,117801
183032,NW-A-0121-26,2026-07-09,Shallow Depth Confirmed,Ungava,58.76013,-68.22718,,desc,b0038_0040.npz,0.953,0.984,-1.2,-17.5,0.08,-17.4,0,True,False,99.9,96.1,49.3,83957
175605,NW-A-0355-25,2025-10-30,Shallow Depth Reported,Ungava,58.23377,-68.27708,4.2,desc,b0039_0040.npz,0.998,1.0,7.8,-4.3,0.0,-4.3,0,True,False,98.5,100.0,0.0,753
175605,NW-A-0355-25,2025-10-30,Shallow Depth Reported,Ungava,58.22895,-68.28207,3.6,desc,b0039_0040.npz,0.995,1.0,6.9,-6.2,0.0,-6.2,0,True,False,98.1,100.0,0.0,727
175605,NW-A-0355-25,2025-10-30,Shallow Depth Reported,Ungava,58.17493,-68.31945,4.6,desc,b0039_0040.npz,0.988,0.994,9.7,-10.3,0.0,-10.3,0,True,False,92.0,100.0,0.0,251
175605,NW-A-0355-25,2025-10-30,Shallow Depth Reported,Ungava,58.17288,-68.32103,4.2,desc,b0039_0040.npz,0.991,0.994,8.1,-9.0,0.0,-9.0,0,True,False,92.9,100.0,0.0,239
175605,NW-A-0355-25,2025-10-30,Shallow Depth Reported,Ungava,58.10952,-68.31463,6.7,desc,b0039_0040.npz,0.93,0.999,3.5,-4.6,0.0,-4.6,0,True,False,62.0,100.0,0.0,71
175605,NW-A-0355-25,2025-10-30,Shallow Depth Reported,Ungava,58.09822,-68.36425,2.7,desc,b0039_0040.npz,0.998,1.0,9.7,-2.4,0.0,-2.4,0,True,False,82.0,100.0,0.0,61
175605,NW-A-0355-25,2025-10-30,Shallow Depth Reported,Ungava,58.09833,-68.36817,1.8,desc,b0039_0040.npz,0.999,1.0,11.6,-4.3,0.0,-4.3,0,True,False,85.2,100.0,0.0,61
175605,NW-A-0355-25,2025-10-30,Shallow Depth Reported,Ungava,58.0983,-68.37062,3.0,desc,b0039_0040.npz,0.999,1.0,13.2,-5.3,0.0,-5.3,0,True,False,86.9,100.0,0.0,61
175605,NW-A-0355-25,2025-10-30,Shallow Depth Reported,Ungava,58.09063,-68.39272,0.4,desc,b0039_0040.npz,1.0,1.0,5.9,-5.0,0.0,-5.0,0,True,False,93.2,100.0,0.0,59
182446,NW-A-0100-26,2026-06-25,Shallow Depth Confirmed,Ungava,58.64675,-67.4415,,desc,b0039_0040.npz,0.251,0.313,-15.3,-21.9,11.67,-59.0,,False,True,86.0,13.6,22.2,33759
182446,NW-A-0100-26,2026-06-25,Shallow Depth Confirmed,Ungava,58.67217,-67.4579,,desc,b0039_0040.npz,0.205,0.22,-16.6,-22.9,8.8,-59.0,,False,True,82.2,12.7,25.2,36118
182446,NW-A-0100-26,2026-06-25,Shallow Depth Confirmed,Ungava,58.67372,-67.41658,,desc,b0039_0040.npz,0.077,0.117,-18.0,-24.6,10.39,-59.0,,False,True,57.5,15.0,22.4,30095
182446,NW-A-0100-26,2026-06-25,Shallow Depth Confirmed,Ungava,58.68932,-67.41543,,desc,b0039_0040.npz,0.074,0.098,-17.6,-22.5,9.44,-59.0,,False,True,58.3,15.5,23.1,29494
182446,NW-A-0100-26,2026-06-25,Shallow Depth Confirmed,Ungava,58.69913,-67.44248,,desc,b0039_0040.npz,0.22,0.262,-15.5,-20.2,7.5,-59.0,,False,False,82.0,13.9,26.0,33013
182446,NW-A-0100-26,2026-06-25,Shallow Depth Confirmed,Ungava,58.70467,-67.4134,,desc,b0039_0040.npz,0.035,0.088,-19.0,-24.0,8.84,-59.0,,False,True,49.6,16.0,23.3,28471
182446,NW-A-0100-26,2026-06-25,Shallow Depth Confirmed,Ungava,58.71323,-67.42608,,desc,b0039_0040.npz,0.075,0.135,-18.0,-23.8,7.78,-59.0,,False,True,59.9,15.2,24.7,30091
182446,NW-A-0100-26,2026-06-25,Shallow Depth Confirmed,Ungava,58.71048,-67.43007,,desc,b0039_0040.npz,0.13,0.182,-16.9,-22.9,7.66,-59.0,,False,True,69.9,14.9,24.8,30841
175763,NW-C-3406-25,2025-11-04,Shallow Depth Reported,Anticosti Vicinity Havre-Saint-Pierre Port,50.23767,-63.60895,10.1,json,b0044_0042.npz,1.0,1.0,4.0,-3.6,0.0,-3.6,2009,True,False,99.4,100.0,0.0,85182
179462,NW-N-0222-26,2026-04-17,Buoys Aids Peter Point Shoal South Cardinal light buoy XWC LL 197.5,Northeast Gulf - south,49.08017,-58.16285,,desc,b0044_0044.npz,0.831,0.983,16.8,-1.7,0.0,-1.7,0,True,False,93.9,100.0,0.0,46815
184562,NW-N-0630-26,2026-08-18,Shallow Depth Reported,Northeast Gulf - south,49.92345,-57.80557,0.8,desc,b0044_0044.npz,0.999,1.0,1.2,1.5,0.0,1.5,2007,True,False,100.0,100.0,0.0,90626
184562,NW-N-0630-26,2026-08-18,Shallow Depth Reported,Northeast Gulf - south,49.92358,-57.80537,0.6,desc,b0044_0044.npz,0.999,1.0,1.2,1.5,0.0,1.5,2007,True,False,100.0,100.0,0.0,90626
184562,NW-N-0630-26,2026-08-18,Shallow Depth Reported,Northeast Gulf - south,49.92333,-57.80645,0.1,desc,b0044_0044.npz,1.0,1.0,5.7,1.7,0.0,1.7,2007,True,False,100.0,100.0,0.0,91074
184562,NW-N-0630-26,2026-08-18,Shallow Depth Reported,Northeast Gulf - south,49.92368,-57.80468,0.8,desc,b0044_0044.npz,0.999,1.0,1.2,1.5,0.0,1.5,2007,True,False,100.0,100.0,0.0,90626
184562,NW-N-0630-26,2026-08-18,Shallow Depth Reported,Northeast Gulf - south,49.92308,-57.80558,1.5,desc,b0044_0044.npz,0.999,1.0,1.2,1.5,0.0,1.5,2007,True,False,100.0,100.0,0.0,90626
184562,NW-N-0630-26,2026-08-18,Shallow Depth Reported,Northeast Gulf - south,49.92295,-57.8033,0.9,desc,b0044_0044.npz,1.0,1.0,6.1,1.7,0.0,1.7,2007,True,False,100.0,100.0,0.0,89947
184562,NW-N-0630-26,2026-08-18,Shallow Depth Reported,Northeast Gulf - south,49.92277,-57.80302,1.1,desc,b0044_0044.npz,1.0,1.0,6.1,1.7,0.0,1.7,2007,True,False,100.0,100.0,0.0,89947
184562,NW-N-0630-26,2026-08-18,Shallow Depth Reported,Northeast Gulf - south,49.92427,-57.80293,4.7,desc,b0044_0044.npz,1.0,1.0,5.3,1.6,0.0,1.6,2007,True,False,100.0,100.0,0.0,90410
180407,NW-C-1387-26,2026-05-11,Shallow Depth Reported,Anticosti Vicinity Rivière-au-Renard,48.99875,-64.39107,0.2,desc,b0045_0042.npz,0.963,0.99,31.3,-0.6,0.0,-0.6,2015,True,False,98.9,100.0,0.0,51279
182652,NW-C-2671-26,2026-06-29,Shallow Depth Confirmed,Anticosti Vicinity Rivière-au-Renard,48.99897,-64.3909,,desc,b0045_0042.npz,0.963,0.99,31.3,-0.6,0.0,-0.6,2015,True,False,98.9,100.0,0.0,51279
181567,NW-C-2108-26,2026-06-03,Shallow Depth Confirmed,Pointe-des-Monts to Anticosti - south Vicinity Cap-Chat,49.09957,-66.68967,,desc,b0044_0041.npz,0.989,1.0,8.1,-2.4,0.0,-2.4,2015,True,False,100.0,100.0,0.0,90929
183030,NW-C-2903-26,2026-07-09,Shallow Depth Confirmed,Pointe-des-Monts to Anticosti - south Vicinity Sainte-Anne-des-Monts,49.16952,-66.37187,2.3,desc,b0044_0041.npz,0.954,0.985,19.6,-7.2,0.0,-7.2,2007,True,False,100.0,100.0,0.0,97632
181890,NW-N-0380-26,2026-06-11,Shallow Depth Reported,East Coast,48.64995,-53.12327,,desc,b0045_0046.npz,0.956,0.991,5.8,-13.8,0.0,-13.8,0,True,False,100.0,99.9,0.0,135772
181890,NW-N-0380-26,2026-06-11,Shallow Depth Reported,East Coast,48.64868,-53.11618,,desc,b0045_0046.npz,0.993,0.998,16.9,-3.6,0.0,-3.6,0,True,False,100.0,100.0,0.0,136284
181890,NW-N-0380-26,2026-06-11,Shallow Depth Reported,East Coast,48.64865,-53.11352,,desc,b0045_0046.npz,0.986,0.998,15.1,-0.6,0.0,-0.6,0,True,False,100.0,100.0,0.0,136718
181890,NW-N-0380-26,2026-06-11,Shallow Depth Reported,East Coast,48.65035,-53.11488,,desc,b0045_0046.npz,0.983,0.998,12.9,-2.1,0.0,-2.1,0,True,False,100.0,100.0,0.0,137048
181890,NW-N-0380-26,2026-06-11,Shallow Depth Reported,East Coast,48.6507,-53.11495,,desc,b0045_0046.npz,0.99,0.997,13.3,-1.8,0.0,-1.8,0,True,False,100.0,100.0,0.0,137322
181991,NW-N-0386-26,2026-06-13,Shallow Depth Reported,East Coast,48.51525,-53.07187,8.0,desc,b0045_0046.npz,0.979,0.994,9.6,-1.7,0.0,-1.7,0,True,False,99.9,100.0,0.0,119877
181991,NW-N-0386-26,2026-06-13,Shallow Depth Reported,East Coast,48.51457,-53.0698,6.0,desc,b0045_0046.npz,0.968,0.998,6.3,-6.8,0.14,-2.3,0,True,False,99.9,100.0,60.7,120381
181991,NW-N-0386-26,2026-06-13,Shallow Depth Reported,East Coast,48.51305,-53.07198,3.9,desc,b0045_0046.npz,0.972,0.994,10.2,-4.7,0.2,-0.3,0,True,False,99.9,100.0,59.1,119762
181991,NW-N-0386-26,2026-06-13,Shallow Depth Reported,East Coast,48.51292,-53.07002,2.4,desc,b0045_0046.npz,0.967,0.995,6.9,-7.4,0.29,-0.3,0,True,False,99.9,100.0,51.8,120309
181991,NW-N-0386-26,2026-06-13,Shallow Depth Reported,East Coast,48.50993,-53.06362,6.0,desc,b0045_0046.npz,0.966,0.999,6.5,-8.0,0.0,-8.0,0,True,False,99.9,100.0,0.0,121331
181991,NW-N-0386-26,2026-06-13,Shallow Depth Reported,East Coast,48.50967,-53.06238,5.4,desc,b0045_0046.npz,0.972,0.999,7.5,-9.1,0.0,-9.1,0,True,False,99.9,100.0,0.0,121609
181991,NW-N-0386-26,2026-06-13,Shallow Depth Reported,East Coast,48.51353,-53.05352,5.5,desc,b0045_0046.npz,0.982,0.997,9.1,-6.7,0.0,-6.7,0,True,False,99.9,100.0,0.0,123600
181991,NW-N-0386-26,2026-06-13,Shallow Depth Reported,East Coast,48.51272,-53.04413,8.2,desc,b0045_0046.npz,0.966,0.994,3.4,-11.9,0.0,-11.9,0,True,False,99.9,99.9,0.0,125335
183945,NW-N-0554-26,2026-08-03,Buoys Aids Cary Rock light buoy JK3 LL 442.75,East Coast,48.62833,-53.40083,,json,b0045_0046.npz,0.311,0.464,-18.8,-25.1,0.1,-18.1,0,True,True,92.8,99.1,67.8,113630
182219,NW-C-2441-26,2026-06-19,Shallow Depth Confirmed,St. Marys River,46.50082,-84.32703,,desc,b0046_0034.npz,0.877,0.925,30.7,-9.0,0.0,-9.0,0,True,False,7.0,19.7,0.0,31365
182219,NW-C-2441-26,2026-06-19,Shallow Depth Confirmed,St. Marys River,46.50077,-84.32685,,desc,b0046_0034.npz,0.877,0.925,30.7,-9.0,0.0,-9.0,0,True,False,7.0,19.7,0.0,31365
182219,NW-C-2441-26,2026-06-19,Shallow Depth Confirmed,St. Marys River,46.50073,-84.32688,,desc,b0046_0034.npz,0.877,0.925,30.7,-9.0,0.0,-9.0,0,True,False,7.0,19.7,0.0,31365
182219,NW-C-2441-26,2026-06-19,Shallow Depth Confirmed,St. Marys River,46.50077,-84.32707,8.3,desc,b0046_0034.npz,0.877,0.925,30.7,-9.0,0.0,-9.0,0,True,False,7.0,19.7,0.0,31365
182220,NW-C-2442-26,2026-06-19,Shallow Depth Confirmed,St. Marys River,46.49922,-84.3205,,desc,b0046_0034.npz,0.868,0.928,31.7,-8.9,0.0,-8.9,0,True,False,5.8,18.3,0.0,30964
182220,NW-C-2442-26,2026-06-19,Shallow Depth Confirmed,St. Marys River,46.49875,-84.3186,,desc,b0046_0034.npz,0.847,0.928,23.8,-9.0,0.0,-9.0,0,True,False,4.2,17.5,0.0,30881
182220,NW-C-2442-26,2026-06-19,Shallow Depth Confirmed,St. Marys River,46.4984,-84.31877,,desc,b0046_0034.npz,0.847,0.928,23.8,-9.0,0.0,-9.0,0,True,False,4.2,17.5,0.0,30881
182220,NW-C-2442-26,2026-06-19,Shallow Depth Confirmed,St. Marys River,46.49887,-84.32068,8.2,desc,b0046_0034.npz,0.863,0.928,29.0,-9.2,0.0,-9.2,0,True,False,5.3,16.7,0.0,30946
182221,NW-C-2443-26,2026-06-19,Shallow Depth Confirmed,St. Marys River,46.49945,-84.32122,,desc,b0046_0034.npz,0.874,0.928,27.5,-9.5,0.0,-9.5,0,True,False,6.5,17.0,0.0,31037
182221,NW-C-2443-26,2026-06-19,Shallow Depth Confirmed,St. Marys River,46.49882,-84.31857,,desc,b0046_0034.npz,0.847,0.928,23.8,-9.0,0.0,-9.0,0,True,False,4.2,17.5,0.0,30881
182221,NW-C-2443-26,2026-06-19,Shallow Depth Confirmed,St. Marys River,46.49875,-84.31858,,desc,b0046_0034.npz,0.847,0.928,23.8,-9.0,0.0,-9.0,0,True,False,4.2,17.5,0.0,30881
182221,NW-C-2443-26,2026-06-19,Shallow Depth Confirmed,St. Marys River,46.49938,-84.32125,7.8,desc,b0046_0034.npz,0.874,0.928,27.5,-9.5,0.0,-9.5,0,True,False,6.5,17.0,0.0,31037
182222,NW-C-2444-26,2026-06-19,Shallow Depth Confirmed,St. Marys River,46.49805,-84.31532,,desc,b0046_0034.npz,0.828,0.928,23.2,-8.2,0.0,-8.2,0,True,False,3.3,16.5,0.0,30642
182222,NW-C-2444-26,2026-06-19,Shallow Depth Confirmed,St. Marys River,46.49787,-84.3146,,desc,b0046_0034.npz,0.828,0.928,23.2,-8.2,0.0,-8.2,0,True,False,3.3,16.5,0.0,30642
182222,NW-C-2444-26,2026-06-19,Shallow Depth Confirmed,St. Marys River,46.49782,-84.31463,,desc,b0046_0034.npz,0.828,0.928,23.2,-8.2,0.0,-8.2,0,True,False,3.3,16.5,0.0,30642
182222,NW-C-2444-26,2026-06-19,Shallow Depth Confirmed,St. Marys River,46.498,-84.31535,7.8,desc,b0046_0034.npz,0.828,0.928,23.2,-8.2,0.0,-8.2,0,True,False,3.3,16.5,0.0,30642
182223,NW-C-2445-26,2026-06-19,Shallow Depth Confirmed,St. Marys River,46.4959,-84.30633,,desc,b0046_0034.npz,0.816,0.92,27.7,-8.2,0.0,-8.2,0,True,False,2.5,13.1,0.0,30095
182223,NW-C-2445-26,2026-06-19,Shallow Depth Confirmed,St. Marys River,46.49583,-84.30607,,desc,b0046_0034.npz,0.816,0.92,27.7,-8.2,0.0,-8.2,0,True,False,2.5,13.1,0.0,30095
182223,NW-C-2445-26,2026-06-19,Shallow Depth Confirmed,St. Marys River,46.49578,-84.30608,,desc,b0046_0034.npz,0.816,0.92,27.7,-8.2,0.0,-8.2,0,True,False,2.5,13.1,0.0,30095
182223,NW-C-2445-26,2026-06-19,Shallow Depth Confirmed,St. Marys River,46.49585,-84.30635,8.2,desc,b0046_0034.npz,0.816,0.92,27.7,-8.2,0.0,-8.2,0,True,False,2.5,13.1,0.0,30095
182370,NW-C-2506-26,2026-06-23,Shallow Depth Confirmed,St. Marys River,46.45553,-84.50195,,desc,b0046_0034.npz,0.804,0.958,2.0,-9.0,0.0,-9.0,0,True,False,3.5,53.8,0.0,37977
182370,NW-C-2506-26,2026-06-23,Shallow Depth Confirmed,St. Marys River,46.45553,-84.50192,,desc,b0046_0034.npz,0.804,0.958,2.0,-9.0,0.0,-9.0,0,True,False,3.5,53.8,0.0,37977
182370,NW-C-2506-26,2026-06-23,Shallow Depth Confirmed,St. Marys River,46.45552,-84.50192,,desc,b0046_0034.npz,0.804,0.958,2.0,-9.0,0.0,-9.0,0,True,False,3.5,53.8,0.0,37977
182370,NW-C-2506-26,2026-06-23,Shallow Depth Confirmed,St. Marys River,46.45552,-84.50193,6.7,desc,b0046_0034.npz,0.804,0.958,2.0,-9.0,0.0,-9.0,0,True,False,3.5,53.8,0.0,37977
182372,NW-C-2511-26,2026-06-23,Shallow Depth Confirmed,St. Marys River,46.45612,-84.48573,,desc,b0046_0034.npz,0.917,0.945,35.6,-9.0,0.0,-9.0,0,True,False,10.7,49.7,0.0,37237
182372,NW-C-2511-26,2026-06-23,Shallow Depth Confirmed,St. Marys River,46.45685,-84.4821,,desc,b0046_0034.npz,0.868,0.965,44.2,-9.2,0.0,-9.2,0,True,False,4.7,47.7,0.0,37081
182372,NW-C-2511-26,2026-06-23,Shallow Depth Confirmed,St. Marys River,46.45677,-84.48207,,desc,b0046_0034.npz,0.868,0.965,44.2,-9.2,0.0,-9.2,0,True,False,4.7,47.7,0.0,37081
182372,NW-C-2511-26,2026-06-23,Shallow Depth Confirmed,St. Marys River,46.45603,-84.4857,8.5,desc,b0046_0034.npz,0.917,0.945,35.6,-9.0,0.0,-9.0,0,True,False,10.7,49.7,0.0,37237
182373,NW-C-2507-26,2026-06-23,Shallow Depth Confirmed,St. Marys River,46.45703,-84.48172,,desc,b0046_0034.npz,0.868,0.965,44.2,-9.2,0.0,-9.2,0,True,False,4.7,47.7,0.0,37081
182373,NW-C-2507-26,2026-06-23,Shallow Depth Confirmed,St. Marys River,46.45778,-84.47793,,desc,b0046_0034.npz,0.849,0.975,56.0,-8.8,0.0,-8.8,0,True,False,4.3,47.8,0.0,36891
182373,NW-C-2507-26,2026-06-23,Shallow Depth Confirmed,St. Marys River,46.45765,-84.47787,,desc,b0046_0034.npz,0.849,0.975,56.0,-8.8,0.0,-8.8,0,True,False,4.3,47.8,0.0,36891
182373,NW-C-2507-26,2026-06-23,Shallow Depth Confirmed,St. Marys River,46.4569,-84.48167,7.9,desc,b0046_0034.npz,0.868,0.965,44.2,-9.2,0.0,-9.2,0,True,False,4.7,47.7,0.0,37081
182374,NW-C-2508-26,2026-06-23,Shallow Depth Confirmed,St. Marys River,46.4569,-84.48167,,desc,b0046_0034.npz,0.868,0.965,44.2,-9.2,0.0,-9.2,0,True,False,4.7,47.7,0.0,37081
182374,NW-C-2508-26,2026-06-23,Shallow Depth Confirmed,St. Marys River,46.45765,-84.47785,,desc,b0046_0034.npz,0.849,0.975,56.0,-8.8,0.0,-8.8,0,True,False,4.3,47.8,0.0,36891
182374,NW-C-2508-26,2026-06-23,Shallow Depth Confirmed,St. Marys River,46.4576,-84.47783,,desc,b0046_0034.npz,0.849,0.975,56.0,-8.8,0.0,-8.8,0,True,False,4.3,47.8,0.0,36891
182374,NW-C-2508-26,2026-06-23,Shallow Depth Confirmed,St. Marys River,46.45685,-84.48165,7.3,desc,b0046_0034.npz,0.868,0.965,44.2,-9.2,0.0,-9.2,0,True,False,4.7,47.7,0.0,37081
182375,NW-C-2510-26,2026-06-23,Shallow Depth Confirmed,St. Marys River,46.45898,-84.4882,,desc,b0046_0034.npz,0.879,0.954,11.6,-3.8,0.0,-3.8,0,True,False,5.1,52.6,0.0,37802
182375,NW-C-2510-26,2026-06-23,Shallow Depth Confirmed,St. Marys River,46.45985,-84.48383,,desc,b0046_0034.npz,0.939,0.975,18.3,-2.7,0.0,-2.7,0,True,False,21.3,51.7,0.0,37652
182375,NW-C-2510-26,2026-06-23,Shallow Depth Confirmed,St. Marys River,46.45978,-84.4838,,desc,b0046_0034.npz,0.939,0.975,18.3,-2.7,0.0,-2.7,0,True,False,21.3,51.7,0.0,37652
182375,NW-C-2510-26,2026-06-23,Shallow Depth Confirmed,St. Marys River,46.45892,-84.48817,7.9,desc,b0046_0034.npz,0.879,0.954,11.6,-3.8,0.0,-3.8,0,True,False,5.1,52.6,0.0,37802
182376,NW-C-2509-26,2026-06-23,Shallow Depth Confirmed,St. Marys River,46.45865,-84.4905,,desc,b0046_0034.npz,0.851,0.954,7.7,-3.8,0.0,-3.8,0,True,False,4.2,53.4,0.0,37977
182376,NW-C-2509-26,2026-06-23,Shallow Depth Confirmed,St. Marys River,46.46037,-84.48187,,desc,b0046_0034.npz,0.944,0.983,19.2,-1.9,0.0,-1.9,0,True,False,23.1,53.0,0.0,37694
182376,NW-C-2509-26,2026-06-23,Shallow Depth Confirmed,St. Marys River,46.46025,-84.48182,,desc,b0046_0034.npz,0.945,0.975,22.0,-3.2,0.0,-3.2,0,True,False,23.6,51.4,0.0,37554
182376,NW-C-2509-26,2026-06-23,Shallow Depth Confirmed,St. Marys River,46.45853,-84.49045,6.3,desc,b0046_0034.npz,0.851,0.954,7.7,-3.8,0.0,-3.8,0,True,False,4.2,53.4,0.0,37977
182377,NW-C-2512-26,2026-06-23,Shallow Depth Confirmed,St. Marys River,46.46047,-84.47185,,desc,b0046_0034.npz,0.861,0.994,59.0,-10.6,0.0,-10.6,0,True,False,4.6,45.1,0.0,36727
182377,NW-C-2512-26,2026-06-23,Shallow Depth Confirmed,St. Marys River,46.46198,-84.4683,,desc,b0046_0034.npz,0.838,0.994,60.7,-8.4,0.0,-8.4,0,True,False,4.2,46.5,0.0,36649
182377,NW-C-2512-26,2026-06-23,Shallow Depth Confirmed,St. Marys River,46.46182,-84.46815,,desc,b0046_0034.npz,0.838,0.994,60.7,-8.4,0.0,-8.4,0,True,False,4.2,46.5,0.0,36649
182377,NW-C-2512-26,2026-06-23,Shallow Depth Confirmed,St. Marys River,46.4603,-84.4717,7.8,desc,b0046_0034.npz,0.861,0.994,59.0,-10.6,0.0,-10.6,0,True,False,4.6,45.1,0.0,36727
182380,NW-C-2513-26,2026-06-23,Shallow Depth Confirmed,St. Marys River,46.46567,-84.47005,,desc,b0046_0034.npz,0.979,0.994,34.4,0.5,0.0,0.5,0,True,False,41.2,90.3,0.0,37306
182380,NW-C-2513-26,2026-06-23,Shallow Depth Confirmed,St. Marys River,46.4684,-84.46768,,desc,b0046_0034.npz,0.949,0.991,41.0,-1.1,0.0,-1.1,0,True,False,26.1,53.4,0.0,37450
182380,NW-C-2513-26,2026-06-23,Shallow Depth Confirmed,St. Marys River,46.46833,-84.46755,,desc,b0046_0034.npz,0.949,0.991,41.0,-1.1,0.0,-1.1,0,True,False,26.1,53.4,0.0,37450
182380,NW-C-2513-26,2026-06-23,Shallow Depth Confirmed,St. Marys River,46.4656,-84.4699,7.9,desc,b0046_0034.npz,0.979,0.994,34.4,0.5,0.0,0.5,0,True,False,41.2,90.3,0.0,37306
182381,NW-C-2514-26,2026-06-23,Shallow Depth Confirmed,St. Marys River,46.46535,-84.47045,,desc,b0046_0034.npz,0.979,0.994,34.4,0.5,0.0,0.5,0,True,False,41.2,90.3,0.0,37306
182381,NW-C-2514-26,2026-06-23,Shallow Depth Confirmed,St. Marys River,46.46858,-84.46765,,desc,b0046_0034.npz,0.949,0.991,41.0,-1.1,0.0,-1.1,0,True,False,26.1,53.4,0.0,37450
182381,NW-C-2514-26,2026-06-23,Shallow Depth Confirmed,St. Marys River,46.46855,-84.46755,,desc,b0046_0034.npz,0.949,0.991,41.0,-1.1,0.0,-1.1,0,True,False,26.1,53.4,0.0,37450
182381,NW-C-2514-26,2026-06-23,Shallow Depth Confirmed,St. Marys River,46.46532,-84.47035,7.4,desc,b0046_0034.npz,0.979,0.994,34.4,0.5,0.0,0.5,0,True,False,41.2,90.3,0.0,37306
182390,NW-C-2516-26,2026-06-23,Shallow Depth Confirmed,St. Marys River,46.46017,-84.47202,,desc,b0046_0034.npz,0.845,0.994,58.7,-8.6,0.0,-8.6,0,True,False,4.3,46.7,0.0,36706
182390,NW-C-2516-26,2026-06-23,Shallow Depth Confirmed,St. Marys River,46.46182,-84.46815,,desc,b0046_0034.npz,0.838,0.994,60.7,-8.4,0.0,-8.4,0,True,False,4.2,46.5,0.0,36649
182390,NW-C-2516-26,2026-06-23,Shallow Depth Confirmed,St. Marys River,46.46177,-84.4681,,desc,b0046_0034.npz,0.838,0.994,60.7,-8.4,0.0,-8.4,0,True,False,4.2,46.5,0.0,36649
182390,NW-C-2516-26,2026-06-23,Shallow Depth Confirmed,St. Marys River,46.46012,-84.47197,7.4,desc,b0046_0034.npz,0.845,0.994,58.7,-8.6,0.0,-8.6,0,True,False,4.3,46.7,0.0,36706
182455,NW-C-2554-26,2026-06-25,Shallow Depth Confirmed,St. Marys River,46.5019,-84.39317,,desc,b0046_0034.npz,0.969,0.983,31.5,-8.4,0.0,-8.4,0,True,False,42.2,35.2,0.0,33711
182455,NW-C-2554-26,2026-06-25,Shallow Depth Confirmed,St. Marys River,46.502,-84.39298,,desc,b0046_0034.npz,0.934,0.983,32.3,-6.1,0.0,-6.1,0,True,False,25.2,37.5,0.0,33726
182455,NW-C-2554-26,2026-06-25,Shallow Depth Confirmed,St. Marys River,46.50197,-84.39293,,desc,b0046_0034.npz,0.934,0.983,32.3,-6.1,0.0,-6.1,0,True,False,25.2,37.5,0.0,33726
182455,NW-C-2554-26,2026-06-25,Shallow Depth Confirmed,St. Marys River,46.50185,-84.39312,6.8,desc,b0046_0034.npz,0.969,0.983,31.5,-8.4,0.0,-8.4,0,True,False,42.2,35.2,0.0,33711
182456,NW-C-2555-26,2026-06-25,Shallow Depth Confirmed,St. Marys River,46.50143,-84.39462,,desc,b0046_0034.npz,0.929,0.983,28.8,-6.5,0.0,-6.5,0,True,False,22.0,37.4,0.0,33786
182456,NW-C-2555-26,2026-06-25,Shallow Depth Confirmed,St. Marys River,46.50165,-84.39335,,desc,b0046_0034.npz,0.969,0.983,31.5,-8.4,0.0,-8.4,0,True,False,42.2,35.2,0.0,33711
182456,NW-C-2555-26,2026-06-25,Shallow Depth Confirmed,St. Marys River,46.50153,-84.3933,,desc,b0046_0034.npz,0.969,0.983,31.5,-8.4,0.0,-8.4,0,True,False,42.2,35.2,0.0,33711
182456,NW-C-2555-26,2026-06-25,Shallow Depth Confirmed,St. Marys River,46.50132,-84.39458,8.3,desc,b0046_0034.npz,0.929,0.983,28.8,-6.5,0.0,-6.5,0,True,False,22.0,37.4,0.0,33786
182457,NW-C-2556-26,2026-06-25,Shallow Depth Confirmed,St. Marys River,46.50093,-84.39163,,desc,b0046_0034.npz,0.973,0.983,31.1,-8.7,0.0,-8.7,0,True,False,45.3,34.7,0.0,33615
182457,NW-C-2556-26,2026-06-25,Shallow Depth Confirmed,St. Marys River,46.50093,-84.3916,,desc,b0046_0034.npz,0.973,0.983,31.1,-8.7,0.0,-8.7,0,True,False,45.3,34.7,0.0,33615
182457,NW-C-2556-26,2026-06-25,Shallow Depth Confirmed,St. Marys River,46.5009,-84.39158,,desc,b0046_0034.npz,0.973,0.983,31.1,-8.7,0.0,-8.7,0,True,False,45.3,34.7,0.0,33615
182457,NW-C-2556-26,2026-06-25,Shallow Depth Confirmed,St. Marys River,46.5009,-84.39162,8.4,desc,b0046_0034.npz,0.973,0.983,31.1,-8.7,0.0,-8.7,0,True,False,45.3,34.7,0.0,33615
182458,NW-C-2557-26,2026-06-25,Shallow Depth Confirmed,St. Marys River,46.50053,-84.39452,,desc,b0046_0034.npz,0.964,0.983,29.6,-8.3,0.0,-8.3,0,True,False,39.1,35.9,0.0,33771
182458,NW-C-2557-26,2026-06-25,Shallow Depth Confirmed,St. Marys River,46.50057,-84.39437,,desc,b0046_0034.npz,0.964,0.983,29.6,-8.3,0.0,-8.3,0,True,False,39.1,35.9,0.0,33771
182458,NW-C-2557-26,2026-06-25,Shallow Depth Confirmed,St. Marys River,46.50037,-84.3943,,desc,b0046_0034.npz,0.964,0.983,29.6,-8.3,0.0,-8.3,0,True,False,39.1,35.9,0.0,33771
182458,NW-C-2557-26,2026-06-25,Shallow Depth Confirmed,St. Marys River,46.50035,-84.39445,8.4,desc,b0046_0034.npz,0.964,0.983,29.6,-8.3,0.0,-8.3,0,True,False,39.1,35.9,0.0,33771
182459,NW-C-2558-26,2026-06-25,Shallow Depth Confirmed,St. Marys River,46.5121,-84.37127,,desc,b0046_0034.npz,0.981,0.986,30.8,-7.2,0.0,-7.2,0,True,False,54.0,35.0,0.0,33320
182459,NW-C-2558-26,2026-06-25,Shallow Depth Confirmed,St. Marys River,46.51253,-84.36588,,desc,b0046_0034.npz,0.934,0.993,29.1,-3.1,0.0,-3.1,0,True,False,25.7,36.9,0.0,33300
182459,NW-C-2558-26,2026-06-25,Shallow Depth Confirmed,St. Marys River,46.51245,-84.36587,,desc,b0046_0034.npz,0.934,0.993,29.1,-3.1,0.0,-3.1,0,True,False,25.7,36.9,0.0,33300
182459,NW-C-2558-26,2026-06-25,Shallow Depth Confirmed,St. Marys River,46.51202,-84.37127,3.9,desc,b0046_0034.npz,0.981,0.986,30.8,-7.2,0.0,-7.2,0,True,False,54.0,35.0,0.0,33320
182460,NW-C-2559-26,2026-06-25,Shallow Depth Confirmed,St. Marys River,46.51253,-84.3665,,desc,b0046_0034.npz,0.952,0.987,33.0,-3.7,0.0,-3.7,0,True,False,34.0,37.1,0.0,33309
182460,NW-C-2559-26,2026-06-25,Shallow Depth Confirmed,St. Marys River,46.51255,-84.36647,,desc,b0046_0034.npz,0.952,0.987,33.0,-3.7,0.0,-3.7,0,True,False,34.0,37.1,0.0,33309
182460,NW-C-2559-26,2026-06-25,Shallow Depth Confirmed,St. Marys River,46.51252,-84.36647,,desc,b0046_0034.npz,0.952,0.987,33.0,-3.7,0.0,-3.7,0,True,False,34.0,37.1,0.0,33309
182460,NW-C-2559-26,2026-06-25,Shallow Depth Confirmed,St. Marys River,46.51252,-84.3665,6.7,desc,b0046_0034.npz,0.952,0.987,33.0,-3.7,0.0,-3.7,0,True,False,34.0,37.1,0.0,33309
182461,NW-C-2560-26,2026-06-25,Shallow Depth Confirmed,St. Marys River,46.51332,-84.36612,,desc,b0046_0034.npz,0.983,0.993,52.0,-1.9,0.0,-1.9,0,True,False,57.1,39.4,0.0,33299
182461,NW-C-2560-26,2026-06-25,Shallow Depth Confirmed,St. Marys River,46.51332,-84.36587,,desc,b0046_0034.npz,0.983,0.993,52.0,-1.9,0.0,-1.9,0,True,False,57.1,39.4,0.0,33299
182461,NW-C-2560-26,2026-06-25,Shallow Depth Confirmed,St. Marys River,46.51325,-84.36588,,desc,b0046_0034.npz,0.934,0.993,29.1,-3.1,0.0,-3.1,0,True,False,25.7,36.9,0.0,33300
182461,NW-C-2560-26,2026-06-25,Shallow Depth Confirmed,St. Marys River,46.51325,-84.36612,3.6,desc,b0046_0034.npz,0.934,0.993,29.1,-3.1,0.0,-3.1,0,True,False,25.7,36.9,0.0,33300
182462,NW-C-2561-26,2026-06-25,Shallow Depth Confirmed,St. Marys River,46.51335,-84.36895,,desc,b0046_0034.npz,0.971,0.992,44.4,-3.5,0.0,-3.5,0,True,False,44.6,37.4,0.0,33308
182462,NW-C-2561-26,2026-06-25,Shallow Depth Confirmed,St. Marys River,46.51333,-84.36758,,desc,b0046_0034.npz,0.977,0.992,47.3,-3.2,0.0,-3.2,0,True,False,50.5,37.3,0.0,33307
182462,NW-C-2561-26,2026-06-25,Shallow Depth Confirmed,St. Marys River,46.5132,-84.36758,,desc,b0046_0034.npz,0.952,0.987,33.0,-3.7,0.0,-3.7,0,True,False,34.0,37.1,0.0,33309
182462,NW-C-2561-26,2026-06-25,Shallow Depth Confirmed,St. Marys River,46.51322,-84.36895,4.7,desc,b0046_0034.npz,0.981,0.992,38.2,-4.8,0.0,-4.8,0,True,False,54.2,36.0,0.0,33311
182463,NW-C-2562-26,2026-06-25,Shallow Depth Confirmed,St. Marys River,46.51337,-84.37193,,desc,b0046_0034.npz,0.959,0.992,38.7,-7.9,0.0,-7.9,0,True,False,37.3,34.6,0.0,33288
182463,NW-C-2562-26,2026-06-25,Shallow Depth Confirmed,St. Marys River,46.51337,-84.37187,,desc,b0046_0034.npz,0.959,0.992,38.7,-7.9,0.0,-7.9,0,True,False,37.3,34.6,0.0,33288
182463,NW-C-2562-26,2026-06-25,Shallow Depth Confirmed,St. Marys River,46.51328,-84.37187,,desc,b0046_0034.npz,0.977,0.992,39.9,-7.8,0.0,-7.8,0,True,False,49.6,34.5,0.0,33297
182463,NW-C-2562-26,2026-06-25,Shallow Depth Confirmed,St. Marys River,46.51328,-84.37193,6.7,desc,b0046_0034.npz,0.977,0.992,39.9,-7.8,0.0,-7.8,0,True,False,49.6,34.5,0.0,33297
182464,NW-C-2563-26,2026-06-25,Shallow Depth Confirmed,St. Marys River,46.51133,-84.37643,,desc,b0046_0034.npz,0.944,0.981,29.2,-7.6,0.0,-7.6,0,True,False,30.4,34.8,0.0,33287
182464,NW-C-2563-26,2026-06-25,Shallow Depth Confirmed,St. Marys River,46.51162,-84.37597,,desc,b0046_0034.npz,0.932,0.986,37.3,-9.3,0.0,-9.3,0,True,False,24.5,32.7,0.0,33280
182464,NW-C-2563-26,2026-06-25,Shallow Depth Confirmed,St. Marys River,46.51155,-84.37588,,desc,b0046_0034.npz,0.932,0.986,37.3,-9.3,0.0,-9.3,0,True,False,24.5,32.7,0.0,33280
182464,NW-C-2563-26,2026-06-25,Shallow Depth Confirmed,St. Marys River,46.51128,-84.37637,7.1,desc,b0046_0034.npz,0.944,0.981,29.2,-7.6,0.0,-7.6,0,True,False,30.4,34.8,0.0,33287
182465,NW-C-2564-26,2026-06-25,Shallow Depth Confirmed,St. Marys River,46.50905,-84.38097,,desc,b0046_0034.npz,0.941,0.974,30.5,-10.7,0.0,-10.7,0,True,False,29.1,31.8,0.0,33317
182465,NW-C-2564-26,2026-06-25,Shallow Depth Confirmed,St. Marys River,46.50978,-84.37968,,desc,b0046_0034.npz,0.929,0.972,30.0,-12.1,0.0,-12.1,0,True,False,22.7,31.5,0.0,33305
182465,NW-C-2564-26,2026-06-25,Shallow Depth Confirmed,St. Marys River,46.50955,-84.3794,,desc,b0046_0034.npz,0.929,0.972,30.0,-12.1,0.0,-12.1,0,True,False,22.7,31.5,0.0,33305
182465,NW-C-2564-26,2026-06-25,Shallow Depth Confirmed,St. Marys River,46.50882,-84.38068,7.1,desc,b0046_0034.npz,0.941,0.974,30.5,-10.7,0.0,-10.7,0,True,False,29.1,31.8,0.0,33317
182466,NW-C-2565-26,2026-06-25,Shallow Depth Confirmed,St. Marys River,46.50378,-84.39063,,desc,b0046_0034.npz,0.957,0.983,34.6,-2.1,0.0,-2.1,0,True,False,35.7,41.4,0.0,33593
182466,NW-C-2565-26,2026-06-25,Shallow Depth Confirmed,St. Marys River,46.50417,-84.38995,,desc,b0046_0034.npz,0.942,0.983,44.7,-1.6,0.0,-1.6,0,True,False,29.4,43.0,0.0,33609
182466,NW-C-2565-26,2026-06-25,Shallow Depth Confirmed,St. Marys River,46.50388,-84.3896,,desc,b0046_0034.npz,0.942,0.983,44.7,-1.6,0.0,-1.6,0,True,False,29.4,43.0,0.0,33609
182466,NW-C-2565-26,2026-06-25,Shallow Depth Confirmed,St. Marys River,46.5035,-84.39028,6.9,desc,b0046_0034.npz,0.957,0.983,34.6,-2.1,0.0,-2.1,0,True,False,35.7,41.4,0.0,33593
182467,NW-C-2566-26,2026-06-25,Shallow Depth Confirmed,St. Marys River,46.50295,-84.392,,desc,b0046_0034.npz,0.913,0.983,33.7,-2.7,0.0,-2.7,0,True,False,13.1,39.7,0.0,33666
182467,NW-C-2566-26,2026-06-25,Shallow Depth Confirmed,St. Marys River,46.50312,-84.39172,,desc,b0046_0034.npz,0.913,0.983,33.7,-2.7,0.0,-2.7,0,True,False,13.1,39.7,0.0,33666
182467,NW-C-2566-26,2026-06-25,Shallow Depth Confirmed,St. Marys River,46.50282,-84.39135,,desc,b0046_0034.npz,0.972,0.983,33.6,-5.7,0.0,-5.7,0,True,False,44.8,37.6,0.0,33650
182467,NW-C-2566-26,2026-06-25,Shallow Depth Confirmed,St. Marys River,46.50265,-84.39163,6.9,desc,b0046_0034.npz,0.972,0.983,33.6,-5.7,0.0,-5.7,0,True,False,44.8,37.6,0.0,33650
182468,NW-C-2567-26,2026-06-25,Shallow Depth Confirmed,St. Marys River,46.50335,-84.3931,,desc,b0046_0034.npz,0.936,0.983,43.1,-3.2,0.0,-3.2,0,True,False,26.0,39.6,0.0,33747
182468,NW-C-2567-26,2026-06-25,Shallow Depth Confirmed,St. Marys River,46.50338,-84.39307,,desc,b0046_0034.npz,0.936,0.983,43.1,-3.2,0.0,-3.2,0,True,False,26.0,39.6,0.0,33747
182468,NW-C-2567-26,2026-06-25,Shallow Depth Confirmed,St. Marys River,46.50335,-84.39303,,desc,b0046_0034.npz,0.936,0.983,43.1,-3.2,0.0,-3.2,0,True,False,26.0,39.6,0.0,33747
182468,NW-C-2567-26,2026-06-25,Shallow Depth Confirmed,St. Marys River,46.50333,-84.39308,7.2,desc,b0046_0034.npz,0.936,0.983,43.1,-3.2,0.0,-3.2,0,True,False,26.0,39.6,0.0,33747
182469,NW-C-2568-26,2026-06-25,Shallow Depth Confirmed,St. Marys River,46.50075,-84.39863,,desc,b0046_0034.npz,0.932,0.973,32.5,-8.0,0.0,-8.0,0,True,False,23.4,36.9,0.0,34037
182469,NW-C-2568-26,2026-06-25,Shallow Depth Confirmed,St. Marys River,46.50098,-84.39727,,desc,b0046_0034.npz,0.934,0.974,28.4,-7.6,0.0,-7.6,0,True,False,24.7,36.9,0.0,33934
182469,NW-C-2568-26,2026-06-25,Shallow Depth Confirmed,St. Marys River,46.5006,-84.39713,,desc,b0046_0034.npz,0.934,0.974,28.4,-7.6,0.0,-7.6,0,True,False,24.7,36.9,0.0,33934
182469,NW-C-2568-26,2026-06-25,Shallow Depth Confirmed,St. Marys River,46.50037,-84.3985,7.9,desc,b0046_0034.npz,0.932,0.973,32.5,-8.0,0.0,-8.0,0,True,False,23.4,36.9,0.0,34037
182470,NW-C-2569-26,2026-06-25,Shallow Depth Confirmed,St. Marys River,46.49968,-84.4048,,desc,b0046_0034.npz,0.938,0.963,20.5,-6.7,0.0,-6.7,0,True,False,26.6,39.1,0.0,34501
182470,NW-C-2569-26,2026-06-25,Shallow Depth Confirmed,St. Marys River,46.49978,-84.40425,,desc,b0046_0034.npz,0.944,0.963,21.2,-6.1,0.0,-6.1,0,True,False,29.2,39.2,0.0,34411
182470,NW-C-2569-26,2026-06-25,Shallow Depth Confirmed,St. Marys River,46.49972,-84.40423,,desc,b0046_0034.npz,0.944,0.963,21.2,-6.1,0.0,-6.1,0,True,False,29.2,39.2,0.0,34411
182470,NW-C-2569-26,2026-06-25,Shallow Depth Confirmed,St. Marys River,46.49962,-84.40478,7.5,desc,b0046_0034.npz,0.938,0.963,20.5,-6.7,0.0,-6.7,0,True,False,26.6,39.1,0.0,34501
182629,NW-C-2661-26,2026-06-29,Shallow Depth Confirmed,St. Marys River,46.24217,-84.10708,,desc,b0046_0034.npz,0.819,0.96,114.6,-41.4,0.21,-7.5,2013,True,True,14.7,2.4,26.6,37006
182629,NW-C-2661-26,2026-06-29,Shallow Depth Confirmed,St. Marys River,46.2422,-84.10708,,desc,b0046_0034.npz,0.819,0.96,114.6,-41.4,0.21,-7.5,2013,True,True,14.7,2.4,26.6,37006
182629,NW-C-2661-26,2026-06-29,Shallow Depth Confirmed,St. Marys River,46.24218,-84.10705,,desc,b0046_0034.npz,0.819,0.96,114.6,-41.4,0.21,-7.5,2013,True,True,14.7,2.4,26.6,37006
182629,NW-C-2661-26,2026-06-29,Shallow Depth Confirmed,St. Marys River,46.24217,-84.10705,8.1,desc,b0046_0034.npz,0.819,0.96,114.6,-41.4,0.21,-7.5,2013,True,True,14.7,2.4,26.6,37006
182630,NW-C-2662-26,2026-06-29,Shallow Depth Confirmed,St. Marys River,46.24615,-84.10358,,desc,b0046_0034.npz,0.92,0.972,88.5,-1.8,0.0,-1.8,2013,True,False,41.9,15.5,0.0,37319
182630,NW-C-2662-26,2026-06-29,Shallow Depth Confirmed,St. Marys River,46.24617,-84.10358,,desc,b0046_0034.npz,0.92,0.972,88.5,-1.8,0.0,-1.8,2013,True,False,41.9,15.5,0.0,37319
182630,NW-C-2662-26,2026-06-29,Shallow Depth Confirmed,St. Marys River,46.24617,-84.10355,,desc,b0046_0034.npz,0.92,0.972,88.5,-1.8,0.0,-1.8,2013,True,False,41.9,15.5,0.0,37319
182630,NW-C-2662-26,2026-06-29,Shallow Depth Confirmed,St. Marys River,46.24613,-84.10355,6.3,desc,b0046_0034.npz,0.92,0.972,88.5,-1.8,0.0,-1.8,2013,True,False,41.9,15.5,0.0,37319
182631,NW-C-2666-26,2026-06-29,Shallow Depth Confirmed,St. Marys River,46.24662,-84.10365,,desc,b0046_0034.npz,0.92,0.972,88.5,-1.8,0.0,-1.8,2013,True,False,41.9,15.5,0.0,37319
182631,NW-C-2666-26,2026-06-29,Shallow Depth Confirmed,St. Marys River,46.24663,-84.10365,,desc,b0046_0034.npz,0.92,0.972,88.5,-1.8,0.0,-1.8,2013,True,False,41.9,15.5,0.0,37319
182631,NW-C-2666-26,2026-06-29,Shallow Depth Confirmed,St. Marys River,46.24663,-84.10362,,desc,b0046_0034.npz,0.92,0.972,88.5,-1.8,0.0,-1.8,2013,True,False,41.9,15.5,0.0,37319
182631,NW-C-2666-26,2026-06-29,Shallow Depth Confirmed,St. Marys River,46.24662,-84.10362,6.3,desc,b0046_0034.npz,0.92,0.972,88.5,-1.8,0.0,-1.8,2013,True,False,41.9,15.5,0.0,37319
182632,NW-C-2665-26,2026-06-29,Shallow Depth Confirmed,St. Marys River,46.24668,-84.10338,,desc,b0046_0034.npz,0.92,0.972,88.5,-1.8,0.0,-1.8,2013,True,False,41.9,15.5,0.0,37319
182632,NW-C-2665-26,2026-06-29,Shallow Depth Confirmed,St. Marys River,46.24698,-84.10327,,desc,b0046_0034.npz,0.972,0.972,93.2,-0.1,0.0,-0.1,2013,True,False,69.6,36.3,0.0,37429
182632,NW-C-2665-26,2026-06-29,Shallow Depth Confirmed,St. Marys River,46.24695,-84.1031,,desc,b0046_0034.npz,0.972,0.972,93.2,-0.1,0.0,-0.1,2013,True,False,69.6,36.3,0.0,37429
182632,NW-C-2665-26,2026-06-29,Shallow Depth Confirmed,St. Marys River,46.24665,-84.10323,6.2,desc,b0046_0034.npz,0.92,0.972,88.5,-1.8,0.0,-1.8,2013,True,False,41.9,15.5,0.0,37319
182633,NW-C-2664-26,2026-06-29,Shallow Depth Confirmed,St. Marys River,46.24733,-84.1032,,desc,b0046_0034.npz,0.972,0.972,93.2,-0.1,0.0,-0.1,2013,True,False,69.6,36.3,0.0,37429
182633,NW-C-2664-26,2026-06-29,Shallow Depth Confirmed,St. Marys River,46.2477,-84.10303,,desc,b0046_0034.npz,0.972,0.972,93.2,-0.1,0.0,-0.1,2013,True,False,69.6,36.3,0.0,37429
182633,NW-C-2664-26,2026-06-29,Shallow Depth Confirmed,St. Marys River,46.24765,-84.1028,,desc,b0046_0034.npz,0.972,0.972,93.2,-0.1,0.0,-0.1,2013,True,False,69.6,36.3,0.0,37429
182633,NW-C-2664-26,2026-06-29,Shallow Depth Confirmed,St. Marys River,46.24728,-84.10297,6.3,desc,b0046_0034.npz,0.972,0.972,93.2,-0.1,0.0,-0.1,2013,True,False,69.6,36.3,0.0,37429
182634,NW-C-2663-26,2026-06-29,Shallow Depth Confirmed,St. Marys River,46.24942,-84.10232,,desc,b0046_0034.npz,0.897,0.972,75.0,-0.6,0.0,-0.6,2013,True,False,32.0,30.9,0.0,37623
182634,NW-C-2663-26,2026-06-29,Shallow Depth Confirmed,St. Marys River,46.24943,-84.1023,,desc,b0046_0034.npz,0.897,0.972,75.0,-0.6,0.0,-0.6,2013,True,False,32.0,30.9,0.0,37623
182634,NW-C-2663-26,2026-06-29,Shallow Depth Confirmed,St. Marys River,46.24943,-84.10227,,desc,b0046_0034.npz,0.897,0.972,75.0,-0.6,0.0,-0.6,2013,True,False,32.0,30.9,0.0,37623
182634,NW-C-2663-26,2026-06-29,Shallow Depth Confirmed,St. Marys River,46.2494,-84.10228,6.3,desc,b0046_0034.npz,0.897,0.972,75.0,-0.6,0.0,-0.6,2013,True,False,32.0,30.9,0.0,37623
182692,NW-C-2683-26,2026-06-30,Shallow Depth Confirmed,St. Marys River,46.27693,-84.11592,,desc,b0046_0034.npz,0.69,0.913,85.4,-55.5,0.11,-4.2,2013,True,True,0.1,5.9,22.2,42474
182692,NW-C-2683-26,2026-06-30,Shallow Depth Confirmed,St. Marys River,46.27742,-84.11595,,desc,b0046_0034.npz,0.689,0.91,84.1,-4.2,0.0,-4.2,2013,True,False,0.1,5.9,0.0,42628
182692,NW-C-2683-26,2026-06-30,Shallow Depth Confirmed,St. Marys River,46.27742,-84.11595,,desc,b0046_0034.npz,0.689,0.91,84.1,-4.2,0.0,-4.2,2013,True,False,0.1,5.9,0.0,42628
182692,NW-C-2683-26,2026-06-30,Shallow Depth Confirmed,St. Marys River,46.27693,-84.1159,6.3,desc,b0046_0034.npz,0.69,0.913,85.4,-55.5,0.11,-4.2,2013,True,True,0.1,5.9,22.2,42474
182693,NW-C-2684-26,2026-06-30,Shallow Depth Confirmed,St. Marys River,46.26958,-84.11562,,desc,b0046_0034.npz,0.731,0.969,91.1,0.5,0.0,0.5,2013,True,False,0.5,60.8,0.0,41217
182693,NW-C-2684-26,2026-06-30,Shallow Depth Confirmed,St. Marys River,46.27077,-84.11572,,desc,b0046_0034.npz,0.717,0.942,87.5,0.3,0.0,0.3,2013,True,False,0.3,40.3,0.0,41548
182693,NW-C-2684-26,2026-06-30,Shallow Depth Confirmed,St. Marys River,46.2708,-84.11522,,desc,b0046_0034.npz,0.717,0.942,87.5,0.3,0.0,0.3,2013,True,False,0.3,40.3,0.0,41548
182693,NW-C-2684-26,2026-06-30,Shallow Depth Confirmed,St. Marys River,46.26962,-84.11512,8.3,desc,b0046_0034.npz,0.725,0.966,89.6,0.5,0.0,0.5,2013,True,False,0.4,76.9,0.0,41380
182694,NW-C-2685-26,2026-06-30,Shallow Depth Confirmed,St. Marys River,46.2681,-84.11395,,desc,b0046_0034.npz,0.827,0.942,79.9,0.1,0.0,0.1,2013,True,False,14.1,39.9,0.0,40995
182694,NW-C-2685-26,2026-06-30,Shallow Depth Confirmed,St. Marys River,46.2685,-84.11455,,desc,b0046_0034.npz,0.827,0.942,79.9,0.1,0.0,0.1,2013,True,False,14.1,39.9,0.0,40995
182694,NW-C-2685-26,2026-06-30,Shallow Depth Confirmed,St. Marys River,46.26852,-84.11453,,desc,b0046_0034.npz,0.827,0.942,79.9,0.1,0.0,0.1,2013,True,False,14.1,39.9,0.0,40995
182694,NW-C-2685-26,2026-06-30,Shallow Depth Confirmed,St. Marys River,46.26812,-84.11393,8.3,desc,b0046_0034.npz,0.827,0.942,79.9,0.1,0.0,0.1,2013,True,False,14.1,39.9,0.0,40995
182695,NW-C-2686-26,2026-06-30,Shallow Depth Confirmed,St. Marys River,46.26692,-84.11298,,desc,b0046_0034.npz,0.804,0.931,68.2,-3.0,0.0,-3.0,2013,True,False,11.4,10.3,0.0,40778
182695,NW-C-2686-26,2026-06-30,Shallow Depth Confirmed,St. Marys River,46.26708,-84.11322,,desc,b0046_0034.npz,0.804,0.931,68.2,-3.0,0.0,-3.0,2013,True,False,11.4,10.3,0.0,40778
182695,NW-C-2686-26,2026-06-30,Shallow Depth Confirmed,St. Marys River,46.26713,-84.11315,,desc,b0046_0034.npz,0.804,0.931,68.2,-3.0,0.0,-3.0,2013,True,False,11.4,10.3,0.0,40778
182695,NW-C-2686-26,2026-06-30,Shallow Depth Confirmed,St. Marys River,46.26697,-84.1129,8.4,desc,b0046_0034.npz,0.804,0.931,68.2,-3.0,0.0,-3.0,2013,True,False,11.4,10.3,0.0,40778
182698,NW-C-2689-26,2026-06-30,Shallow Depth Confirmed,St. Marys River,46.26528,-84.10793,,desc,b0046_0034.npz,0.857,0.941,48.2,-8.6,0.0,-8.6,2013,True,False,19.3,2.0,0.0,40225
182698,NW-C-2689-26,2026-06-30,Shallow Depth Confirmed,St. Marys River,46.26607,-84.10907,,desc,b0046_0034.npz,0.886,0.938,50.0,-7.9,0.0,-7.9,2013,True,False,26.3,2.4,0.0,40441
182698,NW-C-2689-26,2026-06-30,Shallow Depth Confirmed,St. Marys River,46.26635,-84.10868,,desc,b0046_0034.npz,0.886,0.938,50.0,-7.9,0.0,-7.9,2013,True,False,26.3,2.4,0.0,40441
182698,NW-C-2689-26,2026-06-30,Shallow Depth Confirmed,St. Marys River,46.26557,-84.10755,5.1,desc,b0046_0034.npz,0.857,0.941,48.2,-8.6,0.0,-8.6,2013,True,False,19.3,2.0,0.0,40225
182699,NW-C-2690-26,2026-06-30,Shallow Depth Confirmed,St. Marys River,46.26472,-84.10892,,desc,b0046_0034.npz,0.768,0.938,62.2,-0.6,0.0,-0.6,2013,True,False,4.3,27.7,0.0,40127
182699,NW-C-2690-26,2026-06-30,Shallow Depth Confirmed,St. Marys River,46.26482,-84.10905,,desc,b0046_0034.npz,0.768,0.938,62.2,-0.6,0.0,-0.6,2013,True,False,4.3,27.7,0.0,40127
182699,NW-C-2690-26,2026-06-30,Shallow Depth Confirmed,St. Marys River,46.26488,-84.10895,,desc,b0046_0034.npz,0.823,0.938,52.4,-4.7,0.0,-4.7,2013,True,False,13.9,5.8,0.0,40283
182699,NW-C-2690-26,2026-06-30,Shallow Depth Confirmed,St. Marys River,46.26478,-84.10882,8.4,desc,b0046_0034.npz,0.768,0.938,62.2,-0.6,0.0,-0.6,2013,True,False,4.3,27.7,0.0,40127
182700,NW-C-2691-26,2026-06-30,Shallow Depth Confirmed,St. Marys River,46.26278,-84.10372,,desc,b0046_0034.npz,0.903,0.963,66.1,-8.4,0.0,-8.4,2013,True,False,32.9,2.1,0.0,39597
182700,NW-C-2691-26,2026-06-30,Shallow Depth Confirmed,St. Marys River,46.26462,-84.10637,,desc,b0046_0034.npz,0.887,0.941,58.9,-7.5,0.0,-7.5,2013,True,False,26.9,2.6,0.0,40013
182700,NW-C-2691-26,2026-06-30,Shallow Depth Confirmed,St. Marys River,46.26473,-84.1062,,desc,b0046_0034.npz,0.887,0.941,58.9,-7.5,0.0,-7.5,2013,True,False,26.9,2.6,0.0,40013
182700,NW-C-2691-26,2026-06-30,Shallow Depth Confirmed,St. Marys River,46.2629,-84.10355,5.9,desc,b0046_0034.npz,0.903,0.963,66.1,-8.4,0.0,-8.4,2013,True,False,32.9,2.1,0.0,39597
182701,NW-C-2692-26,2026-06-30,Shallow Depth Confirmed,St. Marys River,46.26122,-84.10365,,desc,b0046_0034.npz,0.839,0.963,66.9,-4.7,0.0,-4.7,2013,True,False,16.7,5.8,0.0,39448
182701,NW-C-2692-26,2026-06-30,Shallow Depth Confirmed,St. Marys River,46.26123,-84.10368,,desc,b0046_0034.npz,0.839,0.963,66.9,-4.7,0.0,-4.7,2013,True,False,16.7,5.8,0.0,39448
182701,NW-C-2692-26,2026-06-30,Shallow Depth Confirmed,St. Marys River,46.26125,-84.10365,,desc,b0046_0034.npz,0.839,0.963,66.9,-4.7,0.0,-4.7,2013,True,False,16.7,5.8,0.0,39448
182701,NW-C-2692-26,2026-06-30,Shallow Depth Confirmed,St. Marys River,46.26123,-84.10363,8.3,desc,b0046_0034.npz,0.839,0.963,66.9,-4.7,0.0,-4.7,2013,True,False,16.7,5.8,0.0,39448
182702,NW-C-2693-26,2026-06-30,Shallow Depth Confirmed,St. Marys River,46.25935,-84.101,,desc,b0046_0034.npz,0.867,0.983,68.3,-7.4,0.0,-7.4,2013,True,False,21.9,2.5,0.0,39048
182702,NW-C-2693-26,2026-06-30,Shallow Depth Confirmed,St. Marys River,46.26083,-84.10313,,desc,b0046_0034.npz,0.776,0.963,72.6,-0.5,0.0,-0.5,2013,True,False,7.4,31.7,0.0,39301
182702,NW-C-2693-26,2026-06-30,Shallow Depth Confirmed,St. Marys River,46.26092,-84.10302,,desc,b0046_0034.npz,0.776,0.963,72.6,-0.5,0.0,-0.5,2013,True,False,7.4,31.7,0.0,39301
182702,NW-C-2693-26,2026-06-30,Shallow Depth Confirmed,St. Marys River,46.25943,-84.10088,7.2,desc,b0046_0034.npz,0.867,0.983,68.3,-7.4,0.0,-7.4,2013,True,False,21.9,2.5,0.0,39048
182711,NW-C-2704-26,2026-06-30,Shallow Depth Confirmed,St. Marys River,46.25743,-84.09858,,desc,b0046_0034.npz,0.833,0.983,67.6,-3.7,0.0,-3.7,2013,True,False,15.9,6.5,0.0,38710
182711,NW-C-2704-26,2026-06-30,Shallow Depth Confirmed,St. Marys River,46.25785,-84.09918,,desc,b0046_0034.npz,0.833,0.983,67.6,-3.7,0.0,-3.7,2013,True,False,15.9,6.5,0.0,38710
182711,NW-C-2704-26,2026-06-30,Shallow Depth Confirmed,St. Marys River,46.25797,-84.09903,,desc,b0046_0034.npz,0.833,0.983,67.6,-3.7,0.0,-3.7,2013,True,False,15.9,6.5,0.0,38710
182711,NW-C-2704-26,2026-06-30,Shallow Depth Confirmed,St. Marys River,46.25755,-84.09843,2.2,desc,b0046_0034.npz,0.833,0.983,67.6,-3.7,0.0,-3.7,2013,True,False,15.9,6.5,0.0,38710
182712,NW-C-2705-26,2026-06-30,Shallow Depth Confirmed,St. Marys River,46.25763,-84.09855,,desc,b0046_0034.npz,0.833,0.983,67.6,-3.7,0.0,-3.7,2013,True,False,15.9,6.5,0.0,38710
182712,NW-C-2705-26,2026-06-30,Shallow Depth Confirmed,St. Marys River,46.25862,-84.09998,,desc,b0046_0034.npz,0.859,0.983,80.0,-3.0,0.0,-3.0,2013,True,False,20.3,10.3,0.0,38902
182712,NW-C-2705-26,2026-06-30,Shallow Depth Confirmed,St. Marys River,46.25875,-84.09978,,desc,b0046_0034.npz,0.859,0.983,80.0,-3.0,0.0,-3.0,2013,True,False,20.3,10.3,0.0,38902
182712,NW-C-2705-26,2026-06-30,Shallow Depth Confirmed,St. Marys River,46.25777,-84.09835,2.7,desc,b0046_0034.npz,0.931,0.983,79.9,-8.5,0.0,-8.5,2013,True,False,46.4,2.1,0.0,38660
182714,NW-C-2706-26,2026-06-30,Shallow Depth Confirmed,St. Marys River,46.25803,-84.09875,,desc,b0046_0034.npz,0.833,0.983,67.6,-3.7,0.0,-3.7,2013,True,False,15.9,6.5,0.0,38710
182714,NW-C-2706-26,2026-06-30,Shallow Depth Confirmed,St. Marys River,46.25855,-84.0995,,desc,b0046_0034.npz,0.895,0.983,77.4,-6.8,0.0,-6.8,2013,True,False,30.3,4.1,0.0,38850
182714,NW-C-2706-26,2026-06-30,Shallow Depth Confirmed,St. Marys River,46.2587,-84.09932,,desc,b0046_0034.npz,0.895,0.983,77.4,-6.8,0.0,-6.8,2013,True,False,30.3,4.1,0.0,38850
182714,NW-C-2706-26,2026-06-30,Shallow Depth Confirmed,St. Marys River,46.25817,-84.09857,2.6,desc,b0046_0034.npz,0.833,0.983,67.6,-3.7,0.0,-3.7,2013,True,False,15.9,6.5,0.0,38710
182715,NW-C-2707-26,2026-06-30,Shallow Depth Confirmed,St. Marys River,46.25955,-84.10045,,desc,b0046_0034.npz,0.867,0.983,68.3,-7.4,0.0,-7.4,2013,True,False,21.9,2.5,0.0,39048
182715,NW-C-2707-26,2026-06-30,Shallow Depth Confirmed,St. Marys River,46.26168,-84.10257,,desc,b0046_0034.npz,0.839,0.963,66.9,-4.7,0.0,-4.7,2013,True,False,16.7,5.8,0.0,39448
182715,NW-C-2707-26,2026-06-30,Shallow Depth Confirmed,St. Marys River,46.26178,-84.10237,,desc,b0046_0034.npz,0.931,0.964,67.8,-8.5,0.0,-8.5,2013,True,False,46.1,2.1,0.0,39391
182715,NW-C-2707-26,2026-06-30,Shallow Depth Confirmed,St. Marys River,46.25963,-84.10025,3.1,desc,b0046_0034.npz,0.867,0.983,68.3,-7.4,0.0,-7.4,2013,True,False,21.9,2.5,0.0,39048
183029,NW-P-0914-26,2026-07-09,Uncharted Rock,Prince Rupert Harbour,54.33102,-130.44228,0.9,desc,b0041_0018.npz,0.985,1.0,11.0,2.1,0.0,2.1,2002,True,False,97.8,99.7,0.0,23037
183105,NW-P-0926-26,2026-07-12,Lights Aids Lord Rock (U.S.) LL 761,Southern Alaska,54.72578,-130.82034,,json,b0041_0017.npz,0.103,0.144,-125.4,-140.0,2.29,-181.0,,True,True,82.6,61.3,98.7,109656
183132,NW-C-2954-26,2026-07-13,Shallow Depth Confirmed,Lake Superior Vicinity Marathon,48.69273,-86.4301,8.9,desc,b0045_0034.npz,0.999,1.0,50.1,-34.1,0.1,-33.3,0,True,True,59.3,96.1,69.9,57354
183463,NW-C-3108-26,2026-07-22,Shallow Depth Confirmed,Lake Superior Vicinity Marathon,48.7106,-86.4548,26.4,desc,b0045_0034.npz,0.997,1.0,34.8,-63.8,0.1,-60.3,0,True,True,47.1,89.5,51.5,51989
183463,NW-C-3108-26,2026-07-22,Shallow Depth Confirmed,Lake Superior Vicinity Marathon,48.71237,-86.45015,40.1,desc,b0045_0034.npz,0.987,1.0,25.8,-62.3,0.0,-62.3,0,True,True,24.0,88.9,0.0,51551
183219,NW-N-0504-26,2026-07-15,Buoys Aids Man of War Rock light buoy H1 LL 290,South Labrador Coast,54.22215,-58.33422,,json,b0041_0044.npz,0.025,0.805,-20.2,-34.3,0.0,-34.3,0,True,True,65.1,72.0,0.0,15797
183773,NW-N-0540-26,2026-07-30,Buoys Aids Hatten Shoal light buoy NCH2 LL 284.8,South Labrador Coast,53.6581,-57.07345,,json,b0042_0044.npz,0.593,0.709,-1.8,-6.3,2.49,-6.9,,True,False,89.0,98.0,98.9,38256
183919,NW-A-0180-26,2026-08-02,Submerged Object,Beaufort Sea Shipping Safety Control Zone 12,69.4405,-132.9805,,desc,b0029_0017.npz,1.0,1.0,-1.9,-5.8,0.0,-5.8,0,True,False,,,,0
184344,NW-A-0210-26,2026-08-12,Sandspit or Sandbar Change,Shipping Safety Control Zone 13,72.88847,-80.52572,,desc,b0026_0036.npz,0.59,0.767,-5.8,-21.5,0.59,-37.7,,True,True,99.6,94.7,90.4,191123
184647,NW-A-0233-26,2026-08-21,Shallow Depth Confirmed,Shipping Safety Control Zone 8,66.92825,-81.44968,31.0,desc,b0032_0035.npz,0.257,0.369,-20.2,-34.2,0.42,-31.1,,True,True,98.2,89.7,86.7,232428
184805,NW-A-0249-26,2026-08-26,Shallow Depth Confirmed,Shipping Safety Control Zone 16,62.65603,-91.99383,,desc,b0036_0032.npz,0.835,0.873,-6.3,-12.5,0.0,-12.5,0,True,False,91.3,98.7,0.0,53199
184805,NW-A-0249-26,2026-08-26,Shallow Depth Confirmed,Shipping Safety Control Zone 16,62.68013,-91.74422,,desc,b0036_0032.npz,0.362,0.433,-11.9,-13.4,0.07,-16.2,0,True,False,93.3,96.4,62.8,111705
184805,NW-A-0249-26,2026-08-26,Shallow Depth Confirmed,Shipping Safety Control Zone 16,62.68015,-91.77547,,desc,b0036_0032.npz,0.133,0.239,-13.9,-11.2,0.21,-7.6,0,True,False,83.2,99.7,81.1,103967
184805,NW-A-0249-26,2026-08-26,Shallow Depth Confirmed,Shipping Safety Control Zone 16,62.6896,-91.93528,,desc,b0036_0032.npz,0.172,0.239,-18.6,-19.0,0.31,-9.1,0,True,False,81.6,99.5,90.2,56835
185000,NW-A-0261-26,2026-09-01,Shallow Depth Confirmed,Shipping Safety Control Zone 9,68.26908,-66.01773,,desc,b0031_0041.npz,0.483,0.732,-12.0,-16.5,0.17,-11.6,1955,True,False,94.3,96.9,35.8,349828
185000,NW-A-0261-26,2026-09-01,Shallow Depth Confirmed,Shipping Safety Control Zone 9,68.25985,-66.0182,,desc,b0031_0041.npz,0.847,0.991,-0.5,-4.1,0.0,-4.1,1955,True,False,99.2,99.6,0.0,347620
185000,NW-A-0261-26,2026-09-01,Shallow Depth Confirmed,Shipping Safety Control Zone 9,68.25488,-66.01885,,desc,b0031_0041.npz,0.928,0.991,3.0,-3.1,0.0,-3.1,1955,True,False,99.8,99.9,0.0,346503
185000,NW-A-0261-26,2026-09-01,Shallow Depth Confirmed,Shipping Safety Control Zone 9,68.2289,-65.79395,,desc,b0031_0041.npz,0.0,0.003,-101.1,-29.1,0.06,-22.0,1955,True,True,55.9,91.1,66.1,387661
185000,NW-A-0261-26,2026-09-01,Shallow Depth Confirmed,Shipping Safety Control Zone 9,68.21395,-65.7411,,desc,b0031_0041.npz,0.001,0.002,-151.9,-165.9,1.03,-266.2,,True,True,59.9,43.3,71.7,400333
185000,NW-A-0261-26,2026-09-01,Shallow Depth Confirmed,Shipping Safety Control Zone 9,68.21028,-65.71478,,desc,b0031_0041.npz,0.023,0.06,-92.6,-140.2,0.81,-142.6,,True,True,77.1,66.6,73.3,405576
185000,NW-A-0261-26,2026-09-01,Shallow Depth Confirmed,Shipping Safety Control Zone 9,68.21553,-65.69995,,desc,b0031_0041.npz,0.0,0.009,-70.1,-128.6,0.33,-142.6,,True,True,58.7,66.4,72.3,411095
185000,NW-A-0261-26,2026-09-01,Shallow Depth Confirmed,Shipping Safety Control Zone 9,68.21058,-65.73628,,desc,b0031_0041.npz,0.004,0.008,-132.2,-154.2,1.34,-155.5,,True,True,67.5,63.2,79.6,399695
185064,NW-N-0662-26,2026-09-04,Shallow Depth Reported,Lake Melville,53.35073,-60.36065,10.0,desc,b0042_0043.npz,0.99,1.0,0.3,-5.8,0.0,-5.8,2012,True,False,94.2,100.0,0.0,11291
185064,NW-N-0662-26,2026-09-04,Shallow Depth Reported,Lake Melville,53.35112,-60.36063,5.0,desc,b0042_0043.npz,0.99,1.0,0.3,-5.8,0.0,-5.8,2012,True,False,94.2,100.0,0.0,11291
185064,NW-N-0662-26,2026-09-04,Shallow Depth Reported,Lake Melville,53.35075,-60.34593,10.0,desc,b0042_0043.npz,1.0,1.0,4.2,-5.1,0.0,-5.1,2012,True,False,98.6,100.0,0.0,11510
185064,NW-N-0662-26,2026-09-04,Shallow Depth Reported,Lake Melville,53.35303,-60.34917,10.0,desc,b0042_0043.npz,1.0,1.0,3.7,-4.4,0.09,-0.7,2012,True,False,98.6,100.0,99.9,11521
185064,NW-N-0662-26,2026-09-04,Shallow Depth Reported,Lake Melville,53.35103,-60.34668,10.0,desc,b0042_0043.npz,0.999,1.0,3.6,-4.9,0.0,-4.9,2012,True,False,97.6,100.0,0.0,11483
185064,NW-N-0662-26,2026-09-04,Shallow Depth Reported,Lake Melville,53.34875,-60.36252,12.47,desc,b0042_0043.npz,1.0,1.0,2.5,-2.5,0.0,-2.5,2012,True,False,98.0,100.0,0.0,11249
